entity,pillar,title,url,source,date,demographics,wdl_mention,text_paragraph_1,text_paragraph_2,text_paragraph_3,has_text,is_google_link,rss_position,reach_score
Angola,Jobs & Employment,Independence and decolonization in Southern Africa,https://news.google.com/rss/articles/CBMioAFBVV95cUxQNTJsQzY0ak5Hd0FlSTZ0NUhxbXZRbnJMdjMyUnRHRjhnVUU3S3hNU3dOTG1keUwxdmZiVW9jYnoybTZCa2YyZFBfd2R0aHg0SjNkSFg4WGtsSTV0ZmdZbEh0cWs4MVFjdkNkM1B5RUR5OFpBelBCa0tDZm5mTXA3WUhJbzF5M1FZMnJvSktXNGdjcThBNjFoWmo3dTFoZFlF?oc=5,Britannica,2 Oct 2026,,no,,,,no,yes,0,8
Angola,Jobs & Employment,Catholic Sister in Angola Proposes “culture of encounter” to Combat Xenophobia in Africa,https://news.google.com/rss/articles/CBMiwAFBVV95cUxOTktpSG4xRTRGblpmT2N4SloxenZmd3B4VjlyTERPRHNWRTljeXBKUXJfUEU2b0JkanRRMTZEMmhvbFhmZjdSc0JoSnp0STdpdU9ld3MyLTJDSXdNemRMcE5DaWhpY2JlX256WWdYOWZRUl96THJISkdQOVZYcURwQU9aZGdTQUhQdjdSd2d4TkZwdlozclVhZVRaSDN2NnZsUTNvZDZ5S0RKQTJnUF90cG9mOFZma2w0RlNwRklPZF_SAcYBQVVfeXFMTk1GUjNibTA3ZVRnMDJPY0VTV093VVQzMC04Xzg0MGxsaXJ6cnBrRkNCMzN4TTVBNUlyX2RaMEI2SHFIdF9iMFNfc2ZaT0pUZHZtMk1OWWtxVkFPb0kteUthSnNHSzF0MzFXREZyM0xxX2pnTXFaaUVDWTcwOUJEeWhRcFU0MnpfNmljZGI4UnRhcUxGb29WYmhHaWdKME5xcWxxZ2YwYTdjYnhXNU4xalVkQmQzUHI3azJNcFA1UUg5MW52ZEZR?oc=5,ACI Africa,29 Sep 2026,,no,,,,no,yes,1,7
Angola,Jobs & Employment,Call for Refugee Integration and Self-Reliance Support Programme (Angola),https://news.google.com/rss/articles/CBMixAFBVV95cUxPcktwSHRlQW0zRUhpVlJKY29qc1pqSWIwZHF4UWhIMm80OUkyWHNtU2NEZVhfYnhxN2Y1bkgycTBSRUFyVThFUGxKN1RJa2NrT25OVGdJamFZYmhWcjNKMkpoUHpJY3lzcnJqcnhWd0Y4dG1aRnZYTGJndmFJV2RCOFFRUGVQenpoY3BTb2VqS2pLOXFId0pJbHVBNmpvQkpaQjBtN0g3QUtZbldOb1FkTU95S0thTlRfeHp6MHRHaVg0R2kx0gHKAUFVX3lxTE41b3d0MEo2NWRETFhzRDJKdnN0WVltc2F1VDRxcHBIRHZMS0xOTDBQTjRWMkxQcTdFZ2RaeHBZbl9uY3RhMWlaa196UERCdXJpWEVMQzVjOEpYaEE4UTVZTEdqZWN1ZkE5SklhT0hsdTlucU9FSmRBc0xicXJ4eE9vUHQtOFZzc0gtWkVXVHFjc1B6bnd3aGo3aGxEMmd1b0RsZURTNWRxOXdDalJGRnFmdDBydGRjaFo4NUtaVkJRTVlQQk5BbFZ6akE?oc=5,fundsforNGOs,2 Oct 2026,Refugees,no,,,,no,yes,2,6
Angola,Jobs & Employment,Flames kept waiting at airport in Angola,https://malawi24.com/2026/10/05/flames-kept-waiting-at-airport-in-angola/,Malawi24,5 Oct 2026,,no,,,,no,no,3,5
Angola,Jobs & Employment,Shirley Colleen Hacker,https://news.google.com/rss/articles/CBMiXEFVX3lxTE5zYlpYMVRxTHR2ZjVxcjhjLTh5T2VSdDhvSERJM0UtTGE0SVN3UnZxcWRBS2U2UmdlS3VKa0o3SkZDVG1OcjRGMnBFSVJYRC1WYzJLM3V6RDVhZEVq?oc=5,Hillsdale Daily News,29 Sep 2026,,no,,,,no,yes,4,4
Angola,Macroeconomy,FSDEA Angola: Investing in the Future,https://news.google.com/rss/articles/CBMitAFBVV95cUxNcmF5ODFZeHEtUTNhZ1NZZGprbFRNRHRIZjdkV0ZHMklkSHpLVk1RUlFmT1RUaUk3aEtpTFYzV0lkTnN5TGNwbFliUGdjaTJYcFRsdFhaR25oUHpsdW5MWWkxYnZ3VTJzTWR5LTVOcV9mSmZSQ0JqejFKdW5RVHJ2X3cybS1qS3QyRmh6aGN1WkJFX3VKdFExSk1raFFwQkxaYjNLSkJsa3VhRGM0ZTM3bWVTOWc?oc=5,BBC,5 Oct 2026,,no,,,,no,yes,0,15
Angola,Macroeconomy,How much foreign aid does the US provide to Angola?,https://news.google.com/rss/articles/CBMikAFBVV95cUxNOTNpNXplVEZjWUhzS1ZkTDdBYThJSElsekp5eVZaV3RoVVE0Wnc4c2UxanlXWG9UbmZFX1hiTjlhd182WC0yTnFHaGpEU0pBYi1EOTJwVFpNNHFFT1lPQ3RoQzQzd1RIVVB5TTQ1dnZjQ3ViOEl4SVpjdXpQMHV0NkRyQ08yNTBibV9WN2FxYW8?oc=5,USAFacts,29 Sep 2026,,no,,,,no,yes,1,7
Angola,Macroeconomy,"Tracking the ""America First"" Bilateral Health Agreements",https://www.thinkglobalhealth.org/article/tracking-the-america-first-bilateral-health-agreements,Think Global Health,29 Sep 2026,,no,,,,no,no,2,6
Angola,Macroeconomy,Top 10 Central Bank Interest Rates in Africa in 2026,https://news.google.com/rss/articles/CBMijgFBVV95cUxPOTZKRlBwYU56Q2RxVG81WWRERExCQWEzOEp6TWFWczMtOVV6Q3U4Ykc2NDREa2R5YWFCZU9wX05WUzJ4anM4SkV5ekFzMWtrYVBTNlJIcTA2bzR1QlNjdlQ5N2hnU2Q1Qkx3VHZmajNmLUhGT3BtQWExTzhfTm5MTEs4S3o2YkJyaDg5UHR3?oc=5,The African Exponent,4 Oct 2026,,no,,,,no,yes,4,4
Angola,Macroeconomy,"Abu Dhabi's L'imad to take full control of AD Ports' Egypt, Angola and Tanzania terminals by October 9",https://www.intellinews.com/abu-dhabi-s-l-imad-to-take-full-control-of-ad-ports-egypt-angola-and-tanzania-terminals-by-october-9-472980/?source=angola,intellinews.com,2 Oct 2026,,no,"Terminals in Egypt, Angola and Tanzania operated by AD Ports Group (ADX: ADPORTS) are due to pass into the full ownership of Abu Dhabi sovereign wealth fund L'imad Holding by October 9, as the fund prepares what Bloomberg reported is likely to be tens of billions of dollars of spending on ports outside the Strait of Hormuz.","Settlement of L'imad's buyout offer is expected no later than that date, AD Ports has said, after which the company will delist from the Abu Dhabi Securities Exchange on a date still to be confirmed. That will remove one of the Gulf's largest listed port operators from public markets and end the regular disclosure that came with the listing.","What follows is less clear. L'imad, chaired by Abu Dhabi Crown Prince Sheikh Khaled bin Mohamed Al Nahyan, has not announced a spending plan. Bloomberg , citing people familiar with the matter, said the outlay would go on new port infrastructure outside the strait under a United Arab Emirates (UAE) strategy the government calls ""Zero Hormuz"". Fujairah, on the Gulf of Oman, is expected to be the focus.",yes,no,5,5
Angola,Digital Economy,Ciena expands Latin American subsea footprint with Angola Cables project,https://news.google.com/rss/articles/CBMisAFBVV95cUxNRm9WV2pzd01PWGMwRVd5ZjRTWTNIUkcwbkdRMGNGTEFoUGpKZ0w4YnE0Wlp3Y3Q2R2FSMzAtMHNpblI5ZFI2YWtGOGdGOUg3TVk3d0k2eGFOMWpRcmZqZmZLdklEV3ZUQUJpVmplbmxzRFpvcjk5Rm5nTk9sQ0RvQmNxc0RDVUVDalMtSDZlTHY1bjA2UnZ2NzA5WGtGdWE0Ym5hNU8xNVZRRGdBNmYzTg?oc=5,bnamericas.com,29 Sep 2026,,no,,,,no,yes,0,8
Angola,Digital Economy,"Angola Cables boosts Monet, SACS capacity with Ciena technology",https://www.connectingafrica.com/connectivity/angola-cables-boosts-monet-sacs-capacity-with-ciena-technology,Connecting Africa,30 Sep 2026,,no,ICT solutions provider Angola Cables has upgraded capacity on its Monet and South Atlantic Cable System (SACS) subsea cable systems using optical technology from Ciena.,"Monet spans 10,556km between the US and Brazil, while SACS extends 6,165km between Brazil and Angola, with Brazil serving as a strategic interconnection point linking Africa and North America.","The upgrade is expected to enable Angola Cables to offer 800Gbit/s services on routes through Fortaleza and São Paulo, further enhancing transatlantic connectivity.",yes,no,1,9
Angola,Digital Economy,Angola Cables upgrades Monet and SACS subsea networks with Ciena,https://www.telecompaper.com/angola-cables-upgrades-monet-and-sacs-subsea-networks-with-ciena/,Telecompaper,29 Sep 2026,,no,,,,no,no,2,6
Angola,Digital Economy,"Angola, Kenya partner to strengthen ICT",https://www.connectingafrica.com/partnerships/angola-kenya-partner-to-strengthen-ict,Connecting Africa,3 Nov 2025,,no,"Kenya and Angola have signed a memorandum of understanding (MoU) to collaborate on technology advancement, satellite networks, ICT training, digital economy, rural connectivity, cybersecurity and digital literacy.",The MoU was signed on the sidelines of the Luanda Financing Summit held in Angola late last week.,"According to Kenya's Principal Secretary for the State Department for ICT and Digital Economy, John Tanui, the agreement was made between Kenya's Cabinet Secretary for National Treasury and Planning, John Mbadi, Angola's Minister of Telecommunications, Information Technologies and Social Communication, Mário Augusto da Silva Oliveira, and Kenya's Ambassador to Angola, Joyce Khasimwa M'maitsi, to expedite Kenya-Angola ICT cooperation.",yes,no,3,7
Angola,Digital Economy,ZAWYA: British banks’ exit from Africa fuels 31 mergers in Comesa bloc,https://news.google.com/rss/articles/CBMi3AFBVV95cUxPdjZrbEFDNzRMaEZLS0toZkJ4OU5EUVBoVXRMc2RkajRvY0ZVSlRLY1RLS1pYbVp0Vzd6djF1d29PbzI4NVdIcjduUVZLRDQtaUhnMWpSay1OYm9nUmNxSXdVRkd0ZFJxS0M2LTd0VEFJQzB4UWJSZlJBUHpSQUxzQnlYRUhjeUtBMG53M1ZWOXVST1Q2OWdXM3N5ZHdiX3F5YzlURlZsbWZzVWdQOGdEUmxYelhlYWNiOHdSUkVvQzM2dVdmNGFuRVlGVTNsaXFsdDloeUFZVW5qWFdR?oc=5,TradingView,2 Oct 2026,,no,,,,no,yes,4,4
Angola,Governance,Angola: Opposition Calls For Oversight Of 2027 Elections,https://www.genocidewatch.com/single-post/angola-opposition-calls-for-oversight-of-2027-elections,Genocide Watch,30 Sep 2026,,no,,,,no,no,0,8
Angola,Governance,Apply for Strengthening Refugee Protection Laws and Policies (Angola),https://news.google.com/rss/articles/CBMiwgFBVV95cUxOOWZVNXFwcEVTSzRQYW9LZzk2WnBmU0hBRENWT3RHT0ZhZnd1cnk2aU1FRzV5WC1fZ3RibFBlOHk1amcwVW9xZHpTS0EycWhhVkY4ajZ3VmQ5elMtd29lc3JwY0hseFRTZm5fMmhOZm1oY2Zyb0haRGZ2WWN3R192WVlIMmhQWHhETGtyV19KWjEtUEFsQlE3YWZrVl92dVl4dC0xWXlUYU82R3ozWlRyck5TUDl1dGJNTVQ5ZzZYYU92UdIBxwFBVV95cUxPbXd5QW9Gdjdva3BOanhUMnJnUERjUll4b1I3QVVqaE15eTlCaXZXNVlveE9mc3RtXzRhNnhGSXBDM0F6SDl1emVzelBuNW4yUWVjeFNyQktSSVluUUJVY2tzWHhLdVo3RGtsMldQaFFDU01hdTJTUEpvTDh2QkJybllTQW9RMmZRQ2JxcGVKYU5JWm0wdE1DVFJuYmJWaFM1Y3ktcl9uY3pxZ3JEbVBTNDUtaERYbW4wdmcxOXZkLS05SVRJT0dR?oc=5,fundsforNGOs,29 Sep 2026,Refugees,no,,,,no,yes,2,6
Angola,Governance,Angola Cables upgrades atlantic network as AI reshapes global data demand,https://news.google.com/rss/articles/CBMitwFBVV95cUxOQ3ZURHptemVrRHIzbnI1bW0zR3FWSWZ0NC1neFVoRTlON01yaFZ4a0ZZd2pyM2ZYUDFaMXVyUkltSWY2MTE5OFptVnhTU0xBUmJUUkhaWG5aYnVyYkJsZE9FeVJOZ3p4VXA5VHdjeWhaRUlVcXoydG51Uk1oNGJsUkFsRVNWR3hhU2VyQUVHOHVRckppcTlJSXJwVjNhM0N1Sy1mSVVqMXZ1Uzl0SXFPOFcwbWZMVUE?oc=5,Business News Nigeria,4 Oct 2026,,no,,,,no,yes,3,5
Angola,Governance,ANALYSIS | To regulate or not to regulate? Experts split on how to rein in opinion polls,https://news.google.com/rss/articles/CBMi1wFBVV95cUxOZjQxSFdNcTFLMmRzZEdWMzRReG9CQ3BrNjdoOFFpU1hOQ3BEa3A5Yjg0LXByd3pyU0dXRnNDVUhhZHdLRXBENE5uRGVOYmUxS3VsbU12TnNJZjRkd2tnMXdPX0dwbmVqX1BKNl9mcU11U1Z6Y2VuZURNdDIxMjZPdlRhLTF5bnRYUDIycGpYcUhNcFM4NkpoS0FoVXZ4UFhubUo2UU9NdjNOUUVqWkJHVXdYSTlYbk5vaUFGbXdzWkZtczNKLS1XLXp0WGUwSW5CUi0zYmNNNA?oc=5,news24.com,30 Sep 2026,,no,,,,no,yes,4,4
Angola,Governance,"Botswana - Wildlife, Economy, Democracy",https://news.google.com/rss/articles/CBMieEFVX3lxTFBOSzBxcTBZSjlkeHd2SzhKc0stYktGY0ZpVk5KNEE0WmlleGhWTzEyRHNHWmNYRDRBQk51c3NtMzNKWmF0Q25hQThOTWJMRncxaVc5LU5SYWoxMUlNbEtsanBFYXFOVmszX3YxV21oZ2NEaGVPelNuRQ?oc=5,Britannica,2 Oct 2026,,no,,,,no,yes,5,3
Angola,Agrifood & Climate,Brazil Built A Farming Superpower In 50 Years. Angola And Mozambique Want To Do It Faster.,https://news.google.com/rss/articles/CBMi3wFBVV95cUxPSFVfTjBZa3daWHFOeTBtRWxZZXlJNjZGNlFzZVNmcFhFQzkyempNc3RiR0lKOXAzRk5HVnN1bDlPMGUxcmZvMDIyek1LY19WbkxIZHZXYVdURGdRaERrRm1WUlFldzF4cXRtc1RmanVVOUJDMTRTMmh1MmFUZk9qVFdRbVpRVFktWjQ4WUJ6dlZGelh6RlVyd0pGaTNjcS1KbmxqVVNCS3FCeV9na3BUTEd0ZUEyMHZQdTNPSDBWVEdQM08weVhXUXF2OEw0RVhFcmRheXZTUFFSdF9UUlQ4?oc=5,Forbes Africa,5 Oct 2026,,no,,,,no,yes,1,7
Angola,Agrifood & Climate,Business with Angolans,https://www.aginfo.net/business-with-angolans,AG INFORMATION NETWORK OF THE WEST,2 Oct 2026,,no,,,,no,no,2,6
Angola,Agrifood & Climate,"De Beers, National Geographic Society Renew Okavango Eternal Partnership",https://nationaljeweler.com/articles/15377-de-beers-national-geographic-society-renew-okavango-eternal-partnership,nationaljeweler.com,2 Oct 2026,,no,"De Beers, National Geographic Society Renew Okavango Eternal Partnership","The new facility, its first outside of Thailand, will boost its manufacturing capacity by 50 percent.","The special-edition “Dream” pendant, our Piece of the Week, was created to mark Hearts On Fire’s 30-year milestone with 30 diamonds.",yes,no,3,7
Angola,Agrifood & Climate,Innovate Today. Nourish Tomorrow. Event in Angola,https://www.fao.org/world-food-day/en,Food and Agriculture Organization,1 Oct 2026,,no,"Across the world, people are unleashing their creativity and raising awareness about World Food Day. From  marathons and hunger marches to  exhibitions, cultural performances, contests, and concerts, people in nearly 150 countries join together in response to the global call for action. NGOs, journalists, governments, cities, civil society organizations, and individuals, including youth, seize this opportunity to unite and inspire meaningful change.",Check out the wide variety of events taking place and discover the World Food Day Friends that lending their voices to show support!,,yes,no,4,6
Angola,Agrifood & Climate,Seychelles: Rwanda and Angola targeted to expand economic exchanges,https://www.capmad.com/article/seychelles-rwanda-and-angola-targeted-to-expand-economic-exchanges/,Capmad,1 Oct 2026,,no,,,,no,no,5,3
Angola,Workforce & Human Capital,Angola High School (IN) Soccer,https://news.google.com/rss/articles/CBMiaEFVX3lxTFBXRU1WY3V6cVc3bXg0TmRuLWUxR0EzQnlpNlJVcEgzOHZsNi1jbG9fdDRzR0NmWUxGQm9EQThJM3pKclh2ODhFSENBM1hSVUZxbk5vSDBiTmZEZ1dpT1lfdHA5RkN5bWxN?oc=5,MaxPreps,30 Sep 2026,,no,,,,no,yes,0,8
Angola,Workforce & Human Capital,"Lake Shore High School (Angola, NY) Soccer",https://news.google.com/rss/articles/CBMibEFVX3lxTE5qNzliVkNXMWdCeHZEa01NckFnUVdVV3JDV0JXQXMzWno0MXQyYXN1Ym5hMFVCZEprVHJxdXBrLWQydFJMM3F1akhEWTFqTnA2TEhQcy02QkpONFpiTV93U0NGQ3lfSXczc0ZwNQ?oc=5,MaxPreps,2 Oct 2026,,no,,,,no,yes,3,5
Angola,Workforce & Human Capital,"Leo vs Angola Girls Volleyball - Sep 26, 2026",https://news.google.com/rss/articles/CBMiiwFBVV95cUxOMENtWGo3bVlpNWx4RjF2aUxaQVFLQXZsbEdkN1o0UHNnS0RKS1hhcXpncDdfcXR3cnVJOEJUTVBxaENET2l0TUIybUtOYUowa1ZkME94ZDZKVi15X0U0Nkg5TzJJQ2lGQkR5eHZjeHluRF9ScHFWRDlZVDVkSFNTS20zNjBSYlBteFRr?oc=5,Sports Illustrated,28 Sep 2026,,no,,,,no,yes,5,3
Angola,Workforce & Human Capital,Catholic Bishop in Angola Challenges Pastoral Agents to Make Parishes Spaces for Legal Awareness,https://www.aciafrica.org/news/24449/catholic-bishop-in-angola-challenges-pastoral-agents-to-make-parishes-spaces-for-legal-awareness,ACI Africa,2 Oct 2026,,no,"Bishop Belmiro Cuica Chissengueti of the Catholic Diocese of Cabinda has called on pastoral agents to promote legal awareness among Catholics and communities, urging the Church to help people understand their rights, duties, and the legal avenues available to address everyday challenges.","Speaking on Wednesday, September 30, during a meeting with Pastoral Agents at the Holy Spirit Parish of his Episcopal See, Bishop Chissengueti said the Pastoral Ministry for Justice and Peace and Integrity of Creation has an important role to play in helping citizens become more familiar with the law.","“One of the main tasks of the Pastoral Ministry for Justice and Peace is to raise the level of citizens’ legal awareness. This work should be taken to parishes and to the different groups and movements existing in the Church,” the Angolan Catholic Bishop said.",yes,no,7,5
Angola,Workforce & Human Capital,Angola High School (IN) JV Soccer,https://news.google.com/rss/articles/CBMibEFVX3lxTE82UFI1bzVMUC1Kc2lkVEtaZWhYeVBiWldqUzRucmp3M1ltZnVnUjg1R2pncDFqZGcyYTlGX0NXamZrQ1RWcmhQMzJoa0tHWVE1bk02NURjSERqRjAyTUhoQmxscmg5NmNpVWRmZQ?oc=5,MaxPreps,29 Sep 2026,,no,,,,no,yes,8,3
Côte d'Ivoire,Jobs & Employment,Côte d’Ivoire’s Houphouët-Boigny Stadium shows creative infrastructure can pay,https://african.business/c%C3%B4te-divoires-houphou%C3%ABt-boigny-stadium-shows-creative-infrastructure-can-pay/,African Business,30 Sep 2026,,no,,,,no,no,0,8
Côte d'Ivoire,Jobs & Employment,Borr Drilling’s rig trio lines up jobs in Africa and Europe,https://www.offshore-energy.biz/2026/10/01/borr-drillings-rig-trio-lines-up-jobs-in-africa-and-europe,Offshore Energy,1 Oct 2026,,no,,,,no,no,1,7
Côte d'Ivoire,Jobs & Employment,Call for Proposals: AgrEcoNUS+/LEAP — Enhancing Agroecological NUS Value Chains in Ghana and Côte d’Ivoire,https://news.google.com/rss/articles/CBMirwFBVV95cUxNVzlYNmtjajJzanpqVFdLbmtHdTI1VkxiSTdRbzJHNmQ3bWxpT01lbkZYTFJueDA1YjViSUdWSWhZakE2ODBrS2JNVWxLclZycm11a3FnNjgxWXlKN1JUWERmQkxOTWd1dUYzcDNmd2NRUWN1R1hrYWRSdGF2aVo5eHJrMGx4TDc5ZVhZUkh5WnZ2dXJISTZhV29OazNJclZ4YTMwZ3VmWm5Ia3I0UHF30gG0AUFVX3lxTE5mU1pON1lNekJGV1RJZzRDRk13MURZSllVeWkyQnZLZG1xT3VTN0lUb25NQnRwLV9WU3U4T1BfZWp1Ml9UdE81SWxEcEI3VUVPRnN3dnc0djlrb1k4SVJ6c09YTldsSXlVSjRLWTJQZjlmWm1HUU9YTE9xblphOFc0bzhUSzQyQ25jUVU4dWlJaVBiSjBmUkJuLU9tbXlycVhNbEJUR0tRZi12WnFzMVN2aG4tXw?oc=5,fundsforNGOs,5 Oct 2026,,no,,,,no,yes,2,6
Côte d'Ivoire,Jobs & Employment,Citi Foundation 2026: $500K Grants for Youth AI Programs,https://news.google.com/rss/articles/CBMilAFBVV95cUxQaUZoclpOeGxnT1Nod1RQRnpWMmN0dmM5V3FCcjV1b1pSUVpvaGl5Y1dKSVpEd3BGVFYtR3BQNkVKWC0ybXhySEhSWWUyN0dsYlZhUFRMYXdLZkZ6b3dzd0hPLUpOdERvaGtwZk9QOE1UNzNkbzY3NDhMejFhWnNMcmpSc2szLTlsOG1QM2trRUx2TjVP?oc=5,Menterprise Africa,2 Oct 2026,Youth,no,,,,no,yes,3,5
Côte d'Ivoire,Jobs & Employment,Mali: African Development Bank and business leaders strengthen dialogue to improve private sector access to financing,https://www.afdb.org/en/news-and-events/press-releases/african-development-bank-president-secures-eu270-million-financing-agreement-expand-moroccos-airport-infrastructure-97171,African Development Bank Group,2 Oct 2026,,no,,,,no,no,4,4
Côte d'Ivoire,Macroeconomy,Africa’s Top 100 Banks 2026: the full list and our analysis,https://african.business/africas-top-100-banks-2026-the-full-list-and-our-analysis/,African Business,5 Oct 2026,,no,,,,no,no,0,8
Côte d'Ivoire,Macroeconomy,Blue economy: Abidjan seeks to close the data gap,https://www.capmad.com/post/blue-economy-abidjan-seeks-to-close-the-data-gap,Capmad,1 Oct 2026,,no,,,,no,no,1,7
Côte d'Ivoire,Macroeconomy,Africa: Solid growth amid investment challenges [Business Africa],https://www.africanews.com/2026/10/01/africa-solid-growth-amid-investment-challenges-business-africa/,africanews.com,1 Oct 2026,,no,,,,no,no,3,9
Côte d'Ivoire,Macroeconomy,How much foreign aid does the US provide to Senegal?,https://news.google.com/rss/articles/CBMikgFBVV95cUxNaWZCM0FfX1VzRmNPRkZwQ3RrMlRVOUNYV0M5NXN2LUdDSGpoVFhmUVlKOW5sTXZ3ZkkwdGZxcFVmRWlxUnY1bi1iY3YxalFweWhrdHZMWGgxempIZzVxZTgtZjFXS1JGSU1uQ0ZRclloY2F0XzB3bDBRWlRQbWMtMnFiZFBScmJMRldFRVNKYXFDQQ?oc=5,USAFacts,29 Sep 2026,,no,,,,no,yes,4,4
Côte d'Ivoire,Macroeconomy,"Côte d’Ivoire - Disputed Election, Political Standoff",https://news.google.com/rss/articles/CBMiqAFBVV95cUxPdUREWTlUNFFwcUlWM0pXUE5kdnlPejJzQ2NrcUNyV0lDcXhfS3lOSWd3eTFpUFYzTlJRZU82bUprdEFmb0dGT3g0cWtiZkhHQURpUjhrS0QtclFBSHMzb1V0aERWNGNjVDJMTnF2MS16UUVMQzloSGRKN1BvbEhMUmFoQXUzWmlxVDVHd21tWHpxcEIzOGx4NzF2Z0xkNHhjYnQ2UXk3TmE?oc=5,Britannica,2 Oct 2026,,no,,,,no,yes,5,3
Côte d'Ivoire,Digital Economy,Côte d’Ivoire’s ARTCI strengthens digital regulation expertise at regional workshop in Cameroon,https://techreviewafrica.com/news/7557/cote-divoires-artci-strengthens-digital-regulation-expertise-at-regional-workshop-in-cameroon,Tech Review Africa,3 Oct 2026,,no,,,,no,no,0,8
Côte d'Ivoire,Digital Economy,Embedded Finance Hits $617bn: Inclusion Takes Centre Stage,https://news.google.com/rss/articles/CBMi1AFBVV95cUxPc2NwaG1hQ3pmczFtb1ZmRDZFaEl0TVMxandnMUJDM24zb3g1QjVKY01DWWNLRmlrMEcwSDhKeDZsMG0wZGVvT25ZOHZKOHFPTXJVOGJ6d0Uxd2tudnBfQkhxV0JzX0lKWmVuTnNxR0F1RlNKcXJ2YW50NHNVa0ZYdDdfeVVZSnc0QWNxcW5GVjRQOEc3VGgtalliSjBGODhDRmY0QWtGTTJDQUVuOExZdVZ0Nzl0empaWmlyb2NydkFsSkNZUmNGYm9teXo3UWNPNVhHSQ?oc=5,FinanceX Magazine,30 Sep 2026,,no,,,,no,yes,1,7
Côte d'Ivoire,Digital Economy,Madagascar billionaire Hassanein Hiridjee expands Senegal data center to meet AI demand,https://www.billionaires.africa/2026/10/03/madagascar-billionaire-hassanein-hiridjee-expands-senegal-data-center-to-meet-ai-demand/,Billionaires.Africa,4 Oct 2026,,no,,,,no,no,2,6
Côte d'Ivoire,Digital Economy,Fintech Unicorn Wave Caves to Regulators as BCEAO Holds Firm on West Africa’s Payment Deadline,https://launchbaseafrica.com/2026/10/01/fintech-unicorn-wave-caves-to-regulators-as-bceao-refuses-to-blink-on-west-africas-payment-deadline/,launchbaseafrica.com,1 Oct 2026,,no,,,,no,no,3,5
Côte d'Ivoire,Digital Economy,Grey expands African payout network as cross-border payments demand grows,https://news.google.com/rss/articles/CBMisgFBVV95cUxPSjVOUmRuU0d3NGFDY2h4VXNqaVV6YXlaUWJDaHpMVG5qaXFDSWJEVnlIY0RMbjI1dWRucUdVMXN3aklveXdVSkxYeHNhX3VIVVlzd2tiUjZEZmhYbTF3QnkzcDRRUjdPQmQyT1JaUlJaRlFjaWtNUm9zMnpXOEhUQ3RGNnpkTDFCbS12UWpxelVDakdHU0tJcG0zQkw3aUtQeW9ycFdPZ2ZPUXA5YVJCcGZ30gG3AUFVX3lxTFBfSnBtZ2MzS29Cc0RrZUlseUh4SDI2WXRRV1dBa1lLQXUwb1lWb3RZdktfeUc2MmpwcXV5RkJyUXU1Nk1yVkxxZDY0eXNYRDZWTGtEb2g1VjVwY1dkRndJMVFVem1neDdsN3JjWW9nLXFxQzFFVjczVEYyWHM1NVh3Qk05SWpUVUE2OUkwWnFLQzRRaHo4Y3UzeFYzRWxTMVVJMS04TEp3RDFDUnhUbEhNcEhsbnd4RQ?oc=5,africanews.com,29 Sep 2026,,no,,,,no,yes,4,8
Côte d'Ivoire,Governance,Mozambique’s protected enclave: What Niassa reveals about the war,https://news.google.com/rss/articles/CBMimgFBVV95cUxOcjRpUE9GUVBqV2daTDVadTVIaEJVS3VEeGZtYjc0bHN3VlM3ZEdraW1adE5nTzFJcTF6VjV0Y3ZWWnA1SW14TkotT3dCRko3bng1LVdHa2xDdlVtWTJVRnhIdUJlTF9acnBqR0hhTkJGb2o0Tml5eEN4YjFjZTZBbFVIZHlMSU1YUVp5Sk5YZ0lvMUl3ZENGTU1B?oc=5,democracyinafrica.org,30 Sep 2026,,no,,,,no,yes,1,7
Côte d'Ivoire,Governance,Côte d’Ivoire and the Sahel: Trade thaws a political freeze,https://news.google.com/rss/articles/CBMingFBVV95cUxQRjRZa3FrQ0dPTW5HVnhOUjN3NU1JYXA2YnVwOUNCMkloajhtTWJHeXIyMEpjWEpwMGxWWnJtdHhHYUt1ejJFdTBzcTcxM3lCbTJpSXQ4NUZZMERzWVRyWExtT0hOQTg2cmF5cUdUblZQa0R4T2FGYVBrMEJndW1oM1d6RWh1QjNzVWEtTEp2N0VhMHlJSnNXNU1rWnYxZw?oc=5,The Africa Report,30 Sep 2026,,no,,,,no,yes,2,6
Côte d'Ivoire,Governance,The Raging Information Battle in Nigeria,https://africacenter.org/spotlight/the-raging-information-battle-in-nigeria/,Africa Center for Strategic Studies,29 Sep 2026,,no,"Foreign actors are targeting Nigeria with manipulative information operations to erode trust, deepen polarization, and shape security narratives to gain greater leverage over Nigeria’s political and economic trajectory.","Network map on Nigerian social media topics shows detected coordinated inauthentic behavior (in red) closely overlaps with accounts spreading pro-Russian narratives and those promoting military-led governance. The accompanying bar charts show the most influential accounts in this conversation across two 6-month periods. The leading amplifiers in both periods are documented or suspected malign information operation (IO) assets, illustrating how a relatively small number of coordinated actors can exert disproportionate influence. Over time these narratives are increasingly picked up and shared by authentic accounts. Click the graphics for a full size image.","Nigeria is facing a host of coordinated and deceptive foreign information campaigns intended to shape public perceptions of insecurity, governance, and Nigeria’s regional partnerships.",yes,no,3,7
Côte d'Ivoire,Governance,EBID backs $390m of strategic projects across West Africa,https://african.business/2026/10/partner-content/ebid-backs-390m-of-strategic-projects-across-west-africa,African Business,2 Oct 2026,,no,,,,no,no,4,4
Côte d'Ivoire,Governance,"Somalia holds direct local and regional polls in Galmudug, Hirshabelle states",https://www.hiiraan.com/news4/2026/Sep/206401/somalia_holds_direct_local_and_regional_polls_in_galmudug_hirshabelle_states.aspx,hiiraan.com,5 Oct 2026,,no,"Beledweyne (HOL) — Thousands of people cast ballots Wednesday in direct elections for regional assemblies and local councils in Galmudug and Hirshabelle states, marking another step in Somalia’s gradual shift away from its long-standing indirect electoral model.","In Hirshabelle, voting took place in several districts, including Jowhar, Adale, Gerijir, Jalalaqsi, Mahaday, Mataban, Bal’ad, Beledweyne and Warsheekh.","In Jowhar, Hirshabelle President Ali Gudlawe Hussein, the Justice and Solidarity Party (JSP) candidate for the state leadership, cast his vote alongside the speaker of the Hirshabelle House of Representatives and other officials.",yes,no,5,5
Côte d'Ivoire,Agrifood & Climate,What impact will climate change have on malaria?,https://ourworldindata.org/what-impact-will-climate-change-have-on-malaria,Our World in Data,5 Oct 2026,,no,,,,no,no,0,8
Côte d'Ivoire,Agrifood & Climate,Can agroecology improve the resilience of African smallholder farmers?,https://mronline.org/can-agroecology-improve-the-resilience-of-african-smallholder-farmers/,mronline.org,5 Oct 2026,,no,"You are seeing this because the administrator of this website has set up Anubis to protect the server against the scourge of AI companies aggressively scraping websites. This can and does cause downtime for the websites, which makes their resources inaccessible for everyone.","Anubis is a compromise. Anubis uses a Proof-of-Work scheme in the vein of Hashcash, a proposed proof-of-work scheme for reducing email spam. The idea is that at individual scales the additional load is ignorable, but at mass scraper levels it adds up and makes scraping much more expensive.","Ultimately, this is a placeholder solution so that more time can be spent on fingerprinting and identifying headless browsers (EG: via how they do font rendering) so that the challenge proof of work page doesn't need to be presented to users that are much more likely to be legitimate.",yes,no,1,9
Côte d'Ivoire,Agrifood & Climate,Côte d’Ivoire and African Development Bank Group launch $24 million investment to strengthen climate resilience and restore forest landscapes,https://www.afdb.org/en/news-and-events/press-releases/unga81-african-development-bank-group-and-partners-launch-free-ai-training-african-public-officials-97043,African Development Bank Group,28 Sep 2026,,no,,,,no,no,2,6
Côte d'Ivoire,Agrifood & Climate,Progress On Nutrition Has Stalled But Accountability And Integration Can Accelerate Impact,https://news.google.com/rss/articles/CBMiwAFBVV95cUxPMlNoZGhSTjhUWmdZU3I5VmNSQ2tJYUpPOTdiZy1FRk9kZ21SUmpkWkJZZDBIN3RYUXM2SjdsbGpmM3hyclc5dWNZc1g3QXN6STRlZE9vbVhtTHpjRlN5X2F2SHBXc05kajE3TmNOY2NZb19vVGVZM2gwM0RTaWMySEZYRGs3dHhpaURSaDFBa1A2b1hKVXZ6cGVYbFJTeXhDRXBsV1lmT0gwcWVTWTJrbHBMV2JwN1R5b1Z2N2Z6Zm4?oc=5,Health Policy Watch,1 Oct 2026,,no,,,,no,yes,4,4
Côte d'Ivoire,Agrifood & Climate,GOAL OF THE MONTH – Goal 15: Life on Land,https://news.google.com/rss/articles/CBMibEFVX3lxTE51Z0NZc3FjejRzWXBObDFRNlNpRnRVR04zSFJya3NGZWtYR013OFd1aUdweXRqYWx1RThaMTc4OElBRHhJTW9YSjVPdnhRSUQzZlRIWUVJNVlZaTQxSHUtWWVIZmJBUWdvTWlBWQ?oc=5,Welcome to the United Nations,1 Oct 2026,,no,,,,no,yes,5,3
Côte d'Ivoire,Workforce & Human Capital,Less Than half of High School Graduates Plan to stay in Africa after Varsity - ALU’s Pan-African survey,https://news.google.com/rss/articles/CBMidkFVX3lxTE80VEdLdmp5aXlfal9CT1NMSWFGRUpNZDRUd2VWTEU5dnlFVDZrTFBhVkhBNnp3N3NXcEZvNUFHT2FkTU4tZktNcTBpRnB2aGtWc2xubXFVbms3T1dEUnhyTUtBX1NpU3o0QXFNemxMTHY5cFRTcGc?oc=5,ednews.africa,30 Sep 2026,,no,,,,no,yes,0,8
Côte d'Ivoire,Workforce & Human Capital,Orange Côte d’Ivoire Certifies 42 Technicians as Drone Remote Pilots,https://techafricanews.com/2026/10/01/orange-cote-divoire-certifies-42-technicians-as-drone-remote-pilots/,TechAfrica News,1 Oct 2026,,no,,,,no,no,2,10
Côte d'Ivoire,Workforce & Human Capital,CAF Strategy Conference: Desabre – the coach who restored DR Congo to the World Cup after 52 years,https://news.google.com/rss/articles/CBMi5gFBVV95cUxQaGlOZ01kcnpPRWJ1Ni1HUkdpYjZlaGVFdUVQVy0yQ0pWXzRIb3VDWkNHbnIyRnFCQ1F3M0tiYUZOY2ZBVjB3bkY1a21KN3d6Mk9ZWVdRNUFDbXR4SWZLUDV2eWQ2bHQ0SlVLZTJpSVIxMEdhZ2FZR3RteXVoMWhfcndScDc4dnR1ODhGeG5nUEd6VWpVc2k5TzdGbVVvbXdqLTFRLTNha3g5ZGZBM09KaHU5WUZ2R2lrVHVETlU4QzBEbUJ3bDVBS3o1TmhJNFoxOG10ZGxoOGZ0TXZtS3lTU0J5Q0IxQQ?oc=5,cafonline.com,2 Oct 2026,,no,,,,no,yes,6,3
Côte d'Ivoire,Workforce & Human Capital,How much foreign aid does the US provide to Egypt?,https://news.google.com/rss/articles/CBMijwFBVV95cUxNNkJybndrbm4zM3hJS3NkTUdBbDJJMkdxck14c3NGd3BpN1FUcXZfbkpOU3Eyd0J2OWZXSjUxVzU1TTYwTTVhRXZjU05weTJ2VC1raFU0UnRSMEpEY29WYWs1RFRSRjdjbGVybS1YMU92QjJHSW4takc1bUxlT2JhTXlUVHNkXzlTLWxBVmJvQQ?oc=5,USAFacts,29 Sep 2026,,no,,,,no,yes,7,3
Côte d'Ivoire,Workforce & Human Capital,"Men, not Machines",https://adf-magazine.com/2026/09/men-not-machines/,adf-magazine.com,28 Sep 2026,,no,,,,no,no,8,3
Côte d'Ivoire,Country-Specific Context,Moroccan Sahara: Guinea-Bissau Reiterates Its Support for Morocco,https://news.google.com/rss/articles/CBMipwFBVV95cUxPV0Rmbk9OcFZBQkFMX0M1SjlNV2VqYm13Zkt4amxCQlVzSGQ2QTBqSHFMUFZBYUd0dGtrUmk5U0ZwR0NPZlc0bG1qdVlZbzF5Ylp0Zi1sNGVfZm1LRnJHV2U4NkgzRURKOWthclJvYTE1THJjUW1MUl9JMl80RVAxTnlVc1J2Nm5ZTzVFYlBZcWUyNTlXLVkzYldod3JCOW1GVUJ3ckI5VdIBrAFBVV95cUxNTmRHMUJvZWV0RDBMNWtVanJhVGcwUHYwYXo3UE5XR2dyRWNXQnZxSkwybmc2bVR2amdxSnBaR1lFdTRtdUFNVTRwZ3dHbS1hYXh2NVYyTHRmaUZDSTNYV2V3a1pGRlR2V3Q4TUVuaWktcnB0OW1YWFpkbXJWMlFqZWVOSjNTWjhNVndaSW41QkZlUnZ3ZTBXVnBGaU5GZ2RrVjRqMVl1TEdzbHNp?oc=5,Powers of Africa,29 Sep 2026,,no,,,,no,yes,0,8
Côte d'Ivoire,Country-Specific Context,Namibia Launches Its New Climate Plan,https://news.google.com/rss/articles/CBMigwFBVV95cUxOYWVlaHRiNFRaaVNjeW9rN0pvaF9VanRtTlN2V3VnYXYxcmtXTGpCYWoyMWhOS1FJalBwaDRXMlZfckY5dlJDWmIzVzBSQ21JNkhyTHZRaXJFeGI2aG9TdVJkWWhTLUp0V1dmTTRtTUpTNHE0dTZlcXQ5TjQ0RmRKWktfY9IBiAFBVV95cUxNb25jcHdQWUE2OWs1d3R2OUdLT3puVEs0NTNyaEpqTHhyaGtYalQxY3RoVnZUY1ZVYmcwc1NUWE53QlBtMFNxT1FzRzF5cjdJUFBtVWt0WTgwdURRZHhMWEdIZmxhaDhia0s3X2hFTGtZb05oSDlrQ1dyYmtWaFVJMk44Rm96YVlK?oc=5,Powers of Africa,30 Sep 2026,,no,,,,no,yes,1,7
Djibouti,Jobs & Employment,Women’s Employment and the Gender Wage Gap in Djibouti,https://news.google.com/rss/articles/CBMiZEFVX3lxTE92RXpFbkRYSHFYTERybGh5c1BhUDc1YUMwc3M1Y0hqcFFhc2lGajgtajZyM0FLaG1rSUNjRDlxSFYtSjc0SHduOTk3UnJUbnRZY3pSMUM0NFc4RUZnYVZLVW5nNTg?oc=5,The Borgen Project,28 Sep 2026,Women,no,,,,no,yes,0,8
Djibouti,Jobs & Employment,Djibouti Partners with Wingu Africa to Drive Digital Skills and Youth Employment,https://www.wearetech.africa/fr/fils/actualites/tech/djibouti-se-rapproche-de-wingu-africa-pour-former-ses-jeunes-aux-metiers-du-numerique,We are Tech,1 Oct 2026,Youth,no,,,,no,no,1,7
Djibouti,Jobs & Employment,"Djibouti - Culture, Traditions, Religion",https://news.google.com/rss/articles/CBMiZkFVX3lxTE44VlRTVlZJUS1xVTVuRFRaaVBsUkdqSkRWdUE1b0JJZk1hZkFFM05qV2UtYmpycFRpZkVmanZxSlhlc3YybUpLaGRsMVV2WUZGTFg3YzlXR1lqaXlKVUZxMXJoRVZIdw?oc=5,Britannica,2 Oct 2026,,no,,,,no,yes,2,6
Djibouti,Jobs & Employment,"Video: Flash summary of september 29th, 2026",https://www.capmad.com/post/video-flash-summary-of-september-29th-2026,Capmad,29 Sep 2026,,no,,,,no,no,3,5
Djibouti,Jobs & Employment,"The Stone Is Laid, the Bond Stands Firm",https://news.google.com/rss/articles/CBMiUkFVX3lxTE5xSk43UnkxQkl2cmRDS1o2VDdhMlkyYmh1U21MWGtNWEhEQnRscWxZeG01dE1Eb2lQNTJjaHVqaTFKQXU2Qlc4amhMWV9yaG51ckE?oc=5,ENA English,3 Oct 2026,,no,,,,no,yes,4,4
Djibouti,Macroeconomy,Damerjog-Dewele Pipeline Project Reflects Ethiopia’s Era of Renewal: Scholars,https://www.ena.et/web/eng/w/eng_9665986,ENA English,3 Oct 2026,,no,,,,no,no,0,8
Djibouti,Macroeconomy,New Report Reveals Average Net Salary of Kenyans,https://www.kenyans.co.ke/news/127563-kenya-ranks-10th-djibouti-records-africas-highest-take-home-pay,Kenyans.co.ke,3 Oct 2026,,no,"Kenya has ranked 10th among 54 African countries for estimated monthly average net salary, according to figures published by LiveGDP , an economic data platform that tracks global economic indicators and country rankings.","The country’s reported take-home pay stands at Ksh44,553 ($344) per month, placing it 132nd globally in the platform’s ranking.","“Kenya records a monthly average net salary of $344 and ranks 10th in Africa,” the report stated.",yes,no,1,9
Djibouti,Macroeconomy,Ethiopia's economic recovery at risk as Tigray conflict resurges - Africa - World,https://news.google.com/rss/articles/CBMiWEFVX3lxTE1jWDN2Rkd2RnRpLTV3OWQwX3BTQnlFbHNKbTdjUHJnWFU3QUk4X1otdF95Xzdvamg5MHVyWjRiT0NPbGZpTjB5Wkg5Y3laUzlYYlpWSTNnSlg?oc=5,Ahram Online,28 Sep 2026,,no,,,,no,yes,2,6
Djibouti,Macroeconomy,Father Amir: The leader who taught a nation to dream big | Gulf Times,https://www.gulf-times.com/article/734800/sport/qatar-sports/daryz-retains-qatar-prix-de-larc-de-triomphe-crown,Gulf Times,29 Sep 2026,,no,,,,no,no,3,5
Djibouti,Macroeconomy,From Djibouti to Lamu: Ethiopia’s Push for Strategic Connectivity,https://hornreview.org/2026/10/01/from-djibouti-to-lamu-ethiopias-push-for-strategic-connectivity/,horn review,1 Oct 2026,,no,,,,no,no,0,8
Djibouti,Digital Economy,"Xinye Special Steel Starts 180,000-Tonne Aluminium Project in Gada Zone",https://news.google.com/rss/articles/CBMib0FVX3lxTFBIQ3dlc3YzLTAzYXFBRENEVzZwSDNrVm5TTmhxWTZfQU5RQ29rU2dyWDUwdUctMXNxeUJUQksxcXdNRXlsSXQ3T1B1OW9WdjBOYjZ1RC1oZGpHNFl0RkR6dmlRMVAwUTIxdzRZa3FQRQ?oc=5,Birr Metrics,29 Sep 2026,,no,,,,no,yes,1,7
Djibouti,Digital Economy,"Djibouti - Multiparty, Civil War, Geopolitics",https://news.google.com/rss/articles/CBMigAFBVV95cUxPMlpsMHRXSy1CUkVnV041N0p5ZTdlSmQzd2d3VVhhbjZmWTNMb19BRjVKMTRGNDhLUmZ6Z3lBU2V0aE5xSU1uVlpNbmVVNVJsR2ZSbG5WbTRkQWNSUDVYdGkwakxrc08tcnBTcGJ4dG84c2g5NjUxbHlzTG5NSVB6MQ?oc=5,Britannica,2 Oct 2026,,no,,,,no,yes,0,8
Djibouti,Digital Economy,Vessels Loiter Over Subsea Cables and Pipelines Across Five Theaters,https://windward.ai/blog/vessels-loiter-over-subsea-cables-and-pipelines-across-five-theaters/,windward.ai,1 Oct 2026,,no,"Two Chinese state-linked vessels have spent September running structured survey grids over separate transpacific subsea cable corridors, one around the Guam cable hub and one over the Japan to U.S. cables east of Japan.","A Chinese-flagged fishery patrol vessel operated by a state fishery research institute has run research-pattern grids on both sides of the Guam subsea cable hub for seven weeks. From August 31 to around September 20, it worked a grid east of Guam between the Bulikula and SEA-US cables. After crossing the Guam and CNMI EEZ between September 20 and 22, it began a second grid west of Guam in the Philippine Sea, still running as of September 29. From August 11 to 29, it had conducted similar activity next to the Philippine EEZ. On September 13, it met a Cook Islands-flagged tanker east of Guam for approximately six hours, likely to refuel. AIS has remained on throughout.","This is the first time the vessel has conducted this kind of activity in the region, having previously operated around China and occasionally in the Indian Ocean. The north-to-south legs and repeated slow-speed stops resemble a survey rather than a fishery patrol or a transit. Both grids sit on cable routes landing at Guam, the landing point for 11 subsea cables and a principal link between the U.S. and Asia. The activity fits a wider pattern of Chinese research vessels mapping the seabed around the Philippines, Guam, Hawaii and Wake.",yes,no,1,9
Djibouti,Digital Economy,Djibouti Council Ministers: Approves Financial Accounts Law to Boost Transparency,https://news.google.com/rss/articles/CBMiygFBVV95cUxPSGR4TGc1SDYtZHR3bkEzMWt5ZDdOQVlUTFJmUmZqdGo1cjNZaXRqRC1IVFZDaUJWZnBHVG5VbElpMVl3NDJIclNyUDRtWHdjTTlxVTZVdERac3VoVXZLM0s0NFhGRThSNVBzM0pVajA1SUJwd1lPNnpiTm9CQ1RLbjUxcllIZlYwelNGaFFXTXNTUkNVTmhSRzJnRDFYMktmMWIxa18wUUw3WmR3cjNlTVBTODRDenhhMkNGRWJRTjRTS3BXT3V2M2dB?oc=5,Wansom AI,30 Sep 2026,,no,,,,no,yes,2,6
Djibouti,Digital Economy,China opens rare joint military support centre in Laos,https://www.straitstimes.com/global,The Straits Times,29 Sep 2026,,no,Parliament will also discuss rising retrenchment numbers and the delay in construction of the North-South Corridor.,What are the repercussions of adding your boss and colleagues on social media?,,yes,no,4,6
Djibouti,Governance,Sahrawi Defender Protests over UN Decisions On Gdeim Izik,https://www.genocidewatch.com/single-post/sahrawi-defender-protests-over-un-decisions-on-gdeim-izik,Genocide Watch,1 Oct 2026,,no,,,,no,no,1,7
Djibouti,Governance,"Four injured MT Honour 25 crew members, remains of three flown to Karachi: FO",https://tribune.com.pk,The Express Tribune,4 Oct 2026,,no,Will review ongoing cooperation under the framework of the Makkah Agreement,FBI arrested Wanying Zhang at Los ​Angeles International Airport a day earlier before her planned departure to China,"Urges international action to halt violations, reaffirming its sovereignty and calling for respect for borders",yes,no,2,8
Djibouti,Governance,Abiy Ahmed,https://news.google.com/rss/articles/CBMiW0FVX3lxTE9tckhXSzZkNEpMYmExSE5kQVJnX2RPUW1odTNfOHpUX3hpejZFd3BBYi1MaWxJdUdmYUl5WWM4OUlRWHdBMFNndExTaXdIZmxiOVNQbnptYVRNX2c?oc=5,Britannica,2 Oct 2026,,no,,,,no,yes,3,5
Djibouti,Governance,Zambia: Cancelling Passports used to Silence Critics,https://www.genocidewatch.com/single-post/zambia-by-cancelling-passports-authorities-are-using-administrative-powers-to-silence-critics,Genocide Watch,29 Sep 2026,,no,,,,no,no,4,4
Djibouti,Governance,IGAD chair calls for clear transition roadmap ahead of South Sudan elections,https://eyeradio.org/igad-chair-calls-for-clear-transition-roadmap-ahead-of-south-sudan-elections/,Eye Radio,29 Sep 2026,,no,,,,no,no,5,3
Djibouti,Agrifood & Climate,Desert Locust Risk Under a Strengthening El Niño: Implications for the Greater Horn of Africa,https://news.google.com/rss/articles/CBMitAFBVV95cUxQU0lfSnc4dWNhV1gyUkt2OFlyaW9XUkxHT2RFMW4zSFdsV19jazJ0Z0FXcmhTaGItWll5ZTJCczBTRjFsd1pMaDFScVNvMDJscnFzWUZnQXN3UE5NNzRhamNHZUJuMUppYmlDV0tONXM2T0N4Q0N0eGtpRmptd19ZbHg5b0VJWERuU0tickhCSEt6Snh6WnNPcjBVa0VTdDBXVEtYcm12X2lPcXdDUV92cklZQWo?oc=5,ReliefWeb,2 Oct 2026,,no,,,,no,yes,1,7
Djibouti,Agrifood & Climate,Camel Milk Emerges as the White Gold of Africa’s Drought-Hit Drylands,https://bioengineer.org/camel-milk-emerges-as-the-white-gold-of-africas-drought-hit-drylands/,Bioengineer.org,2 Oct 2026,,no,,,,no,no,2,6
Djibouti,Agrifood & Climate,"Exclusive: Somali president to visit Djibouti, Egypt this week",https://somaliatoday.com/politics/exclusive-somali-president-to-visit-djibouti-egypt-this-week-2026-09-30/,Somalia Today,29 Sep 2026,,no,,,,no,no,4,4
Djibouti,Agrifood & Climate,"Africa’s Business Titan Aliko Dangote Hails PM Abiy’s Leadership, Says Africa Needs More Leaders Like Him",https://news.google.com/rss/articles/CBMizwFBVV95cUxQdUowSS1Gd2xadDRDTjZXQ1VmTjc3WXk2d2NZNFdjS3ppbUV2Y2hwNnpzVVFPZzUwQURuVzNPb2k3OTNySHc2Y010S3k1SVo4dXVjNWJWazZsRDk3WmZPcDA4TVlYdktmWGxpbEZ1STRpc3pRSFhYeGZJNkFZNVc1ZlAxZTlUTlBKaGxqY2JoWURmMGRtamI2UDQ0U1E4SFJyQUtTVjFZQnhJUXRCcjZwXzkzNnVOamJSMmhNZ0RBMmk1bjRZNURkT1FsNU9GdGc?oc=5,Fana Media Corporation S.C,1 Oct 2026,,no,,,,no,yes,5,3
Djibouti,Agrifood & Climate,IFAD joins Government of Nigeria and World Bank to accelerate agricultural transformation through AgriConnect,https://news.google.com/rss/articles/CBMi1wFBVV95cUxOZlN0R19lWVFrS2UwamUxaTJadDBpSzNOZzB2dWdnaWZKZ2VGVnRCQ25aVF9OV05Ma2pfUGdBeWNJcEtIdC1mVWMyVTRPMWFXdV9hT05iVnNrSGVHbjN3NHdsQWttT1BhVXVTVEc4aWkxdUdXeFhJb25UU2pxaHhqQ2U4ckNaX1ZhSWZTM2tpZ0VTTmxXbndVa2NJSERka1RlVzV4TDdDQkRIWktVUW55aXJSd0FhMWVReWpzXy1ZcDVGX3Q5QzM0blNueGYxQ3psbVFZejg0Yw?oc=5,IFAD,28 Sep 2026,,no,,,,no,yes,6,3
Djibouti,Workforce & Human Capital,Invasive malaria-carrying mosquito widens spread in Africa,https://news.google.com/rss/articles/CBMikwFBVV95cUxPTUxTMTNOcGt4S21aZkdYXzFQQzlrdDU1bVBEQy01ZkpwenljQWtOc1JoMDNXZDhCLW1Pai1QbGl5djJjTWVMcWR5RnJFX2hFZUVfVWdtTUVpeEJhQ19KbVQ1YnJYazktMkpzMm1LRkVHc05SUlM3QzgtMTBjcGF5eUhGcnRoWV9TU0taTnFEZGk1OE0?oc=5,Harvard T.H. Chan School of Public Health,28 Sep 2026,,no,,,,no,yes,2,6
Djibouti,Workforce & Human Capital,China carves new military presence in Southeast Asian neighbour,https://news.google.com/rss/articles/CBMitgFBVV95cUxOOWdfU1JQekV5Z1RJM3dZU0pFRmw2TzVXUzN1c2Q1dnpPaHNaV2NYdDR6eTFnWjZabVdURnZwSjdZUlhuOXQ4NUd4X3k2UWZUc25YeUtGdS1QbTVnYUpPVFFVRm4yVnp4ZmFJTEZHMEJfM3JhdzV1WVZXTWhOMnd6YXpmemhDa001TWpPdHFtX01ieDRWNXBuMFFwM2NBTTdjeGFncXhCQlBmYTZFMW9iSUEyLV9WQQ?oc=5,Reuters,30 Sep 2026,,no,,,,no,yes,3,12
Djibouti,Workforce & Human Capital,Djibouti president warns against foreign interference in internal affairs,https://news.google.com/rss/articles/CBMiwgFBVV95cUxPdmoxYUVqLWRCVTdzYmlYdVlBVGZvdjFGRTJ0d2R5cjc5Wm5VYkRkYVJxdGVBZmZCNHN3dHRTa05MX2RnNkYwQy03bVNYOVFUZWhLSm5NN1lKNXh0anp3OGd0NEtrMGlCcGdBOTliNm9tVFBEeWJnSkptVENhLTZINnBuZkRmMy1La1E4V0thcmFJSWRwdGJQU3BJanBnOE9KTVFXT1liVkZYMFgzR1JCMnRhY0pWS0xhSVhhdF9qRXVUZw?oc=5,hiiraan.com,28 Sep 2026,,no,,,,no,yes,5,3
Djibouti,Workforce & Human Capital,Djibouti Population movement: Yemen Influx 2026 - DREF Operation (MDRDJ011),https://news.google.com/rss/articles/CBMirAFBVV95cUxNX3R5NGFadnp1X3BYd2h0WTg3TVctNTFjaVR1aEJvTjlmWW9ZaWtvVXNrbERBUzNMR3ZJMEtIaG5Ob0hFVVlmSGdPWGlxSld4Y0dwTWF4VGNPQ2JlWno0dV9LYm9CNkJJYUdZQVY0NTdNdWxlZXVkYWFvM2ZqU19aYlJIWFA4UVZESllWYl9PTU51N1VRazNlT3RuN3JpU3RYSElxOTg0WVhTY3No?oc=5,ReliefWeb,1 Oct 2026,,no,,,,no,yes,8,3
Djibouti,Workforce & Human Capital,IOM appeals for more aid to help Yemeni refugees,https://news.web.nhk/newsweb,nhk.or.jp,2 Oct 2026,Refugees,no,"『いまを映す、いまを読み解く』
激動する日本、そして不確実性を増す世界の「いま」。
背景に何があるのか。あすにつながる展望は。
東京や全国各地、海外で、その日のニュースの現場を徹底取材。
多角的な視点から問題を読み解き、深く、わかりやすくお伝えします。",平日の「ニュースウオッチ9」から土曜の「サタデーウオッチ9」へ。長年にわたりNHK報道の中心を担ってきた山下毅解説委員と川口由梨香キャスターがタッグを組みます。週末の夜に1週間のニュースのポイントをわかりやすく解説。世界と日本の今をどう読み解き、明日へとつなげていくのか、みなさんとともに考えます。,,yes,no,9,5
Ghana,Jobs & Employment,Ghana’s Economic Recovery: When Will the Numbers Reach the Kitchen Table?,https://www.modernghana.com/news/1533261/ghanas-economic-recovery-when-will-the-numbers.html,Modern Ghana,4 Oct 2026,,no,"Ghana’s economy appears to be turning an important corner. Inflation has fallen sharply from the extraordinary levels experienced during the recent economic crisis, economic growth has strengthened, international reserves have improved, and the country has made significant progress in restoring macroeconomic stability.",But there is a question that statistics alone cannot answer: when will the recovery reach the kitchen table?,"For the ordinary Ghanaian, economic recovery is not ultimately measured by GDP growth, reserve accumulation or improvements in debt ratios. It is measured by the price of food, electricity and transport; the availability of jobs; the cost of borrowing; the ability of businesses to survive; and whether household income can comfortably meet everyday expenses.",yes,no,0,10
Ghana,Jobs & Employment,GermanUnityDay2026: Team Germany in Ghana: Progress built side by side deepening business relationships,https://thebftonline.com/article/germanunityday2026-team-germany-in-ghana-progress-built-side-by-side-deepening-business-relationships,Business & Financial Times (B&FT),5 Oct 2026,,no,,,,no,no,1,7
Ghana,Jobs & Employment,"Ghana’s Industrial Ambition Faces the Reality of High Costs, Expensive Credit and Global Competition",https://www.modernghana.com/news/1533251/ghanas-industrial-ambition-faces-the-reality-of.html,Modern Ghana,4 Oct 2026,,no,"Ghana’s ambition to industrialise, modernise agriculture and create sustainable employment for its growing population is both necessary and achievable. But ambition alone will not transform the economy. The country must confront some fundamental obstacles that continue to make local production expensive and weaken the competitiveness of Ghanaian businesses.","Among the most significant challenges are the cost and reliability of electricity. Manufacturing, agro-processing, cold storage and other productive industries depend heavily on affordable and dependable energy. When electricity becomes expensive or unreliable, production costs rise, businesses lose competitiveness and investors become more cautious. The financial difficulties within the energy sector therefore represent more than an electricity problem; they are an industrialisation problem.","Access to affordable capital presents another major obstacle. With commercial lending rates frequently exceeding 25 percent, many Ghanaian businesses simply cannot borrow sustainably to purchase machinery, expand factories, introduce technology or finance working capital. An entrepreneur may have a viable business idea and a ready market but still find expansion impossible because the cost of borrowing destroys the economics of the investment.",yes,no,2,8
Ghana,Jobs & Employment,"Under The Baobab:Ghana’s $49m Evacuation, Jobs for Returnees & Migration Challenges | Harold Agyeman",https://www.modernghana.com/under-the-baobabghanas-49m-evacuation-jobs-for-returnees-migration-challenges-harold-agyeman/,Modern Ghana,1 Oct 2026,,no,,,,no,no,3,5
Ghana,Jobs & Employment,I will rebuild demolished La Pleasure Beach if elected in 2028 to save jobs — Bawumia pledges,https://www.modernghana.com/i-will-rebuild-demolished-la-pleasure-beach-if-elected-in-2028-to-save-jobs-bawumia-pledges/,Modern Ghana,3 Oct 2026,,no,,,,no,no,4,4
Ghana,Macroeconomy,Ghana’s finance minister discusses 2027 budget with industrialists — MyJoyOnline,https://news.google.com/rss/articles/CBMirwFBVV95cUxPZFZvNEh5eU8tNkU3R2dtX1ljSlVEdnVhc0VyZnd5TTNlVGpmTEZXRGdOTENqNXo0Z1gweVU2YVk4c25JUGNLZVBjNF9nUGNtZ0hXRndZOEpHakdQd3V5NW16TG9YVVhGVUZpV284YlR1ajBpeGFJZldvMXVtQ3NvWDNSamZUVmxLTHkzb0JnVEpwSU9LU19QQ0JJa2l3b2lkYjRpUjdDVXNPUzl0QXk4?oc=5,UA.NEWS,30 Sep 2026,,no,,,,no,yes,1,7
Ghana,Macroeconomy,Ghana Holds Interest Rate At 14 Percent As Inflation Risks Rise,https://news.google.com/rss/articles/CBMiW0FVX3lxTE1kQ1B6aTJYZVZTZzJWN0QtNGxuMzg2dF81cTdiUWY5YjNYaVQxY1ZjMmZmSnNzVlBDLVhzMjBObk1XOGMxVWs0U2wtOHhpZThRcVlJdS1LNWN1Z0k?oc=5,allAfrica.com,28 Sep 2026,,no,,,,no,yes,2,6
Ghana,Macroeconomy,"Bread, Circuses And Ghana’s Cost-Of-Living Crisis",https://www.modernghana.com/bread-circuses-and-ghanas-cost-of-living-crisis/,Modern Ghana,1 Oct 2026,,no,,,,no,no,3,5
Ghana,Macroeconomy,‘Stop treating health as a budget expense’ — President Mahama,https://www.gbcghanaonline.com/africa/stop-treating-health-as-a-budget-expense-president-mahama/2026/,GBC Ghana Online,4 Oct 2026,,no,,,,no,no,4,4
Ghana,Macroeconomy,S&P Global warns Ghana faces high fiscal costs for building reserves — MyJoyOnline,https://news.google.com/rss/articles/CBMiuAFBVV95cUxQeHdtZWlRLVV1M0R3VmM4YXFqYjFMd0FmUGQxd21NOVAzT1V2emd2YTdlRUFUREcxZVpuMS1nQ216QldRcGFOaVRtd1AyUC1nMkFNOGdpS1RETWNrNEs0Vloyd3FuczctVFotYmwwMVRic09fejN2QWVienNudUZGZjhJWGJNOXRDdG9CNzR1S3BFWEtUN3BKT2tDVThUWjh1XzFGVmV0WVFEaExnaHRFYlIzTU1NU3Z3?oc=5,UA.NEWS,28 Sep 2026,,no,,,,no,yes,5,3
Ghana,Digital Economy,Ghana Launches NCSAM 2026 to Strengthen Digital Economy Security,https://techafricanews.com/2026/10/02/ghana-launches-ncsam-2026-to-strengthen-digital-economy-security/,TechAfrica News,2 Oct 2026,,no,,,,no,no,0,12
Ghana,Digital Economy,Ghana tightens scrutiny of public sector AI buys,https://itweb.africa/article/ghana-tightens-scrutiny-of-public-sector-ai-buys/mYZRX79gbbjqOgA8,ITWeb Africa,2 Oct 2026,,no,"Ghana has announced that all public-sector artificial intelligence (AI) acquisitions will now undergo a centralised technical review, in a move the government says will safeguard the country's data sovereignty and ensure long-term domestic control over critical digital infrastructure.","Under the directive, the Ministry of Communication, Digital Technology and Innovations will coordinate technical requirements, while the National Information Technology Agency leads the technical scoping.","""Every government-acquired AI system will now be evaluated against strict benchmarks for interoperability, data protection, cybersecurity, sustainability, and mandatory local skills transfer,"" said Samuel Nartey George, minister for communication, digital technology and innovations, speaking at an AI forum in Accra co-hosted with the US Embassy.",yes,no,1,9
Ghana,Digital Economy,"Ghana awards 5G licence to state-owned Telecel, set for rollout by December",https://news.google.com/rss/articles/CBMigAFBVV95cUxQdmUxY1RKVFhDUzJ2UmxYNGp1RHRsazYzQlpNM3lLeHNoNmJtazJSN3VJRkRISkh2NjNDbTV5bnh3b1BwUEVTYUt1aGVvVjdvOWpqdkhDR09Cdy15c1lJckJrTkpaS2hhRWctV3poa0NBMTZ2QUd3UXRhaE8xUzRRWg?oc=5,Technext24.com,2 Oct 2026,,no,,,,no,yes,2,6
Ghana,Digital Economy,Mahama engages Amazon over broadband and investment opportunities,https://news.google.com/rss/articles/CBMilAFBVV95cUxQOFZ1cElhUzk2V1ZvZTEyR0VTQU5ISWhYSmxrQUJweDVGLXB1S19vX2MySzh4Q3BiRFJEV1hJTFcxM01UZDA1bW1nQUpFSU9BVkp1MmhFMGtKNy1KclJiT2RGdkdzcEloU0pWS3Z3b1IwanI0RUE3Wm1LUlpRRFlpVFlxWmRSVGg2MS03TTQweE5IZ2hI?oc=5,Asaase Radio,1 Oct 2026,,no,,,,no,yes,3,5
Ghana,Digital Economy,MobileMoney Fintech LTD and UMB complete small business training cycle in Accra — MyJoyOnline,https://news.google.com/rss/articles/CBMivgFBVV95cUxOdWQ0b2pHZUwtd0JDMWpzOENCNHdRQncxc0RzMTJvVTZYcmIxUHJZMTNKeVNaaGR0QmhfZmNXZ3FES2pKbVdhQ0cya2RfM2lGeF95R09zQ3N4cHlrVFpHb2ZiMlFkUzk5eHJPYUR3Yk9VZ3k0NThvcEcxNEhya0t6NWotZTZQOVRWWGRVbWU0OWdDU1J6NmhyUDFhcHNyWEZmZHFrclM1U1c5UVFCLVh1UVdJYUtFWVFrQ00xNmxn?oc=5,UA.NEWS,2 Oct 2026,,no,,,,no,yes,4,4
Ghana,Governance,"Oquaye charges NPP MPs: don’t let your rights lie fallow, keep fighting through the law",https://news.google.com/rss/articles/CBMirgFBVV95cUxPWDJteHJyWnlYOHJ2dU1YbUZIY3psWVBCUDRzdXFwVVJuVHZwTWZ0UDFVWVc3Ync5QmhKN3Z6cU5FR29ndnlESlhWUnRSUmRqbkJoQ3BnQU1yZk1NQWw5M0RuUndqY2pUb3RTYnltanBXRUlEWGx1UjNXNzU2OEk2TVVVRWhua0pJdXZ1TVZ3N1FVNVhJYTYySngwTlR3WUNQM2NhdzdTMnQ1QXMxYnc?oc=5,Asaase Radio,4 Oct 2026,,no,,,,no,yes,0,8
Ghana,Governance,“Ghana Is at a Crossroads Because Democracy Is Under Threat” — Isaac Osei,https://www.modernghana.com/ghana-is-at-a-crossroads-because-democracy-is-under-threat-isaac-osei/,Modern Ghana,3 Oct 2026,,no,,,,no,no,1,7
Ghana,Governance,Ghana launches ECOWAS for All campaign to inform citizens — MyJoyOnline,https://news.google.com/rss/articles/CBMiqwFBVV95cUxNNFkyVlVsMl9kRXNNcXN0Z1lpYU52b3lfd2xVNG9sRXJnYnc5RVMtQ25xNkt0cVp2OFVZOTF6WlVrNXhJcFJNbGd0WHlfd3lBWXR2YmVSUEt6QTZ3LWlFLXFEWW9pYWJ1andRcHR0U05JWUpieHpHaTRXaG1pTElBMmdNWFczRnpicTg0VTAwTHhYSnBYaElkaV9Wa2J3SUxoTFFYQnJnN1pTaFE?oc=5,UA.NEWS,1 Oct 2026,,no,,,,no,yes,2,6
Ghana,Governance,Bawumia will win when ‘wisdom of the masses’ speaks in 2028 – NAPO,https://www.modernghana.com/bawumia-will-win-when-wisdom-of-the-masses-speaks-in-2028-napo/,Modern Ghana,4 Oct 2026,,no,,,,no,no,3,5
Ghana,Governance,"NPP Conference: Ghana is at a crossroads, democracy under threat - Former Subin MP Isaac Osei",https://www.modernghana.com/npp-conference-ghana-is-at-a-crossroads-democracy-under-threat-former-subin-mp-isaac-osei/,Modern Ghana,3 Oct 2026,,no,,,,no,no,4,4
Ghana,Agrifood & Climate,EBID backs $390m of strategic projects across West Africa,https://african.business/2026/10/partner-content/ebid-backs-390m-of-strategic-projects-across-west-africa,African Business,2 Oct 2026,,no,,,,no,no,0,8
Ghana,Agrifood & Climate,Floods without surprise,https://www.gbcghanaonline.com/opinion/floods-without-surprise-ghana/2026/,GBC Ghana Online,4 Oct 2026,,no,,,,no,no,1,7
Ghana,Agrifood & Climate,"Ghana, Kyrgyzstan expand cooperation in agriculture, sports and diplomacy",https://www.modernghana.com/ghana-kyrgyzstan-expand-cooperation-in-agriculture-sports-and-diplomacy/,Modern Ghana,2 Oct 2026,,no,,,,no,no,2,6
Ghana,Agrifood & Climate,Ghana’s agriculture minister meets with Ga Mantse — MyJoyOnline,https://news.google.com/rss/articles/CBMimgFBVV95cUxOSHdVNHllVjAwXzI4cGVMNkNtRGNnMkFYYUR0UER5Nk0zcFpZQVNlTm9WVVF0VHJ4S0hkNnlMbUM2bGNBeVZVUXZxRFRVM200cHF6RGRoeGxMRTk0bXVUX1FaTlVpdnFESmxpRGRCVjR2VERUUXB1dXhGSUR3a25SclJKRm9QdldsSWRHaS00Q0RtTmNDZ2VyNkh3?oc=5,UA.NEWS,29 Sep 2026,,no,,,,no,yes,3,5
Ghana,Agrifood & Climate,Ghana urged to ratify climate change agreement,https://news.google.com/rss/articles/CBMiqwFBVV95cUxOS3JrXy1WX0Rib0NrcFJVNHd0TUQwVGkzSVRacno0Q0R5d2ZmRU5OZE5UZFhWSS1VMTBHRGdmUm1Hb0tLWElnVTcyMTBKcENJLUNpQ2NhOEpzVjBjOW9xZS1maGFKczBvaEp6aVIxOFRYeWNSb1Q5RzJranktWk1WSmxCN3A1Wm1UVkxNWEZpWlhIc1lvRm1NVWtIMGxpbkJLY2pjX2NadkdDR2M?oc=5,Graphic Online,2 Oct 2026,,no,,,,no,yes,4,4
Ghana,Workforce & Human Capital,"Rashes, Chills and Stomach Pain Drive Children Out of School in Ghana, Study Finds",https://bioengineer.org/rashes-chills-and-stomach-pain-drive-children-out-of-school-in-ghana-study-finds/,Bioengineer.org,4 Oct 2026,,no,,,,no,no,0,8
Ghana,Workforce & Human Capital,"In 2019, a UK company donated computers to a Ghana school; three years later it achieved the country's be",https://news.google.com/rss/articles/CBMisAJBVV95cUxQQlVSODYySVV5V2tQci1GTXQybF83RkNzMzVReml2X0NhVlo1RmJ4NzYzdHk2RW5WZHpuc1VqdG1FYWlzal9jU3dMMDdHdElIbERnc25nU3BBWkFPY0tKRjdQYmNXcC1SbW01bzhyM2VfVDhDb1lmcFU5RUoyUzVJc0ZPZE9WYkJuVlZ5UnBhQ0dtRW9mZW1EZm1NeTJPd0ZqalcxbzE2SXpNYTZnbW13czJVSXVJZUJ4U1Y5MnB4OUt4cWdCc0RmalZmYVRKSGZRb3MxX3QyOWFMYTY2LTRhb0sxeVp4X0k4Y2VOUXg5RDNIcUJfWjNaeDdRd3E1RzgxN1Jrd0UyT3RfQ2JZb0VhS2o1cXdjckFNc2dGdjdpN2EzRVFLemo4UVFVNHpHaWgw0gGwAkFVX3lxTFBCVVI4NjJJVXlXa1ByLUZNdDJsXzdGQ3MzNVF6aXZfQ2FWWjVGYng3NjN0eTZFblZkem5zVWp0bUVhaXNqX2NTd0wwN0d0SUhsRGdzbmdTcEFaQU9jS0pGN1BiY1dwLVJtbTVvOHIzZV9UOENvWWZwVTlFSjJTNUlzRk9kT1ZiQm5WVnlScGFDR21Fb2ZlbURmbU15Mk93RmpqVzFvMTZJek1hNmdtbXdzMlVJdUllQnhTVjkycHg5S3hxZ0JzRGZqVmZhVEpIZlFvczFfdDI5YUxhNjYtNGFvSzF5WnhfSThjZU5ReDlEM0hxQl9aM1p4N1F3cTVHODE3Umt3RTJPdF9DYllvRWFLajVxd2NyQU1zZ0Z2N2k3YTNFUUt6ajhRUVU0ekdpaDA?oc=5,The Times of India,4 Oct 2026,,no,,,,no,yes,1,7
Ghana,Workforce & Human Capital,"School Girls; Or, The African Mean Girls Play review – comedy makes a near-flawless Broadway debut",https://www.theguardian.com/culture/2026/oct/03/i-craved-a-mean-girls-approval-until-my-little-pony-broke-the-spell,The Guardian,29 Sep 2026,,no,"I didn’t realise my school infatuation was just making fun of me, but then an episode of the cartoon series taught me the attributes of true companionship","W hen I was seven, I was obsessed with one particular classmate. She was the only girl taller than me and she never let me forget it. She was allowed to wear colourful nail polish and had shiny Lelli Kelly shoes, while I had short, plain nails and had to make do with classic black Clarks. I craved her approval.","That spring she got an iPhone, and deliberately shunned me for a while afterwards. I cried for hours, but I wasn’t confused. I understood, and even respected it. Why would she grace me with her aura? I was lucky she let me sit at her table at all, even if it was only to taunt me for still bringing in a packed lunch. She was my best friend – I was always holding out hope that one day I would be hers.",yes,no,2,14
Ghana,Workforce & Human Capital,"Education Should Not Stop at the Classroom Door: Ghana Must Educate for Life, Not Just Examinations",https://www.modernghana.com/education-should-not-stop-at-the-classroom-door-ghana-must-educate-for-life-not-just-examinations/,Modern Ghana,3 Oct 2026,,no,,,,no,no,3,5
Ghana,Workforce & Human Capital,"In Ghana, a student’s future can come down to one exam",https://theworld.org/stories/2026/09/30/in-ghana-a-students-future-can-come-down-to-one-exam,The World from PRX,30 Sep 2026,,no,"In a small drugstore in the Alajo neighborhood of Accra, the capital city of Ghana, Efua Doe arranges medicines on the shelves, helping her mother serve customers.","But years ago, Doe imagined herself in a very different place. She wanted to go to university, train as a nurse and work in maternal healthcare.","“Nursing meant I could help other people,” she said. “I knew there were complications with childbirth, so I wanted to explore that.”",yes,no,4,6
Ghana,Country-Specific Context,“Halt offshore gold exploration” – 11 CSOs warn Mahama of threats to Ghana’s fisheries,https://news.google.com/rss/articles/CBMiqgFBVV95cUxPY2x5T0tfRWFaLTZRRXZwSDdJLTI2d0lGSUxyUzM3Sm5IRjRVM3ZpamJmcW1Yd09kM2lCcnMxVUpXM0RicGh6aVItMkRKR0FPU2xtR254TGFYVm1YaGFDVlJicXJJLW92VlBfbFdadTFyV19qNnQ1WktKV2J5QXh1YUJkZU5NTmdaQmxQWEY1U3hXcl83VXl3REZrRG9GSGFVMUhIcnlrUHZuQQ?oc=5,Asaase Radio,1 Oct 2026,,no,,,,no,yes,0,8
Ghana,Country-Specific Context,"Bangladesh looks to expand Artemia, GIFT tilapia model abroad",https://news.google.com/rss/articles/CBMiogFBVV95cUxPTU9ZcHhkTUoxcG1FaVMyc1VyMjdPSXNMZFVkcHQwdklYWFhQNXpJRzN3cXYzMU5ScDh2ZDRmU2NFQ3NZTXZYOWc1S01xTmFKakZaXzF4NDU1N1FDMi0yVENlWXN3RnppLXJrSkZrVjl0cDVweU9nc3JXYW5JcXo4YVpQTmJHR2xCTXktd0VBVUdQckpfNldGN0JhNUFfd19zSEE?oc=5,The Business Standard,29 Sep 2026,,no,,,,no,yes,1,7
Ghana,Country-Specific Context,Honorary Consul of Indonesia in Ghana calls on Volta Regional Minister to deepen development ties,https://www.modernghana.com/honorary-consul-of-indonesia-in-ghana-calls-on-volta-regional-minister-to-deepen-development-ties/,Modern Ghana,29 Sep 2026,,no,,,,no,no,2,6
Ghana,Country-Specific Context,What happens at CSIR Fishery and Aquaculture Division - Water Research Institute,https://news.google.com/rss/articles/CBMi5gFBVV95cUxOX2UzeHd5LUljRlVLNkhWeHNYWUtWa0w5bTZUMGh2ZG9uOGwyMzRQSnlDXzhLUjREb2VJei1acEdQNzlUX3hZVURCM1hjOUdhSG5XMUZYU3pzbVFDRlFFUlV3ZlpzM3hVekhRb29ueTJ3RFl0UG82azJaLUhJZW5vUDJpUkpyYWdDa2QzbUJWSi1DTDJkNXhoZ1psd3BxTGJVX0NpSmhLRUx0UXRaQnJ2SUl3eFFiSTdKeld4MkdXQUQ2Vl9ILVlfZHREd3lwOWZhaXZuTHR6ZWdpdUtKN1JOaHl6YXRzQQ?oc=5,Graphic Online,30 Sep 2026,,no,,,,no,yes,3,5
Ghana,Country-Specific Context,Ghana’s gold rush at sea: Government warned not to put fisheries at risk,https://news.google.com/rss/articles/CBMirAFBVV95cUxNaXZHTTBCXy1tWVEteUhjdFdoWHdmR0JMLTdyMXdDVkFYUzZITnhnYlBMdmVsY1ZGaG00VUJETXZsdkRCM3BlSEFXaEc2cUxzUjVPSVR6RHBuMERnZHFwenVSQWU2NWoxRDUyRlBvQTB5ZFhPcGRYZzhSR2VvUmlMeG0xbXV2MkdvdjlYbzJhYUxWaTh6OTBYMThhSU9XNmd0aXB4dEswU0E0YkRp?oc=5,CitiNewsroom.com,28 Sep 2026,,no,,,,no,yes,4,4
Liberia,Jobs & Employment,Temporary Protected Status (TPS): An Overview,https://www.americanimmigrationcouncil.org/fact-sheet/temporary-protected-status-tps-overview/,American Immigration Council,29 Sep 2026,,no,"Temporary Protected Status (TPS) is a temporary immigration status provided to nationals of certain countries experiencing problems that make it difficult or unsafe for their nationals to be deported there. 1 TPS has been a lifeline to hundreds of thousands of individuals already in the United States when problems in a home country make their departure or deportation untenable. This fact sheet provides an overview of how TPS designations are determined, what benefits TPS confers, and how TPS beneficiaries apply for and regularly renew their status.","As of March 31, 2025, the last date for which publicly available data exists, there were approximately 1.3 million people with TPS living in the United States. 2 Since that date, the Trump administration has terminated or announced its intent to terminate TPS for over 1 million of these individuals, including over 50,000 Hondurans, over 330,000 Haitians and over 600,000 Venezuelans. 3 As of late August 2026, just four countries retain TPS. 4","On June 25, 2026, in the case Mullin v. Doe , the Supreme Court significantly restricted the ability of courts to hear TPS-related lawsuits, ruling that courts had no jurisdiction to hear challenges arguing that the Secretary of Homeland Security had broken the law in granting, renewing, or terminating TPS; although the court kept alive the possibility of more narrow lawsuits brought on constitutional grounds. 5",yes,no,0,10
Liberia,Jobs & Employment,"George Weah | Biography, Awards, & Facts",https://news.google.com/rss/articles/CBMiXEFVX3lxTE1vMEx5SWdudC1hTVRKc1ZSUEpwVmtYb0IySjV6MkEyNHBIVl9KMGtFeExMRGcyTnRMZFJDb0RIMFk3LUtHU2lPMGZna1ZTYzhwcjRPTHJpdW8wX2lC?oc=5,Britannica,30 Sep 2026,,no,,,,no,yes,1,7
Liberia,Jobs & Employment,Civil Society Claims Its Voice in Liberia's Electoral Reform Journey,https://news.google.com/rss/articles/CBMinwFBVV95cUxNd203di1iRzdIS3NRSkcxb1QwTl9KUDA0bUp6bjdQSGZnaG5CUkxjdlJHTzdCSGZLdWVxaF9CemM3QXc2ZmNzZHFrdE9ZWWRJNC1VdWVoVmtHZ2pLOTI2YTFmQnNDd0kyaU9QNjMwTVF1bGktT2VmY1BFRUxtdjU2ZV8td000WVFvSF9QeXBlZ2NEaWFUc2xOa1ctTExGRTA?oc=5,United Nations Development Programme,1 Oct 2026,,no,,,,no,yes,2,6
Liberia,Jobs & Employment,"Zodiac Gold announced completion of a 10,661-sample soil survey coveri",https://news.metal.com/newscontent/104143706-smm-flash-newscopper-lake-closes-first-private-placement-tranche-to-fund-marshall-lake-copper-zinc-exploration,Shanghai Metals Market,29 Sep 2026,,no,"Copper Lake Resources announced the closing of the first tranche of its non-brokered private placement, issuing 15,625,031 units at $0.15 each for gross proceeds of $2,343,755. Net proceeds will fund exploration at the Marshall Lake copper-zinc-silver-gold project in Ontario, Canada, and general working capital.","The second and final tranche is expected to close by October 14. Completion of the private placement remains subject to all necessary regulatory approvals, including TSX Venture Exchange approval.",,yes,no,3,7
Liberia,Jobs & Employment,Rubber Boom Under Threat?,https://news.google.com/rss/articles/CBMisgFBVV95cUxQeUVzMFFnZUw3amhFSl9OSlBJNG51QkROYlZVck1fbmlEVmhtRG9NV3dCTDI5SGlWeVNKN1p0aHlfMUU5MDlrOVdVUG9zbEZpMjQwRmdFaXlzVEd5QUZtZHQ5eVNoU1NzVGMtSXIxRkp5ODBBRU80bFR1azhKRUZnTHMwckFPbnRNVzhPWWF1TnNzem52YTJHUnIxLUFWT3ptcGZKMVhXQndNbUdQSkRnbFRB?oc=5,liberianobserver.com,2 Oct 2026,,no,,,,no,yes,4,4
Liberia,Macroeconomy,"Tracking the ""America First"" Bilateral Health Agreements",https://www.thinkglobalhealth.org/article/tracking-the-america-first-bilateral-health-agreements,Think Global Health,29 Sep 2026,,no,,,,no,no,0,8
Liberia,Macroeconomy,False! NSA’s 2026 budget not US$18 million,https://dubawa.org/false-nsas-2026-budget-not-us18-million/,Dubawa,1 Oct 2026,,no,Claim: Liberian politician Simeon Freeman claimed the NSA’s operational budget is US$18 million.,Verdict: False! The approved 2026 National Budget shows the NSA’s operational budget is US$22.19 million.,"The political leader of the Movement for Progressive Change, Simeon Freeman, has alleged that the National Security Agency’s operational budget is US$18 million.",yes,no,1,9
Liberia,Macroeconomy,"Jordan, Liberia foreign ministers talk enhanced cooperation",https://www.fananews.com/language/en/jordan-liberia-foreign-ministers-talk-enhanced-cooperation/,Fana News -,30 Sep 2026,,no,"Amman, September 29 (Petra) – Minister of Foreign and Expatriates Affairs Ayman Safadi discussed Tuesday with Liberian Foreign Minister Sara Beysolow Nyanti enhancing cooperation and coordination within international organisations.","During a phone call, the topdiplomats discussed efforts to end regional escalation and promote international security and stability.","They further discussed Liberia’s participation in the high-level international conference “Upholding Humanity in War,” which Jordan will host on December 7, 2026.",yes,no,2,8
Liberia,Macroeconomy,IMF releases $50.2 million as Liberia’s economic growth strengthens,https://www.channelafrica.co.za/channelafrica/news/imf-releases-50-2-million-as-liberias-economic-growth-strengthens/,Channel Africa,29 Sep 2026,,no,,,,no,no,3,5
Liberia,Macroeconomy,“Billion-Dollar Budget Yet to Improve Lives Of Ordinary Liberians” -Cummings Says,https://www.liberianobserver.com/users/signup/?referer_url=https%3A%2F%2Fwww.liberianobserver.com%2F%3Fs%3DBillion%2BDollar%2BBudget%2BYet%2Bto%2BImprove%2BLives%2BOf%2BOrdinary%2BLiberians%2B%2B%2BCummings%2BSays,liberianobserver.com,30 Sep 2026,,no,,,,no,no,4,4
Liberia,Digital Economy,"For rural women in Liberia, digital and economic empowerment go hand-in-hand",https://news.google.com/rss/articles/CBMi0wFBVV95cUxNYUhKZ1FBdERQbDNFWnBpVFpvdmZZYVhXWkRmc3NQV3prc2FFdktQSTY4bWg5NEZTOGRWa1RlaDcxNGxVWWp3aFhfbllPbjRBUjlMZkRTNU9GQlBxbmRaYUFZZWVsNzhEanVjRG5ra3h0RzFzTk5tZ1JGdGI4TEZJSnVySnFLMS1JTUJsRXVjZG42X0JubjFpZldqN0wtRE1oell0VFFmclptNXFGNGFOcV9qMVU4MDNlX0Zvb0wwTVBKcmh0aVlmTjhEOG8yRUlnQ0o0?oc=5,UN Women,1 Oct 2026,Women,no,,,,no,yes,0,8
Liberia,Digital Economy,Liberian govt urges telecom and digital investment with focus on national data centre and new subsea cable,https://www.telecompaper.com/background/belgian-weekly-week-40--1584584,Telecompaper,1 Oct 2026,,no,,,,no,no,1,7
Liberia,Digital Economy,CAMDL ED Engages Global Peers at ICIC-IDUAI 2026 Confab,https://news.google.com/rss/articles/CBMi2wFBVV95cUxPRUd6eXNJRkdaSmxyLXhYTDZQQmlVSDM0YmFwNThlQmh4WVZBTXNTUHVPa0duN3hsYWp3emp1ckQ0NkJXOHRsZzItVkhFalJnMWVCanBFTndTWU5SV0JfMkNfcjdlSURobkJoNUE0QzRUR3dNTmNuTEZCb0JsY0laYXFPT1BlTW1yVDkwc2FvczF3RTNYXzdjUUlpQzEtaUxWb3ZkVTV1eXp2Z3lXeTc4cFZRRlpyZW9oVThzY3dwYU9LbTRseTY3QkVxQVMtTEI5OGwxRzFRTWlod2c?oc=5,liberianobserver.com,2 Oct 2026,,no,,,,no,yes,2,6
Liberia,Digital Economy,Create Apps Championship winners highlight Dubai’s strength as a base for scaling digital businesses,https://gnnliberia.com/create-apps-championship-winners-highlight-dubais-strength-as-a-base-for-scaling-digital-businesses/,Global News Network Liberia,29 Sep 2026,,no,,,,no,no,3,5
Liberia,Digital Economy,MTN Group posts strong first-half growth powered by Ghana and Nigeria,https://news.google.com/rss/articles/CBMimgFBVV95cUxNQ0M2RlFvSmxOYWNOQmRJY01NUmU1UG9qY2Zmb2Q4anBlWEN2SzI1SWNOM0I1czNKbXlCZDF5TEVNV092S1R4WHR4T3pDS0R4QVM3ekxBX2k2a3BQS085SXppbXc1WHBZQ3RFVkVmVHI1MVlUckpzYzBlTWNnSnNrV0gxeV83ZnVYRXphTEhFdlZQSkdQTV9QR093?oc=5,Asaase Radio,2 Oct 2026,,no,,,,no,yes,4,4
Liberia,Governance,Why Trump May “Win” the Next Midterm Elections,https://gnnliberia.com/why-trump-may-win-the-next-midterm-elections/,Global News Network Liberia,29 Sep 2026,,no,,,,no,no,1,7
Liberia,Governance,Civil Society Pushes for Voice in Electoral Reforms,https://www.thenewdawnliberia.com/civil-society-pushes-for-voice-in-electoral-reforms/,The New Dawn Liberia,2 Oct 2026,,no,,,,no,no,2,6
Liberia,Governance,Liberia lands UN Security Council seat as non-permanent member with 181 votes,https://news.google.com/rss/articles/CBMipAFBVV95cUxPYXdiUHdDSHdsa2hfYUFRdFMzV0NwalZBS01ZdTB0djVyOGFHN2RIQjVvX2Z3S1pHN2lJZW50eFdXTlEtRXpnajdkX3hhVW9Vci1nN0NIWjAzdk82SFBvSjB5VUxoemZSeEU5MHRWdWlCTXFHQzR0WVJfM0xXekd2ZHAwM0xNR1pWTFNFRjFFTGR3Vmd0OWNQQjZOS19OWHZSX01ydQ?oc=5,Asaase Radio,1 Oct 2026,,no,,,,no,yes,3,5
Liberia,Governance,"US, Liberia, Saudi Arabia Congratulate Nigeria At 66",https://thewhistler.ng/wp-login.php?action=lostpassword&redirect_to=https%3A%2F%2Fthewhistler.ng%2Fsearch%2FUS%2B%2BLiberia%2B%2BSaudi%2BArabia%2BCongratulate%2BNigeria%2BAt%2B66,thewhistler.ng,1 Oct 2026,,no,,,,no,no,4,4
Liberia,Governance,"Liberia: Weah, Cummings, Three Others Sign Opposition Pact Against Boakai",https://news.google.com/rss/articles/CBMiW0FVX3lxTFBEb2J6a2JDVkw4N0sycDF4bG4yQTVMUnBEdkMzQ2xCMkFKWHJHb1lPRHFXVWJ6UjNxNmhodVdyYzc0Sm1MSVpYbnc2MWRqbVUzeGRFYlBNQUwyOGs?oc=5,allAfrica.com,28 Sep 2026,,no,,,,no,yes,5,3
Liberia,Agrifood & Climate,"Global Weather Hazards Summary, October 01, 2026 – October 07, 2026",https://news.google.com/rss/articles/CBMingFBVV95cUxNaXQ0SUFvSUlmbmNtb0NwSVVkZTlSSW1NTlVpLUtSOW5HU2RmLUdYTmk2b1dDVHhxcHFQTHZnSFV0T1hsamdCLWNsalcwZG16a050eGc5Q1RVc0RncW54N1NjengwUHJYVWN3dmZLeGgyQUxkTS1zektDbWhQRzFHV3BUYkZmQlZGekhqTFhRQzVVX0YybzFhMmlvQ3JuZw?oc=5,ReliefWeb,30 Sep 2026,,no,,,,no,yes,0,8
Liberia,Agrifood & Climate,New food preservation center in Utah could save lives worldwide,https://news.google.com/rss/articles/CBMiogFBVV95cUxPM1VmSUNYZ0htT2w3X1NPRktXN0otWkpiQlhNeFVmWXFzRkdiY0s5NnNEMlNTUy1pLW1UVE1DRUhMRlZQd05IQ1hzUjF6Z3BWeUYzazU1TzU5SWZjaElDd05SUVJ3V25wcjJqZkxiaEhSNElva250eXRNRjVOYXBMQ2tLSlhmOTFqalU3TVNoc0JLamtyb0RIaE00eGFRUVk5blE?oc=5,ksl.com,29 Sep 2026,,no,,,,no,yes,1,7
Liberia,Agrifood & Climate,Agriculture Minister Woos Diaspora Investment for Food Production,https://news.google.com/rss/articles/CBMi6AFBVV95cUxPLXpPNWdGOFkxYmtNUlhTeVNTcVItejFaYjYxYk5BNHZxVWxsM2NydXFnYUhrNG1qd1VTY29WNHN0aV8zeEF6M0hTNEtPaGpQV2h0eUZqdlZSRWdpZ25CMnoxNGtFcWxrbDlUU2pERHRGUE10el9tV1NXZjgxQ0dfNmFZeWZPVlN4bzZ1VXEzRG1GWVVrM1JfVTBUS2lISGNvdmZOWFhIc3RrN3NqcnBQNkRUSDlaTmp0Rk1QM2xaQWpSRVoteWEwQThrUlNXRUxndUo1X1NPQjhCa2dMN3B4cjE4R1RtdnFm?oc=5,liberianobserver.com,30 Sep 2026,,no,,,,no,yes,2,6
Liberia,Agrifood & Climate,Misleading! Food insecurity in Liberia not 80%,https://dubawa.org/misleading-food-insecurity-in-liberia-not-80/,Dubawa,28 Sep 2026,,no,Claim: A Facebook user claims that food insecurity in Liberia is at 80 per cent.,Verdict: Misleading ! Recent data from the Ministry of Agriculture’s Comprehensive Food Security and Nutrition Survey shows otherwise.,"A Facebook user, KMTV Liberia , claims (archived here ) that food insecurity in Liberia is at 80 per cent.",yes,no,3,7
Liberia,Agrifood & Climate,Liberia Urges Nuclear Powers to Honor Non-Proliferation and Disarmament Commitments,https://gnnliberia.com/liberia-urges-nuclear-powers-to-honor-non-proliferation-and-disarmament-commitments/,gnnliberia.com,1 Oct 2026,,no,,,,no,no,4,4
Liberia,Workforce & Human Capital,Liberia: Ministry of Education Advances Partnerships and Resource Mobilization at 81st Session of the United Nations General Assembly (UNGA81),https://news.google.com/rss/articles/CBMi9AFBVV95cUxQaXFLalVZUzJ4ZURIQTFHel85R0VJb3dDSEdlRWxEXy03MXlua013VERzRG9XM0d6TmYxSnNWU2RqcnEwbmIxZTA2c216ZDdmeUh1bWQ1cndHVTYxaTNGakN6Z3ZMVlduYUZwTW01VUo1WXhyN05RajFjVDdhcm9OdWNrNnVGWG9FUUtBWXY4SUczR3c5SnA5dHRqNkVLelQ3Yl9tTy14Y0lOSkR6eFJUZ0RuVlFIUXVkbnhqbWRsS0ZiczhEV2k1dGEyT0k0SUw0Qi04VXZjNVYzMkJXVXRjMnBVdEhvbGlkMXNDQ0liTDN3N0dl?oc=5,Africa.com,2 Oct 2026,,no,,,,no,yes,0,8
Liberia,Workforce & Human Capital,Supporting dental care and education in Liberia,https://www.dental-tribune.com/news/supporting-dental-care-and-education-in-liberia/,dental-tribune.com,28 Sep 2026,,no,,,,no,no,2,6
Liberia,Workforce & Human Capital,LEMCOL Monitors Strengthen Oversight Skills to Advance Accountability in Liberia,https://gnnliberia.com/lemcol-monitors-strengthen-oversight-skills-to-advance-accountability-in-liberia/,gnnliberia.com,1 Oct 2026,,no,,,,no,no,3,5
Liberia,Workforce & Human Capital,MOE Pushes for Real-Time School Data System,https://news.google.com/rss/articles/CBMiywFBVV95cUxOSmNPTGV1TVgxZUhnOFA2NzY2VV84U05YYWlkZFQyc2lCejVKMWFCYmM5ek8ydG1RZ295d2psdDF3TXExUm5pVzc1TFBSMHBZRlQwVGpOTG5sMWJLNHNFMDQ0REZLWFdRcmNHVjQ3clNVUHhjYUg4WHkxcGt5VG5YQTNKVnk5UC0tVGNPN1p3Wmw4OUJIUEVYUFJSV01PYUZnTU1qVFd1Q19LNVlqczlmSGx0NjFVUzhhUFNkelhiTVZteWR6cjFaU0ZhUQ?oc=5,liberianobserver.com,30 Sep 2026,,no,,,,no,yes,4,4
Liberia,Workforce & Human Capital,Pharmacy Board Seeks Advanced Training for Liberian Pharmacists,https://www.thenewdawnliberia.com/pharmacy-board-seeks-advanced-training-for-liberian-pharmacists/,The New Dawn Liberia,1 Oct 2026,,no,,,,no,no,5,3
Mozambique,Jobs & Employment,"Mozambique - Economy, Trade, Agriculture",https://news.google.com/rss/articles/CBMiYEFVX3lxTE9rdzBqNXdzV2p1MXpVNnZ0NkV4Q3NvLVFFZXZhdnlONy1GRWJramNfdGFUZHQxS25jRzFJOVFsUkR0X2VYRVY5bEtkVzhKUlcyX3BoazNwVVpFRVo4cThvVQ?oc=5,Britannica,1 Oct 2026,,no,,,,no,yes,0,8
Mozambique,Jobs & Employment,Caught between silence and visibility: LGBTQ+ life in Mozambique,https://76crimes.com/2026/10/01/lgbtq-in-mozambique/,Erasing 76 Crimes,2 Oct 2026,,no,,,,no,no,1,7
Mozambique,Jobs & Employment,Mozambique holds interest rate at 9.25% amid inflation and growth risks,https://news.google.com/rss/articles/CBMingFBVV95cUxONWp5b3RWc2ZJMThncmkyb3RZeEpYZnJBWVA3bDBJOVNZUlc4SDZ1MXVyRjlsSE9xVVd5eGUxSkNRY1ZCcC12cjRqUE9QenZMY2h4aWF1anZpSFlLQ0daYU9SS2FJR1B1bkdwY3llZHFHN2JvRC1Tb3ZnOGU4NW5jSTY3ZldFc3djaFhVZWg2c1NpVzQwRFBlSENBU0JiQQ?oc=5,Yahoo Finance,30 Sep 2026,,no,,,,no,yes,2,6
Mozambique,Jobs & Employment,Four new chameleons discovered in Mozambique’s mountain forests,https://www.nature.com/articles/d44148-026-00307-5,nature.com,29 Sep 2026,,no,,,,no,no,3,5
Mozambique,Jobs & Employment,Mozambique | MJD places youth employment and sustainable sports at center of agenda,https://news.google.com/rss/articles/CBMitwFBVV95cUxPMnVNazhaX1Q3eDZtcDBULVBFT1FqZ2REV1BKVXBsRTcxemZwWHZjSFktVkNzSVEzeFVWNlpYa2dnWUU2cE9uUVprV2JWZ3N0eWFqTE5qM3lKdkFZYlI2Q1J0d1VXVndUNWtwZ2hDdHUzRFdNcDJEU0dkU2R3Rm56X3hzOTctRlFKdGY4ZURsWHl6TV9xRW15VTI3RnR3MUR1Zm5udWtTZjJIUzg5dU9GNDQ0T240ZHc?oc=5,CLUB OF MOZAMBIQUE,2 Oct 2026,Youth,no,,,,no,yes,4,4
Mozambique,Macroeconomy,New Mozambique Central Bank Chief Unveils Plan to Curb FX Dearth,https://news.google.com/rss/articles/CBMitAFBVV95cUxPY0taZ0VaWEJJYXl3OHQ3bi1WQWRZakRpNlpWU05VSmY3LXhFU1JFTjFOUzV2Wk9RN3RFaFFKMWxJRUVWRmJfSkJyNUl6UllOSEN6UkFydzJ0enlnblRuVmdLT1FTSDVwcDFUakNlamx6aHRxQmxWUU03TWxvdEhUTUpsRmU4aUJhdzF0ZmVacEF4czZmdEl0SldhSmRDcExwdFBJRnhZU0JTS2RIMFlHYkdyamI?oc=5,Bloomberg.com,30 Sep 2026,,no,,,,no,yes,1,14
Mozambique,Macroeconomy,"Mozambique holds key rate for fourth time, citing elevated inflation risks",https://www.cnbcafrica.com/2026/namibia-central-bank-holds-main-interest-rate-at-6-75,CNBC Africa,30 Sep 2026,,no,"WINDHOEK, Aug 12 (Reuters) – Namibia’s central bank kept its main interest rate unchanged on Wednesday, giving subdued economic growth, a relatively benign inflation outlook and adequate foreign exchange reserves as reasons for its decision.",Some economists are less optimistic on the inflation outlook. Nedbank analysts think inflation will accelerate to more than 5% in August after the government reinstated some fuel taxes that were suspended earlier this year to mitigate the effects of the Iran war.,"The Bank of Namibia’s repo rate stays at 6.75%, where it has been since June, when the bank raised its repo rate by 25 basis points.",yes,no,2,13
Mozambique,Macroeconomy,Budget Monitoring Forum: Mozambique PESOE Debt Service Development Criticized,https://news.google.com/rss/articles/CBMiwgFBVV95cUxNcnRpX2w4X1lfMjUyZ3R1TUgwbWxad0VHaUlPRFY5M2x1SXBRUzd3RXd3S1d6QUxWUXcycEh3alloTFZaWllQUDZwZ054dl9RdG1EdVFOWkdHYjhWcmhTMlV1SHNpQVdRYzlJUFQ2OVZlN0pnOXFzeXBDUktfQ0R4RHZiUUo1N2w4X1kzdnBLWkdFWnNOSzIzWlFrY283WXRWNDBqWVRyUnFRWXhCcWkwM0JndVM2cVNHdFVaNGYzaEJoUQ?oc=5,Wansom AI,30 Sep 2026,,no,,,,no,yes,4,4
Mozambique,Macroeconomy,Mozambique: PESOE should favour development over debt service – FMO,https://news.google.com/rss/articles/CBMioAFBVV95cUxQRnRMNUkybENWTVdKRlJhbFYzQkxqblc1R0thS3Q5Y0xVZjVXNDNWRHVkaFNIZC1MTkxvcTFuMGV2Sm1RZXJ6aDRYc1l3el9mSGFCS1MzRlZRYVNZN1FMQ0ljNExDaWR0Q3A1aVd3RldjSHF1TUhYdEZ2cTJJTFVRSXRXZnNZUlA0dFFRQnJZcXY1dGk4ZlRiS0trVHJ3YTUw?oc=5,CLUB OF MOZAMBIQUE,30 Sep 2026,,no,,,,no,yes,5,3
Mozambique,Macroeconomy,Bank of Mozambique holds interest rate at 9.25 percent,https://news.google.com/rss/articles/CBMijwFBVV95cUxQWjVFSER1amVfV21ORmFmZjB4Q1F0ZEpnMjJlUjlwZ3EtRExKdWthbGVDSFg4Mk1xUEVQUkVVeGFWQTA3aWdfenhiNFdIbWI0bEpMZnliUWZreXZ2ZU42dUFRQ3RPdjI4XzRLQndfNGw2SFRMSEJrUkZ1WGVWeGI3dnBrWUlVSG5tdDhGWXlWcw?oc=5,aimnews.org,1 Oct 2026,,no,,,,no,yes,6,3
Mozambique,Digital Economy,Global Innovation Index 2026 – Executive Version - GII 2026 results,https://news.google.com/rss/articles/CBMirgFBVV95cUxQbkdKc2F2N1VOSWtVUlotS0dyQUZ5TVo5Nkx6bGp4VVhMX0RGSV9vYnRjQlFpaHVlZU5oanRMWkozcFJFMTJ1YWdUOFdqZk1DbW5hWDNnNXc2TVZPWHRDMGxVdHpVbTZMNXFNWE9IRk1kYmM0am41SnZCV2pDWmJPMC12NEl6NnVQOWNLT19LOGl5RjM4VHh5eF9kQXBNdVRUUHhPUzhsV3NEcXQxNUE?oc=5,World Intellectual Property Organization (WIPO),29 Sep 2026,,no,,,,no,yes,0,8
Mozambique,Digital Economy,Healing Africa's Elephants,https://news.google.com/rss/articles/CBMifEFVX3lxTE9MbWxkaUJuNmtmLVRwUXA2LWIyU0RYWF9FaW44amlKQVNuX2M0T3R4YkVlRkx5U3hPbVp6eTVMdnZfX2VfTWFZMHRsWVJZNGk3eDk3T2ZnZ29BR21iR0hKamhPRWZ3THJYbkF3dXNrTDUxbzdnTjdKeXByUHI?oc=5,Sky,4 Oct 2026,,no,,,,no,yes,1,7
Mozambique,Digital Economy,Mozambique Human Development Integrated Project,https://trendsnafrica.com/mozambique-human-development-integrated-project/,Trendsnafrica,1 Oct 2026,,no,,,,no,no,2,8
Mozambique,Digital Economy,"High data costs, rural gaps threaten Africa’s digital inclusion - Report",https://citizen.digital/article/high-data-costs-rural-gaps-threaten-africas-digital-inclusion-report,citizen.digital,1 Oct 2026,,no,,,,no,no,3,5
Mozambique,Digital Economy,Mozambique | Public Prosecutor's Office processes over seven thousand criminal cases in Maputo City,https://news.google.com/rss/articles/CBMiywFBVV95cUxOVnkwSXpETWNuaTJpSUdDWkx6RnBMT2NJSzU1aVBvQkxzdVNrMWRIZ2FSaU5oVkY4Z1lsem1JR3JubXN0Rm9XaV9Mb3JFcUVPcVdjSHlWYkdERVd3LWpISzBaMV9HZjdRdFRScENLc09sYmNXd0gzQjBuWDhmVlBLNmlTbEc3cE9lbFpYN2lfR2xqaTZ3UV9zYzdwaEp6MkRrSGkwUUZBaUhFdzYxTzRTUlo1X0hSWnEzelFZVkVERGpKQ1ViMGp1QlgzRQ?oc=5,CLUB OF MOZAMBIQUE,2 Oct 2026,,no,,,,no,yes,4,4
Mozambique,Governance,"Mozambique - Politics, Elections, Constitution",https://news.google.com/rss/articles/CBMibkFVX3lxTE50RFNQZG9pSkoyMnBZR3ZkVUR5amtEYlpNRm5XVngydDgzUnh2ZlpQVWRVaUFDM2lNWUhoVmNKS2hmWnYtNTR1LW15RDNIaVpHOVA1OGJDOS1UT1lRcWloTlpMZ1V0bGVrek1iV2d3?oc=5,Britannica,1 Oct 2026,,no,,,,no,yes,0,8
Mozambique,Governance,Mozambique’s protected enclave: What Niassa reveals about the war,https://news.google.com/rss/articles/CBMimgFBVV95cUxOcjRpUE9GUVBqV2daTDVadTVIaEJVS3VEeGZtYjc0bHN3VlM3ZEdraW1adE5nTzFJcTF6VjV0Y3ZWWnA1SW14TkotT3dCRko3bng1LVdHa2xDdlVtWTJVRnhIdUJlTF9acnBqR0hhTkJGb2o0Tml5eEN4YjFjZTZBbFVIZHlMSU1YUVp5Sk5YZ0lvMUl3ZENGTU1B?oc=5,democracyinafrica.org,30 Sep 2026,,no,,,,no,yes,1,7
Mozambique,Governance,"Mozambique - Civil War, Peace, Reconciliation",https://news.google.com/rss/articles/CBMicEFVX3lxTE54VFFnSzhMbjRwbTlMZEVsNE9YUmhsQm1vUTFKV2lTUlJnWEo2dWlzZWFoN1Z5SmVTUTZxLVBLeDhqaXRnZDlrUHhNSGkwRjBreTJXWl9ETElROXJHU0xabjBuU3lkYVIybG5JLVBKSlk?oc=5,Britannica,1 Oct 2026,,no,,,,no,yes,2,6
Mozambique,Governance,About 400 French schools closed as some student protests turn violent,https://news.google.com/rss/articles/CBMipwFBVV95cUxNUW5kenc0TUFQTEpvbTFiYXJzb0FnOUVoS2VnUFBNbEFjOTlTQkNBTmJsRVJNQi1WMlFRVzdQdTNHZVlDS1hYUUlyU2kwd1NfaU5kYlAtT3lUSVFERnljdUdNWURKcXFfUENLWlVhSmtCRjNDbVdXei0zQWxabVFEODE5NzlOZEU5bEY1S1BoYlhXRkNrbkt6WDFQNnA1U3FSVjRnMnBpSQ?oc=5,CLUB OF MOZAMBIQUE,2 Oct 2026,,no,,,,no,yes,3,5
Mozambique,Governance,Protesters against illegal immigration in South Africa call for more deportations,https://news.google.com/rss/articles/CBMitgFBVV95cUxNY0daaWNiNkFZZlpnMUF4M0pLbkZyVmhRYVdyVHItMEZfSWhaUG9FRDc4VUdJZHVhMW5PU0lLLXVLejViQUJhcnFzUlBseTBSbGF6R09yWTVYME5xWV9hNkZzaDRWSjlFSWZfaTVkTEFhRi1kWHItZ0Fmcm9QOHBUZVlZNUZmWEFhRjF0RDdXSy1SYm1JM3plbHpqU3c2clBRenc4cUF2amJEYzFZQmFxRVdSUFJBZ9IBuwFBVV95cUxNMjZXUEdqQ3FpTXBnYjhwUUNjWl9Lbi1rOVozSUM1S0hjSHQyTkU4b2Y2c0lWZ3NwQS0ydlJzUWtQclhSZ2Ffa3ZOVG1laGFpOFZ1RW1KZmJoUWpwZHh6MXlrcnQzcG9FUDdmV2hZUVJBOVpsOVVqbjh5OWt0M3JHNVZWMEluNkRKcjQ1Y21NTEVxVEpFSDZkXzdhMDVpUXpXRHhZMVdzQ21uMkJoZllKV3R0Q2FET2MycWF3?oc=5,"ABC News - Breaking News, Latest News and Videos",30 Sep 2026,,no,,,,no,yes,4,4
Mozambique,Agrifood & Climate,"Mozambique needs integrated human rights vision for climate resilience and international cooperation to avoid fossil fuel lock-in, says UN expert",https://news.google.com/rss/articles/CBMiugFBVV95cUxQbjNGdUlkTGRJb0g0QlhQZWplbWZ6UG9XUElIV0pvZktpVi1YQ0NUcE9iOUNxanRvc0VWQmk1c0ktdzZ2aTZXb2FQTTlkRjdEVzlNQ2hEWkFVbWFraWt4TDF5WjB5NHhvci1uMVhUMzRJT3BlTjR0X3RqUGRBYm81MkRsLUxwM19OUUdHNEIwOUZLbVBLb2k4YWh4aVY5dDdraEw1cDNHXzExWkZYSFdINmVaeERlekxxQmc?oc=5,ohchr,2 Oct 2026,,no,,,,no,yes,0,8
Mozambique,Agrifood & Climate,Mozambique | Floods 2026 - Six-Month Operation Update (MDRMZ027),https://news.google.com/rss/articles/CBMinwFBVV95cUxOMEtfZk5PclJwTUFVa2p1eHI4NzZydGIyb0J6X3ZNQlV4MzFoVVI1dmtheWFmSTNyOU5HMUxUb3RycVVGUWNlRGJNUldnZW5oel9CSnhkVllvbkFNWFd1d1QzLWRXVWk5ckpKOEc5TGR5UnVZSThQNHVPdi1PSkZvTnNCVExpa0I0QWlqOEN1VlRmTjBEc3l6WDlhc2VGbnc?oc=5,ReliefWeb,1 Oct 2026,,no,,,,no,yes,1,7
Mozambique,Agrifood & Climate,El Niño: Mozambique ranked as one of the 'most vulnerable' African countries,https://www.africanews.com/2026/10/03/el-nino-mozambique-ranked-as-one-of-the-most-vulnerable-african-countries/,africanews.com,3 Oct 2026,,no,,,,no,no,3,9
Mozambique,Agrifood & Climate,Securing and Adapting Birth Registration Systems in Response to Climate Change-Induced Disasters,https://news.google.com/rss/articles/CBMiywFBVV95cUxORlVuNlNTNDFPSGluZ0w5a2F4dDJSV1VDdzBUb3prajMtOTNYTjROSG4tUno5ZXlPeS1sRVEwNXNuN0VCVUJHOHhfMjlyb0tTM2VIOFR0RjJjQi1JZDVCTnk2VHByUFFzajJTbk5NbHY1aUFoblo1VUVwdkVWd01NSGRScDAxeXlRSy1zRTNWMU96T3FOOGR0b1A1MUNObDJPRWh4ZFluWUFKckdKYTYxUGFUT3ZtejVWcFB0SmZhYWdSenZwSk1jQjdYSQ?oc=5,UNICEF,29 Sep 2026,,no,,,,no,yes,4,4
Mozambique,Agrifood & Climate,UH Mānoa Study Unlocks How Mozambique Tilapia Survive Extreme Salinity,https://news.google.com/rss/articles/CBMivwFBVV95cUxOc3FyRDRseVJWUEVfZlZ0VlA1SGxDcERIR1RqQWh0ajdBakEwTVRzNy00OWxsMWNvVURaZlJBSXRTTFR0eWpJWEE5N254NmRzbHk3U0pVa0VaNl9JbXRQRnpqbjJ2TkNHUkFmZDNlaWZtN0NuZFlQV1RGY2Fud1ZyV1BYLXhKYVBmX2xrc0EzeFJnMjk3S0c3WV9CLVZlN1R4VHVwUzA5djBKTXZUUUhsWXlOZnpXSXVuWFN1OGxzcw?oc=5,environment coastal & offshore,30 Sep 2026,,no,,,,no,yes,5,3
Mozambique,Workforce & Human Capital,"Christian groups urge Mozambique to act on religious freedom, displacement and sexual violence",https://www.christiandaily.com/religious-freedom,www.christiandaily.com,5 Oct 2026,,no,,,,no,no,0,8
Mozambique,Workforce & Human Capital,"End of Mission Statement, Country Visit to Mozambique",https://news.google.com/rss/articles/CBMipgFBVV95cUxQV19ZQmljSzVaS2Z4VmxiVFlaa3dqQkV0anlEbHhuUkloMzZrZ0cyYlN6bWQyZVBiWUtLT3Q2R1h5ZGNoY243R2t6TWYwMlh6ODVwMVhPdXNITnFaS1dZbzUtUzQzS3ZhbmlmcFpsX3dMOEszSnUyZExHdFF0UEhRSmloVThFXzkzdXdDVjZNdHFxWTR0NU5kb1IzV29KTnZxdS0tXzJ3?oc=5,ohchr,2 Oct 2026,,no,,,,no,yes,1,7
Mozambique,Workforce & Human Capital,Mozambique Air Force,https://news.google.com/rss/articles/CBMiYkFVX3lxTE5uUXVCT0U3Z0N6bXRXbTJGZ3NkZHNBMWRxbTROTGt4MGhPYmlMOU1jdDZpWWsycU9fWFJtRy0wVWkxMGcxMzE3aC15VWF5ZjA4WjIwc0ZEMC1qREo5d09LTUpB?oc=5,MiGFlug,1 Oct 2026,,no,,,,no,yes,4,4
Mozambique,Workforce & Human Capital,Advancing sexual and reproductive health through curriculum reform: reflections and learnings,https://news.google.com/rss/articles/CBMiugFBVV95cUxPai1wZXlpakxjWnhZWGk5MHdjdkJjRVFUTmdLaWtsaUpWdTk5ajlfSURXNnltb2ZNbUJ0ZXU0Ml93bmxOVVhKbGtLRnRYQ3p2YzJyNU1PaWJPSDdrV1h1Nkp1QnkwWUlkMmltcVZ1VXg4TkRWM3dKZngtR3hJOGlqdVZNdjRPa0tTT001RmNEbWwydDNXZkF0S0xuNWJyb0hCcHR4NkJiSEVfUjZPSHN6MnlPT1A2RUN3cVE?oc=5,FIGO.org,1 Oct 2026,,no,,,,no,yes,5,3
Mozambique,Workforce & Human Capital,Mozambique's First National Nutrition Conference Commits to Intensifying Malnutrition Prevention in Early Childhood,https://www.wvi.org/search?search=mozambiques%20first%20national%20nutrition%20conference%20commits%20to%20intensifying%20malnutrition%20prevention%20in%20early%20childhood,World Vision International (WVI),30 Sep 2026,,no,,,,no,no,6,3
Nigeria,Jobs & Employment,Nigeria’s Economic Activity Expands For Fourth Month As PMI Hits 53 Points,https://www.arise.tv/nigerias-economic-activity-expands-for-fourth-month-as-pmi-hits-53-points/,Arise News,4 Oct 2026,,no,"Nigeria’s economic activity expanded for the fourth consecutive month in September, with the composite Purchasing Managers’ Index (PMI) rising to 53.0 points, as stronger industrial performance supported continued growth across the three major sectors.","Citing the Central Bank of Nigeria’s (CBN) September 2026 PMI report, Nairametrics reported that the index increased from 52.7 points in August, supported by improvements in output, new orders, employment and raw material inventories.","However, the stronger headline reading masked uneven performance, with nine subsectors contracting and input prices rising faster than output prices in services and agriculture.",yes,no,0,10
Nigeria,Jobs & Employment,"DP World Nigeria Projects: 10,000 Hectares, 50,000 Jobs | Ogun Deep Sea Port - News and Statistics",https://news.google.com/rss/articles/CBMiwwFBVV95cUxPTEpuSEVWdk5YRkVYS1hkU2NuVHN0THBWcjFZTE9DMXkzWkZnSEJweVhXSXV3c0tSYjdiTjIycWtCSU9ONGt6TGpFRi12X3NjTFpncHEwTjdaSTVNTVN5VURpMTFvS0dFblBYWU5PazR4SFdHWjZ5Y2NPSkV2RGdNbkNMOG14Nk1hRzlreTlrWnNsOHlRYnpnekJfeHlmMkVNa3JySzhMdVpSNHQ3VWY1TC1Da2lUWnNHVm9tNE1oWUYycU0?oc=5,IndexBox,1 Oct 2026,,no,,,,no,yes,1,7
Nigeria,Jobs & Employment,"NES #32 to drive national dialogue on jobs, productivity and shared prosperity",https://african.business/nes-32-to-drive-national-dialogue-on-jobs-productivity-and-shared-prosperity/,African Business,29 Sep 2026,,no,,,,no,no,2,6
Nigeria,Jobs & Employment,"Coca-Cola operations generated US1 bn, supported 160,000 Nigerian jobs – Study",https://thesun.ng/coca-cola-operations-generated-us1-bn-supported-160000-nigerian-jobs-study/,The Sun Nigeria,4 Oct 2026,,no,"A new socio-economic impact assessment has revealed that the Coca-Cola System in Nigeria supported approximately 160,000 jobs across the country in 2024 while generating $1 billion in value-added economic activity.","The study, conducted by global consultancy firm, Steward Redqueen, which used the Leontief input-output model, examined the contributions of Coca-Cola Nigeria Limited and its authorised bottler, the Nigerian Bottling Company.","Of the total jobs supported, 2,989 were direct employees of the system. The remaining more than 157,200 positions were sustained indirectly across agriculture, logistics, retail, hospitality, distribution and related sectors. For every direct job created, an additional 53 jobs were supported elsewhere in the economy.",yes,no,3,7
Nigeria,Jobs & Employment,"Nigeria-US minerals deal: ITUC-Africa demands jobs, local content",https://realnewsmagazine.net/nigeria-us-minerals-deal-ituc-africa-demands-jobs-local-content/,Realnews Magazine,2 Oct 2026,,no,,,,no,no,4,4
Nigeria,Macroeconomy,"Nigeria says domestic gas supply surpasses 2 billion cubic feet per day, eyes further growth",https://news.google.com/rss/articles/CBMiwwFBVV95cUxQUUVIWXhIQUJ6UTZjNU1qU3A2aEswblRxOThPWXpxQ0p5VXU4cGtkMnFrWU4zSXJ5UmVuQW5NNzgtX0ZaclFIdmNhZXU2LTYtMkZrUGRjdXRvdVkwd0tkRUUxdFJRTGJfaW1GRWVucHBlTHRtc25JTW9YX3ppZmFXSXQzWjJGTlFlLVZUVEw3N2FwTjFLWjRlTTFaRlh5Z1M4SUpzdndEZGtHeldIeTZyanYtcWhiZWZscmZTUHExeHJ6UUE?oc=5,Reuters,2 Oct 2026,,no,,,,no,yes,0,15
Nigeria,Macroeconomy,"Overlapping budgets continue to muddle fiscal space, project delivery",https://guardian.ng/featured/overlapping-budgets-continue-to-muddle-fiscal-space-project-delivery/,The Guardian Nigeria News,5 Oct 2026,,no,"• 2025 capital budget extended for fourth time to December 2026 • Experts warn of weaker accountability, rising project costs • Nine-month capital budget performance records 17% • Contractors, investors face uncertainty as projects spill into new budgets","With the 2025 capital budget now running alongside the 2026 appropriation, Nigeria’s evolving capital budget rollover culture is deepening concerns over fiscal discipline, project monitoring and financial accountability.","The latest extension means the 2025 capital budget, originally scheduled to end on December 31, 2025, will remain active until December 31, 2026, a year after its initial deadline and despite the passage of the 2026 Appropriation Act.",yes,no,1,9
Nigeria,Macroeconomy,The Nigeria We Envision,https://budgit.org/the-nigeria-we-envision/,The Budgit Foundation,1 Oct 2026,,no,,,,no,no,2,6
Nigeria,Macroeconomy,World Bank: Women’s Investment Can Unlock $22.9bn for Nigeria,https://von.gov.ng/world-bank-womens-investment-can-unlock-22-9bn-for-nigeria/,Voice of Nigeria,5 Oct 2026,Women,no,,,,no,no,3,5
Nigeria,Macroeconomy,Climate money: Nigeria fit lose 30% GDP by 2050,https://www.trtafrika.com:443/nigerian-pidgin/article/9e597f66a802,TRT Afrika,3 Oct 2026,,no,,,,no,no,4,4
Nigeria,Digital Economy,Will fintech redefine retail investment in Nigeria's equities market?,https://www.cnbcafrica.com/media/7790951046961/will-fintech-redefine-retail-investment-in-nigerias-equities-market,CNBC Africa,2 Oct 2026,,no,,,,no,no,0,13
Nigeria,Digital Economy,"TiLAwards 2026 Recognises Media, Brand Leaders Driving Nigeria’s Digital Economy",https://news.google.com/rss/articles/CBMi7AFBVV95cUxQSGF4dUR0QmZ4QUJiSG5MTWkyMUdJVEVMSHpTc29xclVMbjFvX1NGb0FSbV83ZEgxaGxXdkNpUHRnbnRuOW5tQWNCcXB6QldNUW1ENFRnel9wZDhZcWlpa2Z4YTg3QXZGWm1YZDg3MTQ2X2dNaHZRYzYyaTFMWXNadXgwb1hVNWh6Sm1rUlVna2g2cmpEbFBwY3B4X0ZMUUprTFo4SFFrUjlBTi1GUVhMT3NhdjdPVGtYVDkxTjZuek1mRXV1c1N3b2dhRHVUNTdUcEYxTjVmczlQWU5qZ0d2bm9HOWlXSVBFWVpCbw?oc=5,Nigeria Communications Week,5 Oct 2026,,no,,,,no,yes,1,7
Nigeria,Digital Economy,"Group Unveils Digital Literacy Lab Fund, Honours Community Champions",https://nannews.ng/group-unveils-digital-literacy-lab-fund-honours-community-champions/,News Agency of Nigeria,4 Oct 2026,,no,,,,no,no,2,6
Nigeria,Digital Economy,Nigeria’s fintech boom tests regulatory boundaries,https://news.google.com/rss/articles/CBMimwFBVV95cUxNa0Yzd3hWUWZQV2I2WHVFaF9TQWRDYmM5TFhhVDgzUzU1LXFoZUJYMU5sRElheEpxS2x2cTQtU2RaUWlLT3IwZFE0VFNYV05WWmhiWG92R0Niam5XTlBLMmpOTGYtMFZ1OUl4dFRyLUZ0cFVNdzI1RVU5V0JreHVjWmpTcnVHRHFldUs3V21QRXpiUkllbjBlenNJVQ?oc=5,ITWeb Africa,28 Sep 2026,,no,,,,no,yes,3,5
Nigeria,Digital Economy,"NITDA, ITU and DBI Partner to Expand Digital Skills Training Across Nigeria",https://techafricanews.com/2026/10/01/nitda-itu-and-dbi-partner-to-expand-digital-skills-training-across-nigeria/,TechAfrica News,1 Oct 2026,,no,,,,no,no,4,8
Nigeria,Governance,Nigeria elections 2027: Children of Nigerian politicians wey dey contest 2027 polls,https://news.google.com/rss/articles/CBMiXkFVX3lxTFBTcEplQURJYkp1R0ZLb3N4OUI4ZFZwNlIzeHpnNjF1VmhOdV9icnlJRXREc3NuYk1iR1NsMUswUkNmd2FCUFlsbjBoQkJVZTg2TkZDRU9KSVZXWU5hbHfSAWNBVV95cUxNYU8wa1pZTEdyRGtEVWtlbDZ6UzN0MERKRFNLYm1Gc0tuU2NfV0FIMG9FVkRNdnA3b05mdF8wbUdLY0xYalNvaWNoSEtoSTFGSmVmaGR6VjRMSWZsZ3VxMVZCY28?oc=5,BBC,4 Oct 2026,,no,,,,no,yes,0,15
Nigeria,Governance,"NDC: Seriake Dickson, the beautiful bride of Nigeria’s Democracy — Onjeh",https://news.google.com/rss/articles/CBMipwFBVV95cUxPcFpTSnJ0eEZPTDNDclJmNkY3eWRQbHNXY1ZwRi1yM25iV0ZISC12RWc5WV9WdzBMRUZxS3pmWXFOczdyVDBlOHdIUmNGUXJaOHg1Z0ZHOGduYjh2YlBkbWswQWV5SjRaRFdCX1owaVV1aFNvUFVEeXdGVWJQcl9vSHdvX1B5eFZ6eDRDdE10eXpGd1RpbFVrQ2ozOFFLbjQzaFVmcDNNUdIBrAFBVV95cUxPU2RGX2NKX2R0RFhxT0gyWGFnNGhxRHFIUGR6SUd2eTdaYmYtSTVMbktWNWFOb2JlM1FjSVZySm93Vmc0UXJOSGswQkZZUm1FdHpSUG9HZmdiMkFiZm1TejlFTEQ2dUdlTnFLRDhRRWdnNWxORUlia3MzZURJdlF0ZEpzTzN5TmkxeFdiNTUxN2d3bllXNHNQRXk3RXhmYXY4SWJLMi10bnJEWFcz?oc=5,Vanguard News,5 Oct 2026,,no,,,,no,yes,1,7
Nigeria,Governance,The Raging Information Battle in Nigeria,https://africacenter.org/spotlight/the-raging-information-battle-in-nigeria/,Africa Center for Strategic Studies,29 Sep 2026,,no,"Foreign actors are targeting Nigeria with manipulative information operations to erode trust, deepen polarization, and shape security narratives to gain greater leverage over Nigeria’s political and economic trajectory.","Network map on Nigerian social media topics shows detected coordinated inauthentic behavior (in red) closely overlaps with accounts spreading pro-Russian narratives and those promoting military-led governance. The accompanying bar charts show the most influential accounts in this conversation across two 6-month periods. The leading amplifiers in both periods are documented or suspected malign information operation (IO) assets, illustrating how a relatively small number of coordinated actors can exert disproportionate influence. Over time these narratives are increasingly picked up and shared by authentic accounts. Click the graphics for a full size image.","Nigeria is facing a host of coordinated and deceptive foreign information campaigns intended to shape public perceptions of insecurity, governance, and Nigeria’s regional partnerships.",yes,no,2,8
Nigeria,Governance,"President Tinubu, democratic opposition ecosystem and 2027 elections",https://guardian.ng/opinion/columnists/president-tinubu-democratic-opposition-ecosystem-and-2027-elections/,The Guardian Nigeria News,5 Oct 2026,,no,I have often lamented the consequences of the bad politics that consecutive Nigerian governments have played with the governance and development structures of the Nigerian state and her people. This politics consists in the framework of neopatrimonial dealings that undermine the potentials that a state possesses to transform the lives and well-being of her citizens.,"When the political behavior of the political class manifests a-developmental culture and tendencies, it has a very deleterious consequence on the governance and development framework that the state could own and deploy. By the time Nigeria came into the democratic phase in 1999, the expectations for Nigeria and her leadership to do better in terms of good governance have heightened beyond the business-as-usual politics that defined the Nigerian political class up to that juncture.","Democracy comes with its own imperatives in terms of the internal party mechanisms and framework, inter-party relationship and the deliverables expected from democratic governance. The critical point is that democracy demands more than giving attention to elections and electoral dynamics as if political succession encompasses the entirety of what it means to call a state a democracy.",yes,no,3,7
Nigeria,Governance,Kano senator blames weak legislative oversight for democratic challenges,https://gazettengr.com/kano-senator-blames-weak-legislative-oversight-for-democratic-challenges/,Peoples Gazette Nigeria,5 Oct 2026,,no,Suleiman Kawu-Sumaila (APC-Kano South) has identified ineffective legislative oversight as a major challenge confronting Nigeria’s democracy.,Suleiman Kawu-Sumaila (APC-Kano South) has identified ineffective legislative oversight as a major challenge confronting Nigeria’s democracy.,"Mr Kawu-Sumaila said this on Sunday while accounting for his three-year stewardship to members of the Kano Correspondents’ Chapel. He said effective oversight by the National Assembly and state assemblies was critical to accountability, transparency and good governance.",yes,no,4,6
Nigeria,Agrifood & Climate,‘Killing farmers attacks Nigeria’s food security’ — Kyari,https://news.google.com/rss/articles/CBMikwFBVV95cUxQanEyLVFuVTRsWkpTRXl3cjY2bW1acFZydl9BXzZvWW5uSXg3UVI4bW85cFZCUlFESlVlMHNrMDhPZlVyNGZaeDgxR09yWEt4bzdnWEZWaXNiU3Robm13aDJCUnBRT0swQ1ZEYVYzZ1ZOTlVtbVNaakUxTmNRbFlpbFR2enZoVWZSZDBJdGV1TllLcE3SAZgBQVVfeXFMUGIyaklNTjVnY0xxMWZXcVluTnNzajB4QWdFQ0hfWklSVE42TDl1Y0RjYjhFVS1FaWhlWktheC14V0oxaEVOS05RMGt5VmdnN1dWelpxY3F5dzlJVmNnUXYwb1RnS2JzeW5JWWduUjBDM3otaDZhZG1INHRCcVl2Yzg1b1BSd0hHTHNQY3Bnejd0Vk5mV0R5V0o?oc=5,Vanguard News,4 Oct 2026,,no,,,,no,yes,0,8
Nigeria,Agrifood & Climate,"Nigeria Can Earn More from Agriculture Through Local Processing, Says IFC",https://www.thisdaylive.com/2026/10/05/nigeria-can-earn-more-from-agriculture-through-local-processing-says-ifc/,THISDAYLIVE,5 Oct 2026,,no,– Backs Johnvents’ drive to transform Nigeria’s agric value chains,"Nigeria can earn significantly more from its agricultural resources by expanding local processing and retaining greater value from commodities before they reach international markets, the International Finance Corporation (IFC), a member of the World Bank Group, has said.","The IFC made the assertion as it strengthened its collaboration with Johnvents Group to accelerate agricultural value addition in Nigeria, with emphasis on local processing, sustainable supply chains, infrastructure, technology, regional trade and access to global markets.",yes,no,1,9
Nigeria,Agrifood & Climate,Another El Niño in the offing? Nigeria can’t afford to wait,https://news.google.com/rss/articles/CBMiggFBVV95cUxQd1hPUVJFckhhOWwzSlJqLVR1YVNIQmFuMF85bXp3OXFHdDU0Smh0Uk9OUGF3dXBLa215T2VKdnl1RllJRWtSREppU1NUR3RiVmJkanFlMU1USk5aTzNxdGV5ZHJjdTQwN2FLQmZLM0VEY0V3bldQQkhFZVBRZGJiQ3F3?oc=5,The Sun Nigeria,4 Oct 2026,,no,,,,no,yes,2,6
Nigeria,Agrifood & Climate,Nigeria’s food security challenges and solutions,https://news.google.com/rss/articles/CBMikgFBVV95cUxORXEtaHJCYXJ2N3cwZnBORTE3SDJuVUY1OHlXcmhUVldCMlRnNDRKOUQ5bERjMEhBZXROSHlyRzNlTGZnaG9EZmk5M1IyaVdUaUpUbGFWZDc1S19ic3k5eU1vdFlvSUJ4cjFISjJtSDVNaDFOOE94LUxPSVVSLXZ5UlFnNXF3UVNoODJyNmZlbU9aZw?oc=5,Business News Nigeria,4 Oct 2026,,no,,,,no,yes,3,5
Nigeria,Agrifood & Climate,Director-General of Thailand International Cooperation Agency and President of Kasetsart University sign Memorandum of Understanding on Capacity Building in Agriculture and Fisheries in the Federal Republic of Nigeria,https://news.google.com/rss/articles/CBMi2wJBVV95cUxNNzU3R0xyTUZ6Yk5LaFRoV3ByeC1TOU51ZzJPci1iaXlMVG5ybnRvUjNxbXhSYTB3MWJZMVVqX21EcU9qbnR1T0hFRzFEQXlVaG10R0NBS0FuRFNVQU1tbkNwQi10UHVuUlVwNVV1NWw2SWtVYzk0SjV3cC1LWHRWUGVGR1pQYVhOLVBNY0lLV2lrM1Yta2FZYS1qaVV0eC1waTdnRUlHNy15WUp5Ym03eUZIQi1VSzNUYTI2YmRyYTFqVlc3ZGNZOGU2MUhNa0tiVDJXWkwzc3BxaXZCZUF0eVBHYkl4aWVaWFl4WlM2WXlPRERmNXhoblUtRTVna2JDSTV0UTAtd3o4T01XQ0NlMUtHZjB2OGxzam82VkdaTlZkbHVka0RaTmEtMFB5NTVQYzNwZDEzSjEtUHhxbzcxUFhBM3FtXzFTVWhMWVdUdDRxNWRxd3dOWmRPRQ?oc=5,Africa.com,30 Sep 2026,,no,,,,no,yes,4,4
Nigeria,Workforce & Human Capital,Faith leaders could help expand hypertension screening and education in Nigeria,https://www.news-medical.net/news/20261001/Faith-leaders-could-help-expand-hypertension-screening-and-education-in-Nigeria.aspx,News-Medical,2 Oct 2026,,no,,,,no,no,0,8
Nigeria,Workforce & Human Capital,Nigeria’s school kidnapping threat is changing: 4 lessons from the 56-day Oyo attack,https://theconversation.com/nigerias-school-kidnapping-threat-is-changing-4-lessons-from-the-56-day-oyo-attack-289363,The Conversation,30 Sep 2026,,no,,,,no,no,1,7
Nigeria,Workforce & Human Capital,"We’ll overhaul education, make teachers best paid — Adebayo",https://news.google.com/rss/articles/CBMilwFBVV95cUxPNnpobU8zLXVqU04teDkwUTdXVTVqM01uLTkwa3hoRXpHdlh4eTBicjJzY0RxbHVBblNvUnBla2p3T3QyM2QtUF9JX0ZyX3dpOTJrVV9hNjl2VEprb3BydDl4Skp3bnhDdl85ZVNBemdxN0d6WV9GWlVrdXZ4NHdURFcyZnNnbG5sdEdTeUNISF9MYTRrYmQ00gGcAUFVX3lxTE84WkJYaGRHWDFBWVdUY0VTWEJjbG9od25RdDJERFcyV0hOZlVkZ0hDZWVrOWhBM3JoaWlVMFFmSjV0aU9wUHo3Sm5NQW11NnRwT1pIX1hPdmoyd0RraGwwZlRjc3hXd0x0eEZydDJtai0tcGFiajlqbi15SllSYTgxWXVydWVMYXRGYUFmQ28xN1RZamd1emdCUjFZeQ?oc=5,Vanguard News,4 Oct 2026,,no,,,,no,yes,3,5
Nigeria,Workforce & Human Capital,Billionaire Jim Ovia warns Nigeria against trading quality for more universities,https://www.billionaires.africa/2026/10/01/billionaire-jim-ovia-warns-nigeria-against-trading-quality-for-more-universities/,Billionaires.Africa,1 Oct 2026,,no,,,,no,no,4,4
Nigeria,Workforce & Human Capital,"Nigeria Police arrest commissioner, five odas pesins for alleged involvement in di death of deputy director for Delta State",https://news.google.com/rss/articles/CBMiXkFVX3lxTFBuLUhIQlRtS2hBVUtBLVdJU1BvazluVlZqcko1MHltREpQN2xaTFZoSzRWVXExTk1UT01tdHc0U1N3T18ySng4UVRyNG5kSHJfdzRRa1ZMT0NuR0o5WlHSAWNBVV95cUxOYi1WMjBLWFV1U3g5NFl1b1JwYmZWX3hqaV9GSWluRGE0SnVCenZnNm4tSUtQNnhvVWxFWXNFbDVZRzBXcTZWSlM5eG1xcTZHenkxZ3ZlN0pvbHJBSzYwT0tSVWs?oc=5,BBC,30 Sep 2026,,no,,,,no,yes,5,10
Nigeria,Country-Specific Context,Nigeria launches AgriConnect framework for agriculture,https://news.google.com/rss/articles/CBMiqgFBVV95cUxOci01RGc5cW9HSnIxbTdvZnV6ancxWVFSZ0pOc0FuTE11dUl5Z05vQlN0YldtSkNTa1FETUNlYmhkVWFzTXZpZU83ZkRZNXF2NTJHY0JNQ05taFlMcnljT3JVQVZ0d1VOcElFS091cDRKeTNLTEJYTW9oRTlMYWM1S3FNVWo1TlhodnhSWkhvTGlqTVRiU3o0TmNPdHdVMjZ0b1pLa0llUDFuZw?oc=5,Africa Business Communities,29 Sep 2026,,no,,,,no,yes,0,8
Nigeria,Country-Specific Context,"FG: Nigeria’s Annual Wheat Output Rises From 120,000 to 420,000 Tonnes",https://freedomonline.com.ng/fg-nigerias-annual-wheat-output-rises-from-120000-to-420000-tonnes/,freedomonline.com.ng,4 Oct 2026,,no,,,,no,no,1,7
Nigeria,Country-Specific Context,Johnvents expands investor outreach as agribusiness operations scale in Nigeria,https://news.google.com/rss/articles/CBMiqwFBVV95cUxNWC0zOVhLMXpMejVLQ29qYXFtVFBGVDZDd1M4Yk1PVnJHTW1wWjNoN2RWejFZNENhc0Zsbk1QOWItbUNyMS1Mbm0yRnNFeEs3bHdndXdRQjdPMDVzUF9rQjNfXzZ4OWxaWVRvdHBlZmxUNTZiNFFBMDliSDdwMjd0anFxeE5UbnNMZFRURUpDUU40aTBsT25qWHZ6ZVhHVV9sS3p3ZXBCemYzYWs?oc=5,Traders Union,30 Sep 2026,,no,,,,no,yes,2,6
Nigeria,Country-Specific Context,NIPOST to Launch National Digital Postcode System to Improve Government Services,https://freedomonline.com.ng/nipost-to-launch-national-digital-postcode-system-to-improve-government-services/,freedomonline.com.ng,30 Sep 2026,,no,,,,no,no,1,7
Nigeria,Country-Specific Context,Nigeria’s New Digital Postcode Joins Global Race to Solve the Address Problem,https://thetrumpet.ng/nigerias-new-digital-postcode-joins-global-race-to-solve-the-address-problem/,The Trumpet Newspaper Nigeria,1 Oct 2026,,no,,,,no,no,2,6
South Sudan,Jobs & Employment,"Women, girls make up 53% of people facing added food insecurity due to Mideast escalation: UN",https://www.aa.com.tr/women-girls-make-up-53-of-people-facing-added-food-insecurity-due-to-mideast-escalation-un/,Anadolu Ajansı,2 Oct 2026,Women,no,,,,no,no,0,8
South Sudan,Jobs & Employment,"Trump gives Elon Musk, Fox News host big jobs in his second term",https://eyeradio.org/trump-gives-elon-musk-fox-news-host-big-jobs-in-his-second-term/,Eye Radio,4 Oct 2026,,no,,,,no,no,1,7
South Sudan,Jobs & Employment,ILO launches new phase of business plan competition for refugees and host communities in Ethiopia,https://news.google.com/rss/articles/CBMipgFBVV95cUxQdFZIVnAyTDhuR0hUUVIzXzdFZWx4bXFtOWFkREM5Nnc1QThlUDRDM2xYLXF0eENZdDdOQ05uY1JWY1pNTHdObEhVdFp2cDhDQTVLQ3ZmYnUxWnoxZXgtYm5CcjFxUm1kRk9idEtPTUdqclFVOWlpeUJpM0p3RTk5T2YxRXVuTXNua1FNUVFrVXpxS1VKRU5EUUZWdE5reEl3TGM4T1JR?oc=5,International Labour Organization,2 Oct 2026,Refugees,no,,,,no,yes,2,6
South Sudan,Jobs & Employment,South Sudan’s Oil Revival Gathers Momentum,https://panafricanvisions.com/wp-login.php?redirect_to=https%3A%2F%2Fpanafricanvisions.com%2Fsearch%2FSouth%2BSudan%2Bs%2BOil%2BRevival%2BGathers%2BMomentum,pan african visions,4 Oct 2026,,no,,,,no,no,3,5
South Sudan,Jobs & Employment,"Women, Girls Make Up 60 Percent Of Afghans At Risk Of Food Insecurity, Says UN",https://www.afintl.com/women-girls-make-up-60-percent-of-afghans-at-risk-of-food-insecurity-says-un,Afghanistan International,3 Oct 2026,Women,no,,,,no,no,4,4
South Sudan,Macroeconomy,"Tracking the ""America First"" Bilateral Health Agreements",https://www.thinkglobalhealth.org/article/tracking-the-america-first-bilateral-health-agreements,Think Global Health,29 Sep 2026,,no,,,,no,no,0,8
South Sudan,Macroeconomy,Opinion: How capital flight is draining South Sudan’s economy,https://eyeradio.org/how-capital-flight-is-draining-south-sudans-economy/,Eye Radio,2 Oct 2026,,no,,,,no,no,1,7
South Sudan,Macroeconomy,"South Sudan - Conflict, Independence, Refugees",https://news.google.com/rss/articles/CBMif0FVX3lxTE5FeVQtSWNLOWJmX2g4emNYbUNBU1Z0YjNJN2JEb2VwaFVyb2JmTUVScU03cnRiT1BhYm5VeS1ORko4YVdWalBCdmQ3SnhZc0tjS3ZzWDZzOTdpckNzd044QzQtTzdsVVc3WUxTZU5wb0stYnpMVjdISVMzbXR2S0E?oc=5,Britannica,2 Oct 2026,Refugees,no,,,,no,yes,2,6
South Sudan,Macroeconomy,10 poorest countries in Africa 2026,https://news.google.com/rss/articles/CBMifEFVX3lxTE05Rm9ndG9aNERGTEZVYTl2ZGsweHZ1ZFVGekdxbV9wdXNYVFNvd2p4My1BYzBXbndWT0hicHk4bFpsa3h1N0F2WXJuNjJxRkI5U3VhbnR0a29FTzJadW1MUGM4alNBS0RqNTR0aks3Y2xXWThONlJpZW5RRmTSAYIBQVVfeXFMTTkzNm1Zdzh4ZlM1MXdpcE1VY19iRUg0ZUNQbHhRUHRuV3JEU3NfNmNTb1VJWjlJLWZfX2JxdmhIVlh2SEMxOWJ3c2VLdHZoeUJVR3pZN0Qxenp1NElWY25oWXV6TExjUUhrVjFHNHJnUXBwV2NnNkR0OUtvVHBXMUw4Zw?oc=5,Vanguard News,1 Oct 2026,,no,,,,no,yes,3,5
South Sudan,Macroeconomy,Dangote’s Lamu Refinery Gives LAPSSET a Second Chance. Will South Sudan Take It?,https://magazine.feaffa.com/dangotes-lamu-refinery-gives-lapsset-a-second-chance-will-south-sudan-take-it/,freight logistics magazine,3 Oct 2026,,no,,,,no,no,4,4
South Sudan,Digital Economy,"Separated by war, reunited by a phone call",https://news.google.com/rss/articles/CBMihAFBVV95cUxONlpodEljZlNQeFJvS3d6Uko1aEY4elRPX29MRldCNDlBMzJTQjhYaVBxWEJJbEVMWmFVMW02UUt2Y24zWGpyem90dURTVS1wcnFJVWt0OEpFU2FWcktOVk43bXQ4T3lnbXJCZHJyQXNwNGRGbE5IaC05WFMxWklwXy1BVms?oc=5,nrc.no,29 Sep 2026,,no,,,,no,yes,0,8
South Sudan,Digital Economy,South Sudan ICT ministry backs Crawford Capital following U.S. measures,https://eyeradio.org/south-sudan-ict-ministry-backs-crawford-capital-following-u-s-measures/,Eye Radio,2 Oct 2026,,no,,,,no,no,1,7
South Sudan,Digital Economy,Ghana tightens scrutiny of public sector AI buys,https://itweb.africa/article/ghana-tightens-scrutiny-of-public-sector-ai-buys/mYZRX79gbbjqOgA8,ITWeb Africa,2 Oct 2026,,no,"Ghana has announced that all public-sector artificial intelligence (AI) acquisitions will now undergo a centralised technical review, in a move the government says will safeguard the country's data sovereignty and ensure long-term domestic control over critical digital infrastructure.","Under the directive, the Ministry of Communication, Digital Technology and Innovations will coordinate technical requirements, while the National Information Technology Agency leads the technical scoping.","""Every government-acquired AI system will now be evaluated against strict benchmarks for interoperability, data protection, cybersecurity, sustainability, and mandatory local skills transfer,"" said Samuel Nartey George, minister for communication, digital technology and innovations, speaking at an AI forum in Accra co-hosted with the US Embassy.",yes,no,2,8
South Sudan,Digital Economy,The convergence imperative: TICON Africa's policy case at Livingstone 2026,https://news.google.com/rss/articles/CBMiqgFBVV95cUxNZUJZSXlNdFJJbkdhRlVDY2xTNGctNndxZEpaTXcxdU1RcE5OMEpFT3I4UDZtT2pScGNUekliV1c0eTVOS0FwYWhXdDg2ZGxDUjlFVHZaZHlkOFI1RFZreHNGNWVEU3lZZDFpcG0xdmxvNHBMS1ZVeFMyUTlyRkxhTVBWYnRJRk05YzlXUXJoRXRvbHF4MEMwNnk3Zmlwbks5SmxLTnRtUHpiZw?oc=5,Business & Financial Times (B&FT),1 Oct 2026,,no,,,,no,yes,3,5
South Sudan,Digital Economy,Opinion: Take the telecom tariff dispute to court—social media cannot overturn regulation,https://news.google.com/rss/articles/CBMirwFBVV95cUxQMlZmZDZ1MktBSzZXanFQaGw4d0l6NlRDTHFabHlfTWJrWlRtaUlWMHFjNXlyUTVfSDR3QTRIZFF1WjJ3cTBkUi1kLUZSeE1JZnA1d3RKWlU0cjhmTDVoWlNtbzZkZ2gwV2MtNUhUNFZ5Zko1S056UV81VF9pektkeWs3SGZzbkRwWUdVLUxBUFFIdHIzSVVBLTJJTnI0ZnVfOTduSmNVV2RsRjB1OThv0gG0AUFVX3lxTE1EM0hZTFJrWjF4QXcybDZRZnFXWFNYWGVLQ0hEaW1vaVNfZ29FY3lEbnppeU1WMUIzVFRjWm84QURHS3Fhb1BLaWtreWpDV3VOaG9VaWhxTmxjTERzYmRQSUtSVkljcF9vZzZnZ3poRl9vT0YyRHByYUQ4Zmp3bDc4bHFsUHE3anpDN3lZdjROemE2ZmVMY21rOHlkQnNfQ2thV0ZYMDI3X2c3ZEdmUjNieV9RRA?oc=5,Eye Radio,3 Oct 2026,,no,,,,no,yes,4,4
South Sudan,Governance,"‘Ballot must replace the bullets’, South Sudan tells General Assembly ahead of elections",https://news.google.com/rss/articles/CBMiV0FVX3lxTFBJNUNmODZ5Q3AyaFpPQzZBRUhtb1l6OUJNa28xa3BLUXo1V0RfV0JwcXhwRVlma0xSWU5YRFdLTGYzTHBacFl6eHFkMFVYN1M2d0ZJN25kWQ?oc=5,UN News,28 Sep 2026,,no,,,,no,yes,0,15
South Sudan,Governance,Will elections happen in South Sudan?,https://news.google.com/rss/articles/CBMihgFBVV95cUxPYUFYbnBaaFBKR3pZMktTNnBCODY3UjBqbldaa09Qbk1tY3dBdE9nSnlNZFBCQVJ5Y1Q5czZqNnVRRWl0SnNyejRaTDdoalA4RDZab1ItdDNRT0JyaEpVNTBwTEhwWEhwN2tMZlVDZ0gxNGRIWVBvSFNabmJ3UTBYcXpFVTl0QQ?oc=5,dw.com,3 Oct 2026,,no,,,,no,yes,1,12
South Sudan,Governance,Ramaphosa urges South Sudan to remove obstacles to fair elections — Daily Maverick,https://news.google.com/rss/articles/CBMitAFBVV95cUxQQk1PVm5xQjlKeEN0VEtHVmVnVFZoYVF6YzVBZWFKOFdqZEgzTkw3TVIxS0pVRTczUXpjVmFldzhRdTRDRXhtX2NCSzFNVUZLWGRzOV9QRWhiN0tpNmVmb3NsWGlTRGVyMXBremx0R1o1bGhMSEpjaHlhMWZmNDFsTWU1S2lsMzV6c1dmdy1uWEZha1BmZ0hrdV8zbUg1T191aVV1MjRlZFZJMm41R0NzQndlbjM?oc=5,UA.NEWS,29 Sep 2026,,no,,,,no,yes,2,6
South Sudan,Governance,"Kiir leaves Juba for Nairobi for talks on elections, regional stability",https://www.sudanspost.com/kiir-leaves-juba-for-nairobi-for-talks-on-elections-regional-stability/,Sudans Post,4 Oct 2026,,no,,,,no,no,3,5
South Sudan,Governance,"Kiir, Ruto to discuss Lamu oil refinery and South Sudan’s elections",https://eyeradio.org/kiir-ruto-to-discuss-lamu-oil-refinery-and-south-sudans-elections/,Eye Radio,4 Oct 2026,,no,,,,no,no,4,4
South Sudan,Agrifood & Climate,"Global Weather Hazards Summary, October 01, 2026 – October 07, 2026",https://news.google.com/rss/articles/CBMingFBVV95cUxNaXQ0SUFvSUlmbmNtb0NwSVVkZTlSSW1NTlVpLUtSOW5HU2RmLUdYTmk2b1dDVHhxcHFQTHZnSFV0T1hsamdCLWNsalcwZG16a050eGc5Q1RVc0RncW54N1NjengwUHJYVWN3dmZLeGgyQUxkTS1zektDbWhQRzFHV3BUYkZmQlZGekhqTFhRQzVVX0YybzFhMmlvQ3JuZw?oc=5,ReliefWeb,30 Sep 2026,,no,,,,no,yes,0,8
South Sudan,Agrifood & Climate,We see East Africa’s food crisis coming — why are we waiting to act?,https://news.google.com/rss/articles/CBMingFBVV95cUxNOW84U3VzUk9iWmg4VXdnX0ZXT0JSMVZITzhndWNkd2NmMjlIbzJaTmllRDdFQ0kzeG5SMWRnMnh2Um9NSDB3dmJDMzlxX2p5anlWbm5WVzd0MVRVR1lJUVI4b09oOTBJaGFqTTN0TlVCV2g2REJiZEdfNkEyRWxXellLVWRUdmIxWDNuOUZBMnVjc3FQTWpiVTA2ek1ud9IBngFBVV95cUxNOW84U3VzUk9iWmg4VXdnX0ZXT0JSMVZITzhndWNkd2NmMjlIbzJaTmllRDdFQ0kzeG5SMWRnMnh2Um9NSDB3dmJDMzlxX2p5anlWbm5WVzd0MVRVR1lJUVI4b09oOTBJaGFqTTN0TlVCV2g2REJiZEdfNkEyRWxXellLVWRUdmIxWDNuOUZBMnVjc3FQTWpiVTA2ek1udw?oc=5,The Hill,3 Oct 2026,,no,,,,no,yes,1,7
South Sudan,Agrifood & Climate,Why El Niño responses must address women’s needs,https://news.google.com/rss/articles/CBMiowFBVV95cUxPbUc4amR2dkhEenE1ZHNXTU0tM2dxblhDalI2S0NZOTcxaFpmcmQ0TGFkUVZlSE1fOHZ1LUQ2VVg2TkdvUHhTMktoMHRYOHFacV95SmpMRlI3empsOXhBeVRrdGFvV3ZLYi1NNXhUZnBEY0hyQ2xZeUwwOE45czZJdDNVTUZfekFYX2JIWWVQOVdpRU1lNUswekJNNEMzTEpURnVV?oc=5,Daily Nation,5 Oct 2026,Women,no,,,,no,yes,2,13
South Sudan,Agrifood & Climate,"Today's top news: El Niño/CERF, Democratic Republic of the Congo, Sudan, Occupied Palestinian Territory, Syria, Haiti",https://www.unocha.org/news/todays-top-news-ethiopia-sudan-democratic-republic-congo-occupied-palestinian-territory,OCHA,29 Sep 2026,,no,,,,no,no,3,5
South Sudan,Agrifood & Climate,UNMISS facilitated ‘Peace Talks’ focuses on the impact of climate shocks on peacebuilding,https://unmiss.unmissions.org/en/news/unmiss-facilitated-peace-talks-focuses-on-the-impact-of-climate-shocks-on-peacebuilding,UNMISS,4 Oct 2026,,no,,,,no,no,4,4
South Sudan,Workforce & Human Capital,"South Sudan - Education, Literacy, Schools",https://news.google.com/rss/articles/CBMiZEFVX3lxTE1fYThmYks5SUNObGh1VkFWajdBeEFPdmluOERUSF9kVXU5aW5MOXllMUpIaDV0T01pUlNXX0x5R18wdVlWY2xWUTRPT2Rha2J1Qy1XRVJ3VUsxRjRXTzRpMDNlMTk?oc=5,Britannica,2 Oct 2026,,no,,,,no,yes,0,8
South Sudan,Workforce & Human Capital,Strengthening Teacher Leadership in South Sudan through Mentorship Programs,https://news.google.com/rss/articles/CBMipgFBVV95cUxPVmlpbFJiaXU5Y0RnUzg0Y1dRRTJ5UXFjcDNkSWNFX0F2Zm9TVVA2cWIzV2F6M19zZ0hZSkZHMVNrSkV2M29rQXlTSVZ3QWVyZ1BqZmN6bGpWSFVjaWV2c0dMSHVoa2g0OWdlLURDWTE2SGEwMGJfMHhwMWh0RjFKSmJhaGVKZ3l2WkNPOW0ta2g0V050VERMSXZ0OXEzYlFEdDA1Wld3?oc=5,Oxfam,1 Oct 2026,,no,,,,no,yes,1,7
South Sudan,Workforce & Human Capital,Canada helping to fund South Sudan vote despite growing repression,https://www.theglobeandmail.com/world/article-canada-south-sudan-election-financial-support/,theglobeandmail.com,4 Oct 2026,,no,,,,no,no,2,6
South Sudan,Workforce & Human Capital,Pillars of Hope: Two Committed Educators Reconstructing Futures in Chummedi,https://news.google.com/rss/articles/CBMirwFBVV95cUxPTy1yZC1zMTFLRjg1UXRLX2NITzNRUHNUX0hXMDRFTWJ2QUQ3VzQyZnlBTkhyQVByVk1XYldSdHVDQ2ljZzQ5cW5mMkY1dDBLTXZmRnp5cDE3N0cwaVFfVTRPX3JoUDk0WXo2V0trb1Z1TEZ5QlRObzQ0YS1hcDhYM0xla3p6anBqTU9vbDcwUUdPNldOcjNMNjVBd1JRZ3FBdHIxbGV2UkkwZUhqZURJ?oc=5,UNICEF,29 Sep 2026,,no,,,,no,yes,3,5
South Sudan,Workforce & Human Capital,Belt and Road Initiative: South Sudan journalist: China-aided school trains local health workers and boosts human capacity,https://news.google.com/rss/articles/CBMieEFVX3lxTE9CNlllUzZucExyVEdmSEw5aXFIVng4Z3NRT3A4SUFMQ2poOTRMeXQ5clQ0U1ZndXdxYnk1UFlkaUV1SXBZc0oyUzQtOENnc0JsMlhfTFBZdkFEbW1sT0xYNThrcDZEbVFwdEswczZQa1hvSVVDSmVtUg?oc=5,news.cgtn.com,3 Oct 2026,,no,,,,no,yes,4,4
Tanzania,Jobs & Employment,Tanzania Economic Update 2026: Making Jobs Work,https://news.google.com/rss/articles/CBMilwFBVV95cUxPbi0yWUw3NUJvaDlYalhjQmlQT2lOMFBHOXY0NlRFWTA2TmNJS1ZIbE1PQ05PbFdIV0Vlc25BMkhKYmcyUDJkR3RmMWotZnF1anFyeFNRWGNtaENRUk9iT29ER2FRZEt5ZkF4UkNCU2I1SS1uc2FzWEhoMFk3X291aXNvT25VdFpxVXZ4ZVhfQ2VkZ21SM2pv?oc=5,World Bank Group,1 Oct 2026,,no,,,,no,yes,0,8
Tanzania,Jobs & Employment,Tanzania growth set to reach 6.1 percent; World Bank Report,https://news.google.com/rss/articles/CBMiqAFBVV95cUxNczZMcFlDZm50WWFWczFsMUZyc2dmRHEyeDE1Wkp4cGJ4S2RWbWtXUXcyWmlkNXpCOEdJMHpicUktdnBtWDhmaEFBbkkycWxjM2JlcGdUOUh6Q3g1VWJEV1NWVFRUdHRsN1h5TkRCVXNUdGVESVoxblA3SU41S0FqdEp3eC1lMVdUZkpHaE9vTl80U0x0SlpFUjgzOWxLSy1UYkZkbVZQeHE?oc=5,Africa Business Communities,2 Oct 2026,,no,,,,no,yes,1,7
Tanzania,Jobs & Employment,95% of Tanzania’s Employment Is Informal. Can Vision 2050 Reverse It?,https://uchumi360.com/uchumi/workforce/tanzania-employment-informal-vision,Uchumi360,2 Oct 2026,,no,"About 95% of Tanzania’s employment is informal, while Vision 2050 targets at least 50% of Tanzanians holding decent formal jobs. Reaching that target will require a major transformation of firms, skills, agriculture and labour productivity.","Tanzania has set one of the most ambitious labour market targets in its development history: by 2050, at least 50% of Tanzanians should hold decent jobs in the formal sector. The starting point is far more difficult than the target suggests. The World Bank’s latest Tanzania Economic Update: Making Jobs Work estimates that informality increased from about 93% of employment in 2020 to roughly 95% in 2024 as the working age population expanded faster than the formal job base. Tanzania therefore enters Vision 2050 with an economy in which work is widespread, but formal employment remains the exception.","The target itself is explicit in the government’s Tanzania Development Vision 2050 . Under the goal of improving quality of life and wellbeing, Tanzania aims for at least half of its population to hold decent formal sector jobs by mid century. The same Vision expects Tanzania to become a $1 trillion upper middle income economy with per capita income of $7,000. Formal employment is therefore not a peripheral social target. It sits inside the economic model Tanzania has chosen for becoming substantially richer.",yes,no,2,8
Tanzania,Jobs & Employment,Tanzania’s Growth Gains Need Better Jobs to Bring Lasting Prosperity to More Families,https://www.devdiscourse.com/article/other/3985481-tanzanias-economy-gains-momentum-but-better-jobs-hold-the-key-to-broader-national-prosperity,Devdiscourse,3 Oct 2026,,no,"Tanzania's economy is expanding, but its next development challenge is ensuring that growth delivers better livelihoods. The World Bank's latest Tanzania Economic Update, featuring ""Making Jobs Work"", reports GDP growth of 5.9% in 2025 and forecasts expansion of 6.1% in 2026 and 6.5% over the medium term. Yet with nearly 69% of working-age people employed, inadequate earnings remain a concern. The policy challenge is to increase productivity and improve the quality of employment.","For government, businesses and development partners, this means looking beyond headline growth. Progress will depend on whether firms can expand, farmers can earn more and workers can access opportunities that provide a better living.","Finance, trade and transport have been major contributors to economic expansion, alongside increased government spending ahead of the October 2025 elections. However, growth in these activities does not automatically improve earnings for people working in low-productivity agriculture or informal enterprises.",yes,no,3,7
Tanzania,Jobs & Employment,Why Tanzania’s millions of jobs are failing to deliver quality work,https://www.thecitizen.co.tz/tanzania/news/national/why-tanzania-s-millions-of-jobs-are-failing-to-deliver-quality-work-5619870,thecitizen.co.tz,5 Oct 2026,,no,,,,no,no,4,8
Tanzania,Macroeconomy,Tanzania Renews Barrick North Mara Mining Licenses for 15 Years,https://www.barrick.com/English/operations/north-mara/default.aspx,Barrick Mining Corporation,5 Oct 2026,,no,,,,no,no,0,8
Tanzania,Macroeconomy,Why Tanzania’s 6% Growth Is Barely Reducing Poverty,https://uchumi360.com/e/g/world-bank-report-tanzania,Uchumi360,5 Oct 2026,,no,Tanzania has averaged 5.7% economic growth for two decades and is projected to grow 6.1% in 2026. Yet poverty has barely moved since 2018 and real private consumption per person grew only 0.2% annually between 2018 and 2025. The World Bank’s latest report explains why productivity is now the central economic challenge.,"Tanzania has spent much of the past two decades among Africa’s faster growing economies, averaging about 5.7% real GDP growth a year. The World Bank expects growth to reach 6.1% in 2026 and average around 6.5% over the medium term. Yet its latest Tanzania Economic Update: Making Jobs Work presents a much less comfortable measure of economic progress: the share of Tanzanians living below the $4.20 a day poverty line is estimated at 69.8% in 2026, barely below 70% in 2018, while real private consumption per person increased by an average of only 0.2% a year between 2018 and 2025. Tanzania is producing considerably more economic output, but that expansion is translating into household welfare far more slowly than the headline growth rate would suggest.  World Bank","The World Bank does not argue that Tanzania’s growth is artificial. The economy expanded by 5.9% in 2025, inflation remained within the Bank of Tanzania’s 3% to 5% target range, domestic revenue exceeded budget projections and public debt remained moderate at about 49% of GDP. These are meaningful macroeconomic strengths. The report instead raises a more difficult question about the quality of growth. Tanzania has generated activity, investment and employment, but productivity gains have been insufficient to produce equally strong improvements in incomes. The Bank says growth over the past two decades has been driven primarily by accumulation of resources rather than productivity advances, while productive employment, agricultural productivity and human capital have yet to shift sufficiently to change the poverty trajectory.  World Bank",yes,no,2,8
Tanzania,Macroeconomy,Tanzania paving way for nuclear energy and economic growth with revival of historic uranium project,https://africanminingmarket.com/tanzania-paving-way-for-nuclear-energy-and-economic-growth-with-revival-of-historic-uranium-project/27104/,African Mining Market,1 Oct 2026,,no,,,,no,no,3,5
Tanzania,Macroeconomy,How to grow $25K into community-led conservation: Interview with Tanzania’s Mwambao,https://news.mongabay.com/2026/10/how-to-grow-25k-into-community-led-conservation-interview-with-tanzanias-mwambao/,Mongabay News,2 Oct 2026,,no,"UNGUJA, Tanzania — Decades before they would partner to build a marine conservation organization together, Ali Thani and Lorna Slade crossed paths in Tanzania.","Years later, Slade returned to the East African country researching tourism for her master’s degree when she became involved in an initiative aimed at strengthening the knowledge and rights of local resource stewards. Then came the 2008 global financial crisis. The organization backing the initiative withdrew from Tanzania, providing only a fraction of the funds it had earlier promised — $25,000 — and an idea worth pursuing. “So they said, ‘OK, well, it’s a good idea. We have $25,000, so here you are,’” Slade recalls.","That modest beginning would eventually become the Mwambao Coastal Community Network, a locally rooted organization now working with coastal communities across Zanzibar and mainland Tanzania, with an annual budget of around $3.5 million.",yes,no,4,6
Tanzania,Macroeconomy,Turning Tanzania’s natural wealth into national prosperity,https://dailynews.co.tz/turning-tanzanias-natural-wealth-into-national-prosperity/,dailynews.co.tz,5 Oct 2026,,no,,,,no,no,6,6
Tanzania,Digital Economy,Absa’s Sitoyo Lopokoiyit points to Tanzania’s mobile money market as Africa’s innovation outlier,https://techtrendske.co.ke/2026/10/04/tanzania-mobile-money-market-absa/,TechTrendsKE,4 Oct 2026,,no,,,,no,no,0,8
Tanzania,Digital Economy,Cybersecurity takes centre stage in Tanzania’s financial sector,https://dailynews.co.tz/cybersecurity-takes-centre-stage-in-tanzanias-financial-sector/,dailynews.co.tz,3 Oct 2026,,no,,,,no,no,1,10
Tanzania,Digital Economy,How growing demand for internet is creating new businesses in Tanzania,https://www.thecitizen.co.tz/how-growing-demand-for-internet-is-creating-new-businesses-in-tanzania/,thecitizen.co.tz,3 Oct 2026,,no,,,,no,no,2,10
Tanzania,Digital Economy,INSIDE THE MIND OF AN AFRICAN FINTECH VETERAN,https://www.youtube.com/watch?v=inside-the-mind-of-an-african-fintech-veteran&feature=youtu.be,YouTube,29 Sep 2026,,no,,,,no,no,3,5
Tanzania,Digital Economy,"Tanzanian Delegation Visits Agribusiness, AI, Data Centre and Railway Facilities on Day Two of EU–Tanzania Roadshow in Italy",https://www.tanzaniainvest.com/agriculture/eu-roadshow-2026-italy-cesena-day-two,TanzaniaInvest,4 Oct 2026,,no,,,,no,no,4,4
Tanzania,Governance,Tanzania’s Tundu Lissu should win the Sakharov Prize,https://www.eppgroup.eu/newsroom/tanzania-s-tundu-lissu-should-win-the-sakharov-prize,EPP Group in the European Parliament,1 Oct 2026,,no,,,,no,no,0,8
Tanzania,Governance,Aliko Dangote launches Kenya oil refinery amid land protest in Lamu,https://www.bbc.com/news/articles/cmkg8dpwy25po,BBC,1 Oct 2026,,no,"Nigerian billionaire Aliko Dangote and Kenya's President William Ruto have broken ground on a $16bn (£12bn) oil refinery in Lamu, on Kenya's northern coast.","Upon completion, the refinery is expected to process 700,000 barrels of crude oil a day, making it East Africa's largest industrial project by capacity.","Ahead of the launch, some local residents took to the streets to demand more compensation for land used for the refinery.",yes,no,1,16
Tanzania,Governance,Speaker leaves for Tanzania to attend IPU Assembly,https://news.google.com/rss/articles/CBMijwFBVV95cUxOcTNtc2VQQmtNMkRQeXpvdGVoU3phU2p5M1h1NUFVUGx1ODJwQW5CeGFOSE9oY2ppcmpWNWtYUnpZR21KZVlBUjZkeUdtWUJGOGctaVZNSTdoaG52NXFkRWNnNWdzMFJjLWNmWWlhV1NJcXNQeXJ3bXQzYXJuTndYVmdLc2JWaHZvOFhJYlVFVQ?oc=5,The Business Standard,4 Oct 2026,,no,,,,no,yes,2,6
Tanzania,Governance,Students and police clash as France struggles to quell school protests,https://www.thecitizen.co.tz/tanzania/news/international/students-and-police-clash-as-france-struggles-to-quell-school-protests-5617688,thecitizen.co.tz,2 Oct 2026,,no,,,,no,no,3,9
Tanzania,Governance,Shri Harivansh Leads Indian Parliamentary Delegation to 153rd IPU Assembly in Tanzania,https://news.google.com/rss/articles/CBMiaEFVX3lxTE5EeDdGX2hOLWhCNHVMSTJpTklsYzVVMFhSdkxFenJPZkhPSHlxT2ozMmFGZllpcUFfb2UtS0lsVmxNQXRWM1labnJNcllLRUgwUE9DNUtOY0x3eE1Zd09SbUNOSkhQQVAz?oc=5,PIB,3 Oct 2026,,no,,,,no,yes,4,4
Tanzania,Agrifood & Climate,Building climate resilience in rural Tanzania to strengthen food security,https://africarenewal.un.org/en/magazine/leveraging-climate-resilience-rural-tanzania-build-food-security,UN Africa Renewal,2 Oct 2026,,no,,,,no,no,0,8
Tanzania,Agrifood & Climate,High Agro-Dealer Turnover in Tanzania Undermines Farmer Trust and Fertilizer Adoption,https://bioengineer.org/high-agro-dealer-turnover-in-tanzania-undermines-farmer-trust-and-fertilizer-adoption/,Bioengineer.org,4 Oct 2026,,no,,,,no,no,1,7
Tanzania,Agrifood & Climate,"Tanzania’s adaptation plan charts path to protect lives, livelihoods",https://news.google.com/rss/articles/CBMiowFBVV95cUxNTkpMWDhjbE5SLWkwbFYwemt2OWV2TUlWRk0tVzhvM0JLMEJNMzFtZWNpVERjMmNwNHE5S1Jvb095SzJNQkJHTDBhQi1ZQ0RJVl9GZ1RDdE4xTnN4LVlzQnMtbE85RUIxeU0yMUdjRWZPLVJLSHlUd3BVUWw4RDc5RWFlejZtUUNVWE9aMmVOQ3F5N21WaUhBM05KWGdsSmMxUVRJ?oc=5,EnviroNews Nigeria,30 Sep 2026,,no,,,,no,yes,2,6
Tanzania,Agrifood & Climate,Tanzania leads regional ocean conservation drive,https://dailynews.co.tz/tanzania-leads-regional-ocean-conservation-drive/,dailynews.co.tz,5 Oct 2026,,no,,,,no,no,3,8
Tanzania,Agrifood & Climate,"Tanzania And Russia Move To Deepen Economic Partnership Across Energy, Agriculture And Technology",https://trendsnafrica.com/tanzania-and-russia-move-to-deepen-economic-partnership-across-energy-agriculture-and-technology/,trendsnafrica.com,30 Sep 2026,,no,,,,no,no,4,6
Tanzania,Workforce & Human Capital,"Chinese, Tanzanian educators join forces to boost Chinese language education",http://en.people.cn/n3/2026/1005/c90000-20505704.html,People's Daily Online,5 Oct 2026,,no,"Tanzanian Chinese language teacher Gloria Mshana explains Chinese grammar to students in front of the blackboard at the Confucius Institute at the University of Dar es Salaam in Dar es Salaam, Tanzania, Oct. 1, 2026. As the world prepares to mark World Teachers' Day on Oct. 5, Chinese and Tanzanian educators are joining forces to expand Chinese language education in Tanzania, blending native linguistic expertise with localized cultural insights. (Xinhua/Emmanuel Herman)","DAR ES SALAAM, Oct. 4 (Xinhua) -- As the world prepares to mark World Teachers' Day on Oct. 5, Chinese and Tanzanian educators are joining forces to expand Chinese language education in Tanzania, blending native linguistic expertise with localized cultural insights.","For Gloria Mshana, a Tanzanian teacher, teaching Chinese goes far beyond explaining vocabulary and grammar. It involves connecting an unfamiliar language to local experiences.",yes,no,0,10
Tanzania,Workforce & Human Capital,UNESCO collaborates with Tanzania National Commission to promote youth skills and innovation,https://www.unesco.org/en/articles/unesco-collaborates-tanzania-national-commission-promote-youth-skills-and-innovation,UNESCO,28 Sep 2026,Youth,no,"Young people from across Tanzania showcased their practical skills, creativity and innovation at the WorldSkills Tanzania National Skills Competition 2026, which received support from the UNESCO Dar es Salaam Office. The competition formed part of the National Education, Skills and Innovation Week, organized by the Ministry of Education, Science and Technology. During the week, UNESCO collaborated with the Tanzania National Commission for UNESCO (NATCOM) to showcase their programmes and activities.","The competition was organized by the Ministry of Education, Science and Technology in collaboration with the National Council for Technical and Vocational Education and Training (NACTVET) and other education and skills-development stakeholders.","The week concluded on 24 August 2026 with a closing ceremony officiated by the Prime Minister of the United Republic of Tanzania, Hon. Dr Mwigulu Lameck Nchemba, at the grounds of Usagara Secondary School in Tanga.",yes,no,1,9
Tanzania,Workforce & Human Capital,Better education in Tanzania,https://www.modernghana.com/better-education-in-tanzania/,Modern Ghana,3 Oct 2026,,no,,,,no,no,2,6
Tanzania,Workforce & Human Capital,Tanzania to close schools early as El Niño rains loom,https://news.google.com/rss/articles/CBMiwAFBVV95cUxPT3lfSnFfQW9fMHljSnpTSGRlbUFPNTY2TThtbDVzQTd4TmpBSjVzc1FER0ZNX0tOZ1JKN3lqVlY3UWRZVUhYU0hHRFhIdEN4Vi00YTl0dUc4RzY4WG5jRmdKNE9BcVVjTEItTDE3Q1ZzVE5HZzVQVU9XaVdnLVVUNVBQdDE4VW9zWmI2U2lUM2RhWTEzM0NBY0ExOGpWYkdlWWJ4WlVGeFNTOVMtSFA5alVPVnFBTElFd3U0ZWMtTHU?oc=5,The EastAfrican,3 Oct 2026,,no,,,,no,yes,3,5
Tanzania,Workforce & Human Capital,Tanzania brings forward school closing date over El Niño rain concerns,https://www.thecitizen.co.tz/tanzania/news/national/tanzania-brings-forward-school-closing-date-over-el-ni%C3%B1o-rain-concerns-5617914,thecitizen.co.tz,3 Oct 2026,,no,,,,no,no,6,7
Africa,Jobs & Employment,Zimbabweans struggle to rebuild after fleeing xenophobia in South Africa,https://news.google.com/rss/articles/CBMiswFBVV95cUxQc2R2SERRbWtrS1YzVkxQS1N0SEM0cmtIbmhLeWlaX0hnMVlRb3U4RVdoc1FzRTFFVzdhVHRaU2U0dVFBY2FyTDNvSEtaSGp5Z1pCYk54czVKN0M1ak04Z09wR2N0LVJmZ1Mtc2pxLW1wOUNvNmVJeTU1Z3VoVnR3Y3VxOGZFX0dUSF9XWnRvR18tNHF5dmsxUEFObUNFbmxxUEJZaU9MVXRKLW9ITkRTajVJWdIBuAFBVV95cUxNdktQc3IzRlhvQ0lBRTJFdF9jWkxUeWs0bzk3c3VmcDNTQ2FWVXRnSTVLS3RrX09xTDR2QU9ZcHlsdjdwdVlGSndWM0ZsTmo1Nndvc0w1amhRTWtzVzVSSmQyb1hlM3BpaXJXS2FudlNoZkZnM3BuVFA0LWtLM0ZxVEdUTEZTVXZ5MWZLcFc1bnJoZE16MFdOcG5TQkZrTGFqVHVtenBpS2pEV2pmQTF0eGhIeEpQZkp6?oc=5,Al Jazeera,5 Oct 2026,,no,,,,no,yes,0,8
Africa,Jobs & Employment,Tourism as a driver for jobs and growth in the Middle East and North Africa,https://news.google.com/rss/articles/CBMiqgFBVV95cUxPWU93dWh1UUltNDk2bGkxbUhSc0hGNFRhVjlGQWJpWTNLd1lhbExYblJEM3ViSW5MVU8ycXhqQVhJU0xNLXQ1NEY4S181N0FQOW5ETUZXeEh3b2RldWVhSFRoZmdMLXJwNVhiSXNlbXF4U1QyTzZyd2lzS1J0WjV3NW84Q2d4VUJvaTh3aDM2aFZuQUFHZ3RKSzE2QmU0X3FqZzlCcXdvOW9sQQ?oc=5,World Bank Group,2 Oct 2026,,no,,,,no,yes,1,7
Africa,Jobs & Employment,Tony Elumelu: Africa’s young entrepreneurs have great ideas. What they need is capital and business support,https://fortune.com/advanced-search/?text=Tony%20Elumelu%20%20Africa%20s%20young%20entrepreneurs%20have%20great%20ideas%20%20What%20they%20need%20is%20capital%20and%20business%20support&query=,Fortune,3 Oct 2026,,no,,,,no,no,2,6
Africa,Jobs & Employment,"Informal workers need stronger voice in Africa’s trade policies, ILO research finds",https://www.ilo.org/resource/news/informal-workers-need-stronger-voice-africa%E2%80%99s-trade-policies-ilo-research,International Labour Organization,2 Oct 2026,,no,,,,no,no,3,5
Africa,Jobs & Employment,South Africa’s formal employment falls in Q2,https://www.staffingindustry.com/user/login?destination=%3Fs%3DSouth%2520Africa%2520s%2520formal%2520employment%2520falls%2520in%2520Q2,Staffing Industry Analysts,30 Sep 2026,,no,,,,no,no,4,4
Africa,Macroeconomy,"UK university with nearly 4,000 African students faces $53 million budget squeeze as tighter visa rules hit international recruitment",https://africa.businessinsider.com/local/markets/uk-university-with-nearly-4000-african-students-faces-dollar53-million-budget-squeeze/33t87p9,africa.businessinsider.com,3 Oct 2026,,no,"The university currently has 29,414 students, including 8,368 international students studying in the UK and a further 9,743 based overseas.","Its 2025/26 enrolment figures show nearly 4,000 students from African countries, led by 2,559 Nigerians, 438 Ghanaians, 291 Botswanans and 139 Kenyans.","Zimbabwe accounts for another 100 students, while Egypt has 89, South Africa 82, Morocco 68, Zambia 40 and Uganda 19.",yes,no,0,10
Africa,Macroeconomy,Africa must harness urbanization for economic growth | PM,https://news.google.com/rss/articles/CBMiowFBVV95cUxOdXZTLXhMXy1WTkRwV3QxU3F4S2RwYzNpdlJDUWNESTd4YnlyQ2hPTVBTcEpTTEdXRHN3aWF1MkNIcFZMYktMNndhUXVtaGJsMDYzYmxSa2pMb2U4bXUyQldoZF9lR3FoM3VsT0dPa2NPbl9OakFMZVVoaEF1N3NRMmczUmV5amJlNC1iVmZ3eUZQbm5QN0swOENwRFdFalJfeTVN?oc=5,businesstodayegypt.com,4 Oct 2026,,no,,,,no,yes,1,7
Africa,Macroeconomy,AI: $1 trillion in GDP at stake as Africa’s productivity battle reaches government,https://news.google.com/rss/articles/CBMisAFBVV95cUxQaFMwendZVzRFNkd0RzdmRFFIODRqTVJzQmtXeTdqQ19IMjJMbTE1WmZ2ZVMyYWpBY1RHMUFOSHE0WTFtWHNvZnhpNFNxcFplS0NldjRaN0k0TG9wQUpmb2dwSkpuRGE1SXFRcU5XMjQ2elR6b2VYczRLSzNHNkZfdnV5Y0VYeXM5MHBMbnA3azFTcHRqRkJVd2tLVkZqb1JrVFJEWUhhTlRzYlJwWFpkcA?oc=5,africa-news-agency.com,1 Oct 2026,,no,,,,no,yes,2,6
Africa,Macroeconomy,Zambia aims to lift economic growth to 7% over next three years,https://news.google.com/rss/articles/CBMiqAFBVV95cUxNdmJvcG1zNlpsOTlOUDZieHd2aGgwaXR1ZVVaWWdiLWJ4THZNQ09EdEpmWGNMWDRpejJBUTBfa3FlQkhMM1dwVHVxUXJTSFlJcnRrbFVKYVNmd2hlVW1kdzRxOGJrSWs3UG1RcXotNGNaZmc4QlNEWGF5eVEyUWgyTW94Qk5zbnZGMHBqa192MlcxOG9teFhRRG5ELUZVZWNBOXJNeFAwUkw?oc=5,Reuters,28 Sep 2026,,no,,,,no,yes,3,12
Africa,Macroeconomy,"South Africa Producer Price Inflation Eases to 5,0% in August 2026",https://www.indexbox.io/blog/south-africa-producer-price-inflation-eases-to-50-in-august-2026/,IndexBox,2 Oct 2026,,no,,,,no,no,4,4
Africa,Digital Economy,South Africa’s Telecommunications Investment Expands Digital Infrastructure- Expert View by Spherical Insigh,https://www.sphericalinsights.com/blogs/south-africa-s-telecommunications-investment-expands-digital-infrastructure,Spherical Insights,4 Oct 2026,,no,"South Africa’s telecommunications investment accelerates digital infrastructure development, with major capital commitments supporting 5G, fibre, spectrum, data centres, broadband connectivity and broader digital-economy growth.","South Africa’s telecommunications sector is entering a new investment phase as operators increase spending on mobile networks, 5G, fibre connectivity and digital infrastructure. Rising data consumption, enterprise digitisation and demand for reliable broadband are increasing the need for network capacity, while regulatory developments are creating a framework for future spectrum use and next-generation technologies. The sector is also becoming increasingly connected with data centres, cloud computing, artificial intelligence and other digital services.","At the 6th South Africa Investment Conference in March 2026, telecommunications emerged as a major component of the country’s investment pipeline. InvestSA reported that MTN committed R21.8 billion (approximately US$1.33 billion), placing the operator among the largest company-led investment commitments announced at the conference. The broader conference recorded R889.8 billion (approximately US$54.2 billion) in pledges across 81 projects.",yes,no,0,10
Africa,Digital Economy,Airtel Money gets $7 billion price tag as investors prepare to sell shares in African fintech,https://africa.businessinsider.com/local/markets/airtel-money-gets-dollar7-billion-price-tag-as-investors-prepare-to-sell-shares-in/w5y3jbj,africa.businessinsider.com,2 Oct 2026,,no,"The company priced its offer at £1.96 a share, giving it an estimated market value of £5.3 billion, or approximately $7 billion, when it is admitted to trading.","The figure is below the £6 billion to £6.7 billion valuation discussed in earlier market reporting. That comparison gives the flotation its fresh angle, although the higher range was reported market expectation, rather than a previous official offer price.","Existing investors plan to sell 270 million shares at the offer price, a sale worth approximately £529 million. Up to 27 million additional shares could be sold through an option designed to support trading after the offer.",yes,no,1,9
Africa,Digital Economy,Africa Tech Festival 2026 puts the conversations shaping Africa’s digital economy in focus,https://www.techinafrica.com/starlink-south-africa-2026-pricing-roam-residential-speeds-order/,Tech In Africa,30 Sep 2026,,no,,,,no,no,2,6
Africa,Digital Economy,Will fintech redefine retail investment in Nigeria's equities market?,https://www.cnbcafrica.com/media/7790951046961/will-fintech-redefine-retail-investment-in-nigerias-equities-market,CNBC Africa,2 Oct 2026,,no,,,,no,no,3,10
Africa,Digital Economy,Lendable MSME Fintech Credit Fund II closes at $255m,https://news.google.com/rss/articles/CBMigAFBVV95cUxPYUNpbFVOR3dYbTJKVEQ5ekpndlhjM2RXM2Q5eDQ3bS1vczR6OFh5X3RsNktKOG1jR1RZNllHNUpsU042OWFWSzhJTTdfUld4ZnNqTmxSRFlob2Z1N3dhaGdnaUpVMzdsSm43NTBOX1NTVXpRUl9DbFNMR2w0ZkxVVw?oc=5,africaprivateequitynews.com,28 Sep 2026,,no,,,,no,yes,4,4
Africa,Governance,"Too young to run, old enough to protest: West Africa’s unfinished democratic bargain",https://globalvoices.org/2026/10/05/too-young-to-run-old-enough-to-protest-west-africas-unfinished-democratic-bargain/,Global Voices,5 Oct 2026,,no,"A section of young delegates at the West Africa Youth Democracy Conference held in Dakar, Senegal. 8-10 September, 2026. Photo by Legis360. Used with permission.","This post is part of Global Voices’ September 2026 Spotlight series, “ Protest in Democracy .” With this Spotlight, we seek to explore the many forms of protest, the tactics states use to delegitimize and suppress them, and the complex relationship between protest and democracy. You can support this coverage by donating here .","In 2018, young Nigerians won a fight that had taken years to organise. The Not Too Young To Run campaign helped push through a constitutional amendment lowering the age limits for several elective offices. Eight years on, the legal victory has not made politics much easier for them. Party nomination and expression-of-interest forms can cost as much as 100 million naira (USD 75,000). Earlier this year, one Nigerian state set the nomination fee for a local government chairmanship at NGN 30 million (USD 22,000), reportedly more than the office’s official earnings over a full four-year term.",yes,no,0,10
Africa,Governance,West Africa Senegalese banker to be appointed vice president of ECOWAS Bank for Investment and Development,"https://www.africaintelligence.com/west-africa/2026/10/05/senegalese-banker-to-be-appointed-vice-president-of-ecowas-bank-for-investment-and-development,110889509-bre",Africa Intelligence,5 Oct 2026,,no,"In order to ensure high-quality and independent journalism,  Africa Intelligence relies solely on subscriptions from its readers, with no advertising, no events and no consulting work. Several offers are available depending on your particular reading needs","Discover our work by making use of the following possibilities: daily newsletters, a selection of free articles, keyword alerts.","The forthcoming restructuring of the country's debt, just announced following an agreement with the IMF for a loan of $2.2bn, is a problem for some of its creditors. The scope of the operation, which would exclude part of the state's external liabilities, is far from universally supported.",yes,no,1,9
Africa,Governance,Ecowas Court and women’s rights in west Africa: what’s working – and what isn’t,https://theconversation.com/ecowas-court-and-womens-rights-in-west-africa-whats-working-and-what-isnt-291919,The Conversation,1 Oct 2026,Women,no,,,,no,no,2,6
Africa,Governance,Targeted killings and South Africa’s 2026 local government elections,https://globalinitiative.net/analysis/targeted-killings-south-africa-2026-local-government-elections/,Global Initiative against Transnational Organized Crime (GI-TOC),2 Oct 2026,,no,"This report assesses the main patterns in targeted killings in the first nine months of 2026. Political killings and mass killings are counted to 30 September. While it focuses primarily on suspected political assassinations, it also places them within the wider context of organized crime hits, minibus taxi-related murders, personal/domestic murder-for-hire cases and mass murders linked to criminal markets.","By 30 September, the GI-TOC assassinations database had recorded 205 targeted-killing incidents for 2026 (see the next section for how the data is compiled). The figures point to a significantly higher-risk period before the polls. A number of developments warrant closer attention:",,yes,no,3,7
Africa,Governance,Veteran white politician nicknamed 'grandmother' shakes up Johannesburg mayor race,https://news.google.com/rss/articles/CBMiyAFBVV95cUxPVUVkTVJvdldiN1dKZEZjckJqaFpway1yMi1mZEMwVW5zREoyR18tcHhYNGRXLXhlcGUzUzdHUGNQclMzYm9uSEFaVVluSjh3dnlVdzhydDBrZXV6WE1KQ3o4WTY5ZlBvTl9uVm9ydUlKVko5cmpLSWZ0dGJFdTk2R0xodGhyV3hrNTR1MzVvYXlia1RxWFU1QTNsRU51OFpMcXVGbUJ5QUQ5MkNBZDVuOU9IRU5OTjdGX2xNdkpwd1BLTktrZ2hTVg?oc=5,Reuters,30 Sep 2026,,no,,,,no,yes,4,11
Africa,Agrifood & Climate,Better forecasts alone cannot save Africa’s poorest herders from drought,https://bioengineer.org/better-forecasts-alone-cannot-save-africas-poorest-herders-from-drought/,Bioengineer.org,5 Oct 2026,,no,,,,no,no,0,8
Africa,Agrifood & Climate,Building climate resilience in rural Tanzania to strengthen food security,https://africarenewal.un.org/en/magazine/leveraging-climate-resilience-rural-tanzania-build-food-security,UN Africa Renewal,2 Oct 2026,,no,,,,no,no,1,7
Africa,Agrifood & Climate,What impact will climate change have on malaria?,https://ourworldindata.org/what-impact-will-climate-change-have-on-malaria,Our World in Data,5 Oct 2026,,no,,,,no,no,2,6
Africa,Agrifood & Climate,The ancient African rice that could help farmers grapple with climate change,https://news.google.com/rss/articles/CBMi5gFBVV95cUxPcG5CelQ1bmVPSmpGWFNjbVk3bEN0ZlBXWlVnTWlXX3Z5SnN6VUNZREpIZ0hwYlh1eVJxeFlQelVVOHFYWEYxTmtWQzlhSUNhZkNNUEFMSVBLUzBTVGNGRXJLRmhrN1dxd29wMDJ2OUh1My1XUWV2M3dUTi1DNmxHbU1USEhOa0F5NnF4VDBrdDJwWWxmd2g3MERoZ05ULXpNWklyZHpMTFo2VWlBcjM0NjVzWEpPWnZIS3BJZzdjT29qcmpiSDJfUnZRUVpLR3pfcUk5Y2VGRDlUX3BXX05RbGdzS2tVUQ?oc=5,RFI,3 Oct 2026,,no,,,,no,yes,3,10
Africa,Agrifood & Climate,EBID backs $390m of strategic projects across West Africa,https://african.business/2026/10/partner-content/ebid-backs-390m-of-strategic-projects-across-west-africa,African Business,2 Oct 2026,,no,,,,no,no,4,4
Africa,Workforce & Human Capital,"Xinhua News | UNESCO, Chinese firm partner to accelerate AI education in Africa",https://english.news.cn/20261005/bd41028091874a988f90c9dab75361c1/c.html,Xinhua,5 Oct 2026,,no,"The new partnership aims to make Sagunto a European production hub for LFP-based Unified Cells. The plant's first phase is now planned at up to 30 GWh of annual capacity, 50 percent above the 20 GWh initially considered.","MADRID, Oct. 4 (Xinhua) -- Spain builds more than 2 million vehicles a year as Europe's second-largest vehicle producer, but many decisions shaping its automotive industry are made abroad. With Volkswagen considering a possible phase-out of its Spanish brand SEAT after 2030, a new battery partnership with China's Gotion High-Tech highlights Spain's efforts to secure its place in the electric-vehicle value chain.","Volkswagen Group, its battery unit PowerCo and Gotion announced on Sept. 28 that Gotion will invest around 1.1 billion euros (1.29 billion U.S. dollars) for a 49-percent stake in PowerCo's battery-cell plant in Sagunto, eastern Spain. PowerCo will retain 51 percent, with the venture intended to be jointly managed and operations to start in 2027.",yes,no,0,10
Africa,Workforce & Human Capital,African Union Commission Launches Continental Education Strategy for Africa 2026-2035 Education in Emergencies and Resilience Cluster,https://www.humanrightsresearch.org/post/african-union-commission-launches-continental-education-strategy-for-africa-2026-2035-education-in-e,Human Rights Research Center | HRRC,30 Sep 2026,,no,,,,no,no,1,7
Africa,Workforce & Human Capital,"LA28 Athlete Ambassador Jamal Hill Takes 1 Million Swimmers Mission To Soweto, South Africa",https://swimswam.com/la28-athlete-ambassador-jamal-hill-takes-1-million-swimmers-mission-to-soweto-south-africa/,swimswam.com,2 Oct 2026,,no,A landmark Los Angeles–South Africa partnership uses sport to advance aquatic inclusion and build connections that can extend all the way to 2028. Current photo via Local Action Marketing,"October 02nd, 2026 Africa , Industry , International , News",,yes,no,2,8
Africa,Workforce & Human Capital,"10 best universities in Africa, according to latest ranking (2027)",https://africa.businessinsider.com/local/careers/10-best-universities-in-africa-according-to-latest-ranking-2027/nq63xkb,africa.businessinsider.com,1 Oct 2026,,no,"Africa’s universities are gaining greater visibility in the global race for academic recognition, even as North American and European institutions continue to dominate the upper reaches of international rankings.","The Times Higher Education World University Rankings 2027 show a broader African presence, with the number of universities from sub-Saharan Africa rising from 55 to 69. The University of Cape Town led the region, climbing to joint 147th globally, up from joint 164th in the previous edition.","South Africa remained the continent’s strongest performer, while institutions from Morocco and Egypt also featured prominently.",yes,no,3,7
Africa,Workforce & Human Capital,Skills for change helping South Africa’s irrigation farmers manage energy smarter,https://news.google.com/rss/articles/CBMitAFBVV95cUxQbkU1WFpEemxFOGh4c3F6VE0wV0FPMGdJQVo1Qi01N3lEU1VQejJEVS1VTl92dEUtUmxDMlMxN3ZzNWVyZlJlWDBqdTd5VUxIYk41WDlTWml4SHpYcU5PRl9GTUZtdGR5SW5VaTdQVEJzUElyYkZ3TmFST2RHTWdlUDhFMlZ1bXRQOXl2LWwzVENNVVhHSnl0dVp0ZkUwLThkSzZsSms4SGpKbkRlekh1TGk4aHU?oc=5,International Labour Organization,1 Oct 2026,,no,,,,no,yes,4,4
Burundi,Jobs & Employment,Burundi says it will accept migrant deportees from the United States but details are vague,https://www.the-journal.com/articles/associated-press/burundi-says-it-will-accept-migrant-deportees-from-the-united-states-but-details-are-vague/,the-journal.com,30 Sep 2026,,no,"NGOZI, Burundi (AP) — Burundi has agreed to accept people deported by the United States who have no previous connection to the East African country, a spokesperson for the country’s president said Tuesday.",Nancy Ninette Mutoni said Burundi would accept only people who were not facing prosecution and had no links to terrorism. She spoke during an event attended by government officials in Ngozi.,Mutoni did not say when the deportees would arrive or how many people Burundi had agreed to receive. She said preparations were underway to provide accommodations and help the deportees live in local communities.,yes,no,0,10
Burundi,Jobs & Employment,Burundi President Seeks Stronger Investment Partnerships In Africa,https://von.gov.ng/burundi-president-seeks-stronger-investment-partnerships-in-africa/,Voice of Nigeria,4 Oct 2026,,no,,,,no,no,1,7
Burundi,Jobs & Employment,Fraud-proof by design: AI's role in fighting economic crime,https://www.standardmedia.co.ke/business/opinion/article/2001559335/fraud-proof-by-design-ais-role-in-fighting-economic-crime,standardmedia.co.ke,4 Oct 2026,,no,,,,no,no,2,10
Burundi,Jobs & Employment,"Ruto says Lamu refinery will create 60,000 jobs as land dispute emerges",https://radiokaya.co.ke/ruto-says-lamu-refinery-will-create-60000-jobs-as-land-dispute-emerges/,Radiokaya,28 Sep 2026,,no,,,,no,no,3,5
Burundi,Jobs & Employment,Clear suspicion over AU adviser's sudden exit,https://www.standardmedia.co.ke/,standardmedia.co.ke,2 Oct 2026,,no,,,,no,no,4,8
Burundi,Macroeconomy,"Tracking the ""America First"" Bilateral Health Agreements",https://www.thinkglobalhealth.org/article/tracking-the-america-first-bilateral-health-agreements,Think Global Health,29 Sep 2026,,no,,,,no,no,0,8
Burundi,Macroeconomy,10 poorest countries in Africa 2026,https://news.google.com/rss/articles/CBMifEFVX3lxTE05Rm9ndG9aNERGTEZVYTl2ZGsweHZ1ZFVGekdxbV9wdXNYVFNvd2p4My1BYzBXbndWT0hicHk4bFpsa3h1N0F2WXJuNjJxRkI5U3VhbnR0a29FTzJadW1MUGM4alNBS0RqNTR0aks3Y2xXWThONlJpZW5RRmTSAYIBQVVfeXFMTTkzNm1Zdzh4ZlM1MXdpcE1VY19iRUg0ZUNQbHhRUHRuV3JEU3NfNmNTb1VJWjlJLWZfX2JxdmhIVlh2SEMxOWJ3c2VLdHZoeUJVR3pZN0Qxenp1NElWY25oWXV6TExjUUhrVjFHNHJnUXBwV2NnNkR0OUtvVHBXMUw4Zw?oc=5,Vanguard News,1 Oct 2026,,no,,,,no,yes,4,4
Burundi,Macroeconomy,Burundi emerges as fastest-growing bank market as DRC crosses Sh1 trillion mark in bank assets,https://www.standardmedia.co.ke/business/business/article/2001559178/burundi-emerges-as-fastest-growing-bank-market-as-drc-crosses-sh1-trillion-mark-in-bank-assets,standardmedia.co.ke,2 Oct 2026,,no,,,,no,no,5,7
Burundi,Macroeconomy,"Ethiopia closes Eritrean embassy, expels 10 diplomats",https://standardmedia.co.ke/,standardmedia.co.ke,1 Oct 2026,,no,,,,no,no,6,7
Burundi,Macroeconomy,Rising State borrowing piles pressure on private sector credit,https://standardmedia.co.ke/,standardmedia.co.ke,3 Oct 2026,,no,,,,no,no,7,7
Burundi,Digital Economy,"Burundi - Kirundi, French, Swahili",https://news.google.com/rss/articles/CBMiX0FVX3lxTFB3TVRoU2s4SEVibmdVeVVaUURoTTA3eExRNjRxbHNRazJ0UU1yd2JzX1VNMUh4eHFEb2gtWDZEUldldGxHcVpyS3JDSjJKNndTam9WTlUwb3FVVFA3LUdv?oc=5,Britannica,29 Sep 2026,,no,,,,no,yes,0,8
Burundi,Digital Economy,Gulf crisis: Changing cloud strategies & opportunities for Africa,https://www.connectingafrica.com/cloud-networking/gulf-crisis-changing-cloud-strategies-and-opportunities-for-africa,Connecting Africa,9 Sep 2026,,no,"For many decades, national stability has been among the key criteria used by investors – including cloud and data center providers – to gauge market viability and determine investment strategies.","This key aspect comes alongside other criteria like infrastructure (electricity and connectivity), skills and an enabling regulatory environment.","In the recent past, geopolitical risks have not really been a key issue, with more focus on issues like civil strife, political instability, unsound economic policies and other areas, which largely inform investment strategies by vendors, providers and enterprises.",yes,no,1,9
Burundi,Digital Economy,Mali inaugurates a Tier III data center,https://www.connectingafrica.com/data-centers/mali-inaugurates-a-tier-iii-data-center,Connecting Africa,3 Feb 2026,,no,"During its third annual Digital Week, Mali opened a new Tier III data center as part of efforts to strengthen the country's digital sovereignty.","The facility, known as the National Data Centre, was inaugurated by the Ministry of Communication, Digital Economy and Modernization of Administration, under Minister Alhamdou Ag Ilyène, at a ceremony attended over the weekend by digital economy ministers from member states of the Confederation of Sahel States (AES).","The AES is composed of the West African nations of Mali, Burkina Faso, and Niger.",yes,no,2,8
Burundi,Digital Economy,"Burundi - Labour, Taxation, Economy",https://news.google.com/rss/articles/CBMibEFVX3lxTE9sTUFpNTktRDN2c3QzaDFsTDRjN3VCS2dpbWduUDZvM0M0OURFYzB0T3ZTdkhkMkh4ZFpHQjFiN2tiSFg0TVlzZjBJb2hRSXJpRERSeVdfNkdOeXdzSEJsQzhwRWdZWS00VHg0ag?oc=5,Britannica,29 Sep 2026,,no,,,,no,yes,3,5
Burundi,Digital Economy,"Angola, Kenya partner to strengthen ICT",https://www.connectingafrica.com/partnerships/angola-kenya-partner-to-strengthen-ict,Connecting Africa,3 Nov 2025,,no,"Kenya and Angola have signed a memorandum of understanding (MoU) to collaborate on technology advancement, satellite networks, ICT training, digital economy, rural connectivity, cybersecurity and digital literacy.",The MoU was signed on the sidelines of the Luanda Financing Summit held in Angola late last week.,"According to Kenya's Principal Secretary for the State Department for ICT and Digital Economy, John Tanui, the agreement was made between Kenya's Cabinet Secretary for National Treasury and Planning, John Mbadi, Angola's Minister of Telecommunications, Information Technologies and Social Communication, Mário Augusto da Silva Oliveira, and Kenya's Ambassador to Angola, Joyce Khasimwa M'maitsi, to expedite Kenya-Angola ICT cooperation.",yes,no,4,6
Burundi,Governance,Burundi: Human Rights Violations Persist,https://www.genocidewatch.com/single-post/burundi-human-rights-violations-persist,Genocide Watch,3 Oct 2026,,no,,,,no,no,1,7
Burundi,Governance,Serbia's populist President Vucic resigns to run for prime minister at early vote,https://news.google.com/rss/articles/CBMiswFBVV95cUxORWE0dU05OU9fV0pkSXUzV2hfaDNuWEJhMUVkNWgxMHk2UVBqNkVab0Vyc0dPZzc5dkRhTlJTanU5OE04SkJUZWxoN3pZWHdFZWFrX29oMTBId09PRy1ER2ZNanZfTXQxbVJ6OVBXVXNlV0ZVQUEtNVFZWExVa25mQVpPcG9sM0xNbExxQjVvLXVVME13VjhsRTExRW5zS21DbmZRQ2NhSS1BZHpmVlVxLTJYTQ?oc=5,Stamford Advocate,28 Sep 2026,,no,,,,no,yes,4,4
Burundi,Governance,Burundi confirms that it will receive migrants deported from the United States,https://news.google.com/rss/articles/CBMivgFBVV95cUxPYmNXbzRmajh6azdPREowV05ubDVVZjdnNHhRM0JvTkJmVWJTMlRNaEpuU3c2cjhON3lBQl81WGc0bFQxUlY1ZTh2MDFMaDFoUkdGQXFyZ01rcExoWml5eTE3RkZfS2stS3YzT3dkSVdYX21ZTUVNVmZzQWJOcWdXaEZITTFOQ0ZyUlFDUlZUcVFnNV81TE1nY1BSd0lZYjc5LWQtYVgtRGtnOGdvbjBzVlZSemI5amhzWllMdi1n0gHDAUFVX3lxTFBJXy1CdjA4bzFZcnhuZFBaLXJyYW1IU2Q0OWpIM2F3am9lVmtDeXJKRmYxNFRkMGR0NHdWbmZmTHE0YmVCWEtGN3RqYmo5QjdqUDl5LUJoX1RRek5La3V5ejVFdFVVWlcyR2l2NnlHWER0dHRCQ3VMZGdtUGQ1WFVpczAyLThuQW1HdzBsT0RMeUwzbWFNQmdnRU1MUHBpSXI4NXpnN3ltdkZ0SVhXQWNvNVBXMnJxdXg1TUF5eGFDZ0djZw?oc=5,Demócrata,30 Sep 2026,,no,,,,no,yes,5,3
Burundi,Governance,Africa : Francophone civil society united through COING,https://africa24tv.com/africa-francophone-civil-society-united-through-coing/,Africa24 TV,29 Sep 2026,,no,,,,no,no,6,3
Burundi,Governance,Politics: Burundi blocks opposition candidates in upcoming p,https://news.google.com/rss/articles/CBMirAFBVV95cUxOMzVvMm5YdkdJbW90aWR5WlhWYmozZG0zbjRiN3FZZlVBOUhPZ3NuS045S1ViSTlobFFoWjZqNmdna2NTU0pSSGdWZUZ3aDdBZkFfeEJ5QnMyUHJyUDZQSnN5YU56NWxvR1RRbzhPTTE4U2VWZzN3VXYyekUxMTh0Qmh6ai1mWHFHMkNfRWcydTBjeGpOTDA0YldUSHM4WkMyXzV4VWpJOVZVNHZH?oc=5,NewVision.co.ug,30 Sep 2026,,no,,,,no,yes,7,7
Burundi,Agrifood & Climate,What women told us in 2025: Women (in VSLAs) Respond: Full Report,https://news.google.com/rss/articles/CBMilwFBVV95cUxNUld1NWl6aGlwQTRaNjlscWFzYmF4bmh5Nml3RWNHaW0zemJhclU1S0JZMDdrdFdicWFvVm5kNGFjMEljUjBJV013SWhoZVFHQlpUbTBHbEpjR2h2dV9XaXpWbWtMTDNxcmZyQ0FNMmlNR3diRTl1NWhIcVdxX2dLNW5VbmNOd0ZmZ1daSmc4b01qV3lIVHo4?oc=5,ReliefWeb,2 Oct 2026,Women,no,,,,no,yes,0,8
Burundi,Agrifood & Climate,"President Sisi, Burundian counterpart discuss latest developments concerning Nile water issue",https://www.egypttoday.com/Article/1/149861/President-El-Sisi-Ghana%E2%80%99s-counterpart-discuss-ways-of-enhancing-bilateral,Egypt Today,3 Oct 2026,,no,"CAIRO - 4 October 2026: In New El-Alamein City, President Abdel Fattah El-Sisi received President of the Republic of Ghana, John Dramani Mahama, on the sidelines of the 8th African Union Mid-Year Coordination Meeting.","Spokesman for the Presidency Ambassador Mohamed El-Shennawy said President El-Sisi welcomed the Ghanaian President, offering his congratulations on Ghana's selection to assume the Chairmanship of the African Union in 2027.","The President affirmed Egypt's commitment to close cooperation and coordination with Ghana during its upcoming chairmanship, thereby advancing joint African action and serving the interests of the continent's peoples.",yes,no,3,7
Burundi,Agrifood & Climate,Video: In Messi's style: Adel Boulbina breaks an eight-month drought with Algeria,https://news.google.com/rss/articles/CBMi3AFBVV95cUxOS21nTWhPQlJhWkJmdzJ2Qk1IS0VJTFdIT2FmUGtWdU5FV2o5cnBHUGxWZDA2azNSN0dPSk91eHBydkZRd2dpZy1hVUowazlnbmc2M0NLbzBrVTRzSXd6Uk9Rd2xxTmpxMXpvU3d2UV93bGRnLTQ2LTBwVXpoZHJ0cDdGZVZKYmVvNE0xT0V0OHI1TkJaSm9PRVV2NUtCR2pRcjhfMk5PSjk0T2Y4b2tnQVMwVlRUQnViRDNiV2tJdVpYdXcyTFc3clN2ckV0TVg2RFFEWTBfbGZsNlBD?oc=5,Goal.com,29 Sep 2026,,no,,,,no,yes,4,4
Burundi,Agrifood & Climate,"Tanzania, Burundi begin their joint UPC to review and bolster their socio-economic ties",https://dailynews.co.tz/tanzania-burundi-begin-their-joint-upc-to-review-and-bolster-their-socio-economic-ties/,dailynews.co.tz,29 Sep 2026,,no,,,,no,no,6,6
Burundi,Agrifood & Climate,"Persistent violence stalling African development, Burundi's Ndayishimiye tells summit",https://www.africanews.com/2026/10/04/persistent-violence-stalling-african-development-burundis-ndayishimiye-tells-summit/,africanews.com,4 Oct 2026,,no,,,,no,no,7,7
Burundi,Workforce & Human Capital,"Ngozi : deprived of drinking water, over 800 boarding pupils forced to fetch water from swamps",https://www.sosmediasburundi.org/en/2026/10/05/ngozi-deprived-of-drinking-water-over-800-boarding-pupils-forced-to-fetch-water-from-swamps/,SOS Médias Burundi,5 Oct 2026,,no,"Ngozi, October 2, 2026 — More than 800 boarding pupils at Lycée Don Bosco—a Catholic-affiliated school in the Ngozi district of Butanyerera province, northern Burundi—are forced to go to nearby swamps to fetch water for their daily needs. This shortage disrupts their studies and makes it difficult to maintain hygiene standards, even as awareness campaigns regarding cholera, Ebola, and Mpox are being conducted in schools across the country.","The situation is particularly concerning for the school’s boarders. According to the pupils, some must go to the swamps every afternoon to collect the water required for their daily needs.",This chore disrupts their academic schedule and cuts into the time they could otherwise spend reviewing their lessons.,yes,no,3,7
Burundi,Workforce & Human Capital,"Burundi - Key Message Update: Delayed rainfall onset, low incomes, and fertilizer shortages constrain start of Season A, September 2026 - January 2027",https://news.google.com/rss/articles/CBMihAJBVV95cUxNZ2pzQTE2bXp5WFh6ZHdLenZUazk4S3gyTURvY1Z6YTAxc1RSVW5Gd0RtTmFYWWhBLWRJYnBlVmJiUThWcjJEbm5veTlZb1Ryay1VRzctNHNmZlUwWEhOWHhhektZZi1HdWFSdDdubmZ5VWVkV21OSllhSHAycHN0Z1MwZHVaU3gxSEFKbkRHX2dCeUw2Tlo5VEMxNFhBdUFqLUlPX25BYnlhRmV3X0VsUHR2LUQwSjlzT1R1b080RTRudU9RSkJobW9FRFBUSWtyWVdJaXpUaEx2cmxJaXI0UU9YbzZjM2tLb2pGbF9PWWN6NVRtWmpQa2ZXRVFzX20tWW52Vg?oc=5,ReliefWeb,1 Oct 2026,,no,,,,no,yes,5,3
Burundi,Workforce & Human Capital,Trump administration to send migrant deportees to Burundi under new deal,https://news.google.com/rss/articles/CBMitAFBVV95cUxQdTN4bnZ0aGdULTJYR3ZvODdNWnIwTFhwYnNodlpsMzFuSXB5WUUxSTJ6OVNNNDlzODdoS1RvZHZyeWRjQ3VLZnViV1VaYWxiX1ZuNzJNMElUZjdqc1FyMGZhdkhfdVVabjlLMVFjYkdZWDZpdkNGNDdCRHFNOUdWbHdoRjdxWlA5TG5ZTGtqS2c3dVRkYnQ1N3RxYXI5ZFFvaWtGMGRkeHFJUFhxaGlsZG1TLXbSAbABQVVfeXFMT1gwTEJkcENnQUN2UEVubWYzM0FIMVJTRHBFVmtxeXFxT25kUHozRHhHdFVFT2pBcUlYU2N3cDRCd0xuMENsblRoYWFzMVE1YTI5c0lnRFZyV01nN25DSEttSGo3UHc2V3ZaVG52eTUwTm5TOHZnMnUwQzdHYTAwZXJLOEdUNlhfX3EyakdGNkFBZ3NyalBveGdhbWNuT2dSUlQ5MzFfYTFNV2w5cW14VnA?oc=5,The News International,30 Sep 2026,,no,,,,no,yes,6,3
Burundi,Workforce & Human Capital,"Rumonge : five pupils sharing one bench, the promise of ""Zero Improperly Seated Children"" wavers",https://www.sosmediasburundi.org/en/2026/09/30/rumonge-five-pupils-sharing-one-bench-the-promise-of-zero-improperly-seated-children-wavers/,SOS Médias Burundi,30 Sep 2026,,no,"Rumonge, September 29, 2026 — Two weeks after the start of the 2026-2027 school year, several primary schools in the district of Rumonge, in Burunga province in southwestern Burundi, are facing a shortage of desks and benches. In some classrooms, three to five pupis have to share a single bench, according to school officials. This situation contrasts sharply with the government’s commitment to ending the problem of children sitting improperly in schools.","The primary schools of Mugweji, Mugomere I and II, and Rukinga I, II, III, and IV are among the schools particularly affected. Some schools report having received some of the expected desks and benches, but maintain that the need remains significant.","Due to a lack of classrooms and sufficient furniture, some pupils are attending classes in churches. Other schools are forced to borrow rooms from neighboring schools to accommodate their pupils.",yes,no,8,5
Burundi,Workforce & Human Capital,"Zambia, Burundi Military Colleges Conduct Exchange Program",https://taarifa.rw/2026/09/28/zambia-burundi-military-colleges-conduct-exchange-program/,Taarifa Rwanda,28 Sep 2026,,no,,,,no,no,10,3
Cameroon,Jobs & Employment,EB-2 NIW Green Card Case Study: Approval for Conservation Scientist from Cameroon,https://natlawreview.com/article/eb-2-niw-green-card-case-study-approval-industrial-engineer-argentina,The National Law Review,30 Sep 2026,,no,,,,no,no,0,8
Cameroon,Jobs & Employment,Fragmented Policies Hold Back Agroecology Adoption in Africa’s Congo Basin,https://www.globalissues.org/news/2026/09/29/44206,Global Issues.Org,29 Sep 2026,,no,"YAOUNDE, Cameroon, September 29 (IPS)  - Agricultural, land, forestry, environmental and trade policies in the Congo Basin remain compartmentalised at country levels, leaving proven agroecological models trapped at pilot stages due to a lack of advisory services, organic inputs, market outlets and sustainable financing.","In a declaration made following the Second Congo Basin Convening on Agroecology held in Yaounde, Cameroon, in August 2026, experts and activists, as well as government representatives, observed that the Congo Basin does not end at the borders of its six countries.","“The trade corridors, timber and charcoal markets, mining, energy and infrastructure investment, transhumance and pastoral movement, displacement and refugee flows, and shared river systems mean that the decisions of neighbouring states and regional bodies can protect the basin or degrade it, and that coherence between them is a condition of success,” reads part of the Yaounde Declaration 2026.",yes,no,1,9
Cameroon,Jobs & Employment,Franco-Lebanese tycoon Hayssam El Jammal Prometal secures $45 million Afreximbank loan,https://news.google.com/rss/articles/CBMiyAFBVV95cUxOMTkyWG44TElCVERBX1ZDbWRMQU9oT25oWG84RW1jT1BoblRaSWZfVFd6VnhaZFE3bjV1ODlTSW9GSkJIam5wSzZRLWVCSWl2WFRwVHN3RDlIbnZiMXYzd25KQmNPbUV1R3ZkZlBoYmVjV2dSRUV1WUZaMnJuSkhPWDR3cjhxZE5OX1VUNzhSTzltWDRFeGlTVjZ1cXJENDRUU1E3a21qUzFCNXM2VnBaRVR5WHNOdXVoTXNuRTl2Y3V5S2xLaXRvdw?oc=5,Billionaires.Africa,1 Oct 2026,,no,,,,no,yes,2,6
Cameroon,Jobs & Employment,"IOM Proposes Zakat, Muslim Donations as New Funding for Cameroon",https://news.google.com/rss/articles/CBMi3wFBVV95cUxOX0tRWE4wUHhSam1pQ2N1dnBsVjBIMWJCMTFianY4YzE3Sl9JUGlkamFEU0JlQ1hOcGltcmx4RkdIQ2NMTXI2ZUMzRmFscmVyd3l1b0dTeHdHendPc3pKczJORk4zalNaNG54MzVXX2VOLXB3M2p6MDh4U2g3di1MQnBFN25DMXZjYUVDRm5VZjdIbGQ3Rk5NT19VWFd4TmV6MnZweDh3UG81alF0MTJjXy1kLTVmbGE3NXRGZXBDX0FDU01yN08waDNfWFRRcG56Nmg4X05yVU13ZGJyQkJv?oc=5,Wansom AI,30 Sep 2026,,no,,,,no,yes,3,5
Cameroon,Jobs & Employment,"CFAF 2.8bn Kam Plaza Hotel Project Secures Investment Incentives, Targets 82 Jobs",https://www.businessincameroon.com/investment/0110-16882-cfaf-2-8bn-kam-plaza-hotel-project-secures-investment-incentives-targets-82-jobs,Business in Cameroon,1 Oct 2026,,no,,,,no,no,4,4
Cameroon,Macroeconomy,Cameroon authorises $391 million World Bank loan,https://news.google.com/rss/articles/CBMinAFBVV95cUxNNHlQUjhYOVdKcTFtOERTT3dmWkVLOE1sLVVMSUV0TTdaWV9SamRDcUlKZjA1b2ZwRW5jTXNJbDhuRHhiQjY3REtKWVFmQkRXRzhEOWkzZ0NwRk8tOW9kM0NCYk1RRF91MFNidmJ3cnhKLXVCQTNvOFNKWEFIZmJSQjNqVHhrNTNMMURkMkY1eTdpTUd4ZGtRMU1DRkQ?oc=5,Reuters,2 Oct 2026,,no,,,,no,yes,0,15
Cameroon,Macroeconomy,"UK university with nearly 4,000 African students faces $53 million budget squeeze as tighter visa rules hit international recruitment",https://africa.businessinsider.com/local/markets/uk-university-with-nearly-4000-african-students-faces-dollar53-million-budget-squeeze/33t87p9,africa.businessinsider.com,3 Oct 2026,,no,"The university currently has 29,414 students, including 8,368 international students studying in the UK and a further 9,743 based overseas.","Its 2025/26 enrolment figures show nearly 4,000 students from African countries, led by 2,559 Nigerians, 438 Ghanaians, 291 Botswanans and 139 Kenyans.","Zimbabwe accounts for another 100 students, while Egypt has 89, South Africa 82, Morocco 68, Zambia 40 and Uganda 19.",yes,no,1,9
Cameroon,Macroeconomy,Cameroon’s Fuel Subsidies Push 2026 Budget Deficit Off Target,https://www.businessincameroon.com/public-management/0210-16893-cameroon-s-fuel-subsidies-push-2026-budget-deficit-off-target,Business in Cameroon,2 Oct 2026,,no,,,,no,no,2,6
Cameroon,Macroeconomy,"Tracking the ""America First"" Bilateral Health Agreements",https://www.thinkglobalhealth.org/article/tracking-the-america-first-bilateral-health-agreements,Think Global Health,29 Sep 2026,,no,,,,no,no,3,5
Cameroon,Macroeconomy,French pensioners set to feel pinch under belt-tightening budget,https://news.google.com/rss/articles/CBMiqwFBVV95cUxOT21JZlpWZFY5RzZXMVZ0MXhMMUt1cExwb0RleDdxV2NueDJ6dFVySDNOVUNEOUpfOEJSaDh6MXFkZmllYTJndEJYSkZMYWJVS2VhX1ppa2NtRnREZ3ZqRllibGFxck96R08tMkRfVDV0bE1uS1dDcXVhX29yc0d6ZnFQcEZIYkQ1al9UZHlIaDNBNl9sNHpLaVc5YjNFWTZydWthOEJHRjJZX1U?oc=5,France 24,2 Oct 2026,,no,,,,no,yes,4,4
Cameroon,Digital Economy,"Cameroon • After its victory against Ecobank, Wadivo is preparing mass claims","https://www.africaintelligence.com/central-africa/2026/10/02/after-its-victory-against-ecobank-wadivo-is-preparing-mass-claims,110888819-art",Africa Intelligence,2 Oct 2026,,no,"In order to ensure high-quality and independent journalism,  Africa Intelligence relies solely on subscriptions from its readers, with no advertising, no events and no consulting work. Several offers are available depending on your particular reading needs","Discover our work by making use of the following possibilities: daily newsletters, a selection of free articles, keyword alerts.","Yaoundé hopes to raise 250bn CFA francs, or €381m, from local banks by mid-October. The transaction, arranged by Ecobank, is in particular intended to refinance the state's purchase of Société Générale Cameroun, now renamed General Bank of Cameroon, while the authorities consider a possible future sale.",yes,no,0,10
Cameroon,Digital Economy,Côte d’Ivoire’s ARTCI strengthens digital regulation expertise at regional workshop in Cameroon,https://techreviewafrica.com/news/7557/cote-divoires-artci-strengthens-digital-regulation-expertise-at-regional-workshop-in-cameroon,Tech Review Africa,3 Oct 2026,,no,,,,no,no,1,7
Cameroon,Digital Economy,Grey expands African payout network as cross-border payments demand grows,https://news.google.com/rss/articles/CBMisgFBVV95cUxPSjVOUmRuU0d3NGFDY2h4VXNqaVV6YXlaUWJDaHpMVG5qaXFDSWJEVnlIY0RMbjI1dWRucUdVMXN3aklveXdVSkxYeHNhX3VIVVlzd2tiUjZEZmhYbTF3QnkzcDRRUjdPQmQyT1JaUlJaRlFjaWtNUm9zMnpXOEhUQ3RGNnpkTDFCbS12UWpxelVDakdHU0tJcG0zQkw3aUtQeW9ycFdPZ2ZPUXA5YVJCcGZ30gG3AUFVX3lxTFBfSnBtZ2MzS29Cc0RrZUlseUh4SDI2WXRRV1dBa1lLQXUwb1lWb3RZdktfeUc2MmpwcXV5RkJyUXU1Nk1yVkxxZDY0eXNYRDZWTGtEb2g1VjVwY1dkRndJMVFVem1neDdsN3JjWW9nLXFxQzFFVjczVEYyWHM1NVh3Qk05SWpUVUE2OUkwWnFLQzRRaHo4Y3UzeFYzRWxTMVVJMS04TEp3RDFDUnhUbEhNcEhsbnd4RQ?oc=5,africanews.com,29 Sep 2026,,no,,,,no,yes,2,10
Cameroon,Digital Economy,ZAWYA: British banks’ exit from Africa fuels 31 mergers in Comesa bloc,https://news.google.com/rss/articles/CBMi3AFBVV95cUxPdjZrbEFDNzRMaEZLS0toZkJ4OU5EUVBoVXRMc2RkajRvY0ZVSlRLY1RLS1pYbVp0Vzd6djF1d29PbzI4NVdIcjduUVZLRDQtaUhnMWpSay1OYm9nUmNxSXdVRkd0ZFJxS0M2LTd0VEFJQzB4UWJSZlJBUHpSQUxzQnlYRUhjeUtBMG53M1ZWOXVST1Q2OWdXM3N5ZHdiX3F5YzlURlZsbWZzVWdQOGdEUmxYelhlYWNiOHdSUkVvQzM2dVdmNGFuRVlGVTNsaXFsdDloeUFZVW5qWFdR?oc=5,TradingView,2 Oct 2026,,no,,,,no,yes,3,5
Cameroon,Digital Economy,Africa Tech Festival To Spotlight Africa’s Digital Economy,https://trendsnafrica.com/kenya-digital-economy-acceleration-project-3/,Trendsnafrica,30 Sep 2026,,no,,,,no,no,4,6
Cameroon,Governance,"WORLD IN BRIEF: France to close 500 schools amid protests, 12-year-old killed in Baltimore shooting, Cameroon secures $391m World Bank loan and other stories",https://news.google.com/rss/articles/CBMimwJBVV95cUxOUjZod0diMUVmM1RtWW9FOXhOdlRyaldwU0FsYm9BNU9JenpwT2dkOXRZZThMNlZyYkpDVE9iQTFBZFZJYkNZNFUzbzV1enpvUVc0SFBGeWVFVHpyVG12dW5TQTFSZU16Y2dxRC1XR1NMR1FyRUlOLWpGd2wwSzNFTWZSX0NXVzl3QS0wMkZZakpEVHJ4TEppV0ViaVQwUTdnRGZWWVlQbWpZNTI1REViX0ZSYi1uVldFNTF1U3gyYVFZWkpMOWxKalJhTzBTbjZZcTJUNEZVTHBoZ24wdTNEVy1uQVRFVUs2WlRkbUtQU1l3cW1vUVV6ZHNyRHNNSXUtSHBDSENJOS1oWl9qMkZrRG5MUHgtY014cUlj?oc=5,Business News Nigeria,5 Oct 2026,,no,,,,no,yes,0,8
Cameroon,Governance,Nine Swiss museums to investigate provenance of thousands of objects from Cameroon,https://www.theartnewspaper.com/2026/10/02/nine-swiss-museums-to-investigate-provenance-of-thousands-of-objects-from-cameroon,The Art Newspaper,2 Oct 2026,,no,,,,no,no,1,7
Cameroon,Governance,Cameroon govt announces payments as teachers strike continues,https://news.google.com/rss/articles/CBMipwFBVV95cUxOUEppWDJkelNIN0lBaHVzVWVnMXpTRFJvRVkxdFRmY0hZN3dFa2prQ3I5bDd6OVBzVjgxdmVXSTY3MkNjRlJxT2VzUTRWYTlOOHFEZTJuOVQ1TTFlV0JmRVhpUk44RkhWT25WeUdFb3FuVDFzUk1vWUh5c1hNLVdWWWFrU29nb0RRZTltRVhOdi1RaXBKUG1FeXhyTGNSSVUxQ05vTlMxcw?oc=5,France 24,1 Oct 2026,,no,,,,no,yes,2,6
Cameroon,Governance,"Cameroon civil society, lawmakers demand specific femicide legislation as killings rise",https://news.google.com/rss/articles/CBMi1AFBVV95cUxObFpka1pqSkpOZC0xQ2lCUWg3RVRyWnlsamYxRWtvbDFMNFA0S1l4Q1JtVzQtb2Z2OGsxNHBNajJ5NFR1aUd2UHlhZVktbldRR0VXWktxR2RPUWFEci0tY3NlMEVSampya1BmMTg2ZnNjYXVwMGRCcXVRdHViTEdMMHM5aFBCUlhiSjlZLWNkendQRERfSDEtWmw4TE1YU1pKdC1SQkphRGJicW8xLXdSTjlrMmpFNk1rZVRnNmllWUVnNlBZamVUeTFYV0lTb2ZYUVlVdA?oc=5,Channel Africa,1 Oct 2026,,no,,,,no,yes,3,5
Cameroon,Governance,Niger: FAJ calls for urgent investigations over missing journalist / IFJ,https://www.ifj.org/media-centre/news/detail/article/niger-faj-calls-for-urgent-investigations-over-missing-journalist,International Federation of Journalists - IFJ,3 Oct 2026,,no,"According to information available to FAJ, Kaka left the RTS offices in the capital, Niamey, at around 7 p.m. on 31 August 2026 to return home but never arrived . His family and colleagues have been unable to contact him, and his vehicle is also reported missing. More than a month later, no public account has established where he is or what happened to him.","FAJ has received reports from local sources that Kaka may be held incommunicado at a premises used by State Intelligence, which warrants an urgent and independent investigation. The authorities must clarify whether he is in state custody and, if detained, grant him immediate access to his family and lawyer and secure his release. No one should be held in secret or forced to disappear outside the protection of national and international laws. Kaka’s disappearance followed his arrest with five other journalists in October 2025 over a social media post relating to a press conference about a government solidarity fund. Furthermore, his disappearance came just days after an attempted coup in Niamey, amid heightened political and security tensions and mounting pressure on journalists and the media in general. These circumstances make a transparent investigation even more urgent, while the facts and responsibility remain to be established swiftly.","FAJ President, Omar Faruk Osman, said that journalist Moussa Kaka must never be made to disappear for doing his journalistic work or serving the public’s right to know. “ The authorities in Niger have a duty to tell his family where he is, account for what has happened and secure his immediate release. There can be no security justification for secret detention, intimidation or the silencing of a journalist. A society cannot protect its people by denying them their right to know the truth .” The Pan-African Federation of Journalists stands in solidarity with Kaka’s family, his colleagues at RTS and journalists across Niger, and urges the African Union Commission (AUC) and the African Commission on Human and Peoples’ Rights (ACHPR) to intervene without delay, press for his safe return and ensure that his case is not allowed to disappear from public attention.",yes,no,4,6
Cameroon,Agrifood & Climate,Fifteen Exotic Groundnut Varieties Reveal Yield and Nutrition Trade-Offs in Northern Cameroon,https://bioengineer.org/fifteen-exotic-groundnut-varieties-reveal-yield-and-nutrition-trade-offs-in-northern-cameroon/,Bioengineer.org,4 Oct 2026,,no,,,,no,no,0,8
Cameroon,Agrifood & Climate,"After the flood, before the next storm: Cameroon needs adaptation, not an endless cycle of emergency relief",https://news.google.com/rss/articles/CBMi6gFBVV95cUxPNXFpMEl3c3BFRXhBWTAzUjFHbkd0RDBYUktiaFE1RUxJVlhMX2tIZERCVXhZNW5IMEhZZGVfRXo0bjlKbTNwSmdyci1pX3puMmlZZlZzbkNRSXY4YnBqZGtwaE1JUERsUktzNTlpY1IzMFdqNXoxN1FKOE5FYzFPOFFmNGp6YzAyU19VMHRWejNLRW52Umd3Sk5hNFBSdHJIVmNFYWpnVnBGNHhEVG1yUjdKbjltX0dtb0x2SXFSTE9RQ1dyMFpTZVF6NGlfOG45bzhIaUsycVJnZ1FiTDR0cTZxMFE1TkMya0E?oc=5,Greenpeace,28 Sep 2026,,no,,,,no,yes,1,7
Cameroon,Agrifood & Climate,Cameroon's plantain chain targets 150 billion CFA francs through BVMAC,https://www.capmad.com/article/cameroons-plantain-chain-targets-150-billion-cfa-francs-through-bvmac/,Capmad,29 Sep 2026,,no,,,,no,no,2,6
Cameroon,Agrifood & Climate,Christian Donfack Djoumessi Is Redefining Luxury Chocolate In Cameroon: A 2019 TEF Success Story,https://www.tonyelumelufoundation.org/alumni/central-african-alumni/christian-donfack-djoumessi,The Tony Elumelu Foundation,2 Oct 2026,,no,,,,no,no,3,5
Cameroon,Agrifood & Climate,Afriland First Bank Cameroon lands €25M debt facility to fund local business,https://app.dealroom.co/news/afriland-first-bank-cameroon-lands-25m-debt-facility-to-fund-local-business,Dealroom,30 Sep 2026,,no,,,,no,no,4,4
Cameroon,Workforce & Human Capital,"Corrective Surgery Restores Walking, Schooling and Dignity for Children in Rural Cameroon",https://bioengineer.org/corrective-surgery-restores-walking-schooling-and-dignity-for-children-in-rural-cameroon/,Bioengineer.org,5 Oct 2026,,no,,,,no,no,0,8
Cameroon,Workforce & Human Capital,"Arkansas Tech University, Ray of Hope Academy extend partnership",https://www.rivervalleydemocratgazette.com/news/2026/oct/04/arkansas-tech-university-ray-of-hope-academy/,rivervalleydemocratgazette.com,4 Oct 2026,,no,"RUSSELLVILLE -- Arkansas Tech University continued an ongoing international partnership on Tuesday by signing a memorandum of understanding with Ray of Hope Academy in Douala, Cameroon.","The memorandum calls for Arkansas Tech and Ray of Hope to ""cooperate for the purpose of providing a mutual beneficial partnership to improve the learning outcomes of educational stakeholders"" from their respective institutions, according to a news release from the university.",Former Arkansas Tech student Ernest Ehabe founded Ray of Hope in his native Cameroon in 2016 after he and his wife recognized a gap in special needs education when none was available in Douala for their child.,yes,no,1,9
Cameroon,Workforce & Human Capital,Dublin High School teacher Noromo Stanley earns district Teacher of the Year honor,https://www.41nbc.com/noromo-stanley-dublin-city-schools-teacher-of-the-year/,41nbc.com,2 Oct 2026,,no,,,,no,no,2,6
Cameroon,Workforce & Human Capital,UNHCR: 5.8 million refugee children still out of school as funding cuts threaten hard-won progress,https://news.google.com/rss/articles/CBMivAFBVV95cUxPWlZZR2N1SEppalY4UGZRZDlSRVFWMUlSX3JhUnBCb19YRF9nQjU5MlhKVDF5UjhmdGZ1b2RZc2h4czFPdldCTlAtdzJCVHNHV3ZiZUlLbzNmM2xJMW1WS2N0RGlCaTdWR0I4WFlHcnZ5R09jMnM0RGxDRjZPdHNHZlBLaUNzQi1zUi1fdHA3NG5EeDNWOW5feV9IZkRvYWFubEdqRjhZSlR5Z3k1Y1Bkb3pQbGpNRmpJVENwbA?oc=5,UNHCR - The UN Refugee Agency,2 Oct 2026,Refugees,no,,,,no,yes,3,5
Cameroon,Workforce & Human Capital,"From Cameroon to Roswell, Debrice Ashung becomes four-sport star at Roswell High",https://currentargus.com/from-cameroon-to-roswell-debrice-ashung-becomes-four-sport-star-at-roswell-high/,Carlsbad Current Argus,3 Oct 2026,,no,,,,no,no,5,3
Algeria,Jobs & Employment,Organization of the Petroleum Exporting Countries,https://news.google.com/rss/articles/CBMiakFVX3lxTE5NRGtCc2E0NXplZl9UOHFrMVl0OUNfcFRaX1RIdTVTUlFEVTJveS1DT3NENS0ybW1STkFxU2Nsa2JlSVppazFpVlpIZFJ5NlViYmE5MXk2WUhPZWhITHBoT3Y2bk12bWtNUVE?oc=5,Organization of the Petroleum Exporting Countries,4 Oct 2026,,no,,,,no,yes,0,8
Algeria,Jobs & Employment,Algeria Jobs 2026 - 412$ + Food + OT | UCC UrbaCon Company | Algeria Al Jazaer Visa 2026 | Fresh Can,https://www.youtube.com/watch?v=algeria-jobs-2026-412-food-ot-ucc-urbacon-company-algeria-al-jazaer-visa-2026-fresh-can&feature=youtu.be,YouTube,29 Sep 2026,,no,,,,no,no,1,7
Algeria,Jobs & Employment,"Registered investment projects will boost production, create jobs",https://news.google.com/rss/articles/CBMisAFBVV95cUxPN1dWWmttUk9ZM01yRjBYRk91M1VrVGZkQkxZRXN3S2Q4dlNHZ2hGeVA4MXB2alJiQ0lCUk5hdENDUkx4SW5iMDJhMVRndjRhbnlSTzlKNHluWlp1NTNkV1ZRNklRYjZTdjlNeG52LUhtUVhNMU5zc3kzVW1HejE2SVVRZVFvM2tSb0ZGbzQ3T3dnSkFIczhobGE4LWpJNW8zV3Z3NXAyRVlka3dBZ1ptTg?oc=5,aps.dz,4 Oct 2026,,no,,,,no,yes,2,6
Algeria,Jobs & Employment,IDSC's report: Egypt ranks among top 3 African markets for new solar energy additions,https://news.google.com/rss/articles/CBMingFBVV95cUxQek5QcS1RUEpNaFFUbFNESk1JbVB2TGZRSEg5WjNoNDhRVWxwOUpJNFVRWWl1REZYbHY2MmJaYXN6NnE4SHcyeERfZnoxdlVWTmJobS1NYWNRVzNkaG1aQldpMlJKemRldjdMck1xMXVtNWNiZkVmdGoyRDJ5dUNsNUQ4LWhhUlhfUk9hMWxkZ21tdGZ3MVFNaHhRUlRTdw?oc=5,Egypt Today,30 Sep 2026,,no,,,,no,yes,3,5
Algeria,Jobs & Employment,Algeria begins construction of 3m-ton fertilizer complex,https://millingmea.com/algeria-begins-construction-of-3m-ton-fertilizer-complex/,Milling Middle East & Africa,2 Oct 2026,,no,,,,no,no,4,4
Algeria,Macroeconomy,"Algeria’s GDP could reach USD400 billion by late 2026 or early 2027, President Tebboune affirms",https://news.google.com/rss/articles/CBMi2AFBVV95cUxPNk04RDdManM5ajMwRUc2VUJ3N3ZhTG5taFZFVS1KMnpaSWVEQndjWXdybDVXTms1RWh1WkVKRmE4Q3l3RnNqTlN5VUNEeEltTHhMQk9WdlFIVFJoRDRwb1I4U3VUU0VrdmR3dDZzLWw2T2RUTkZEeVJqdWFBc3ZQb3NkdElHejdiQ3ozb0lhcC0yYWo5Z3FDb0gwQ3B5V0NWVkxqcDNaVExzb29uT1d1OW1qYl8xN2xVX1VJREw5aHdVMmJPX21zZEVNbkFVaFprT2lScTRwVGs?oc=5,aps.dz,4 Oct 2026,,no,,,,no,yes,0,15
Algeria,Macroeconomy,Algerian lawmakers pass a bill restoring the death penalty for arson,https://www.myjournalcourier.com/algerian-lawmakers-pass-a-bill-restoring-the-death-penalty-for-arson/,Jacksonville Journal-Courier,2 Oct 2026,,no,,,,no,no,1,7
Algeria,Macroeconomy,Algeria Death Penalty,https://news.google.com/rss/articles/CBMiwAFBVV95cUxOLVJPd0xidDFSS3h0OGFzeEFxWEFOV3lHSG5mSGppeFRXQTNYeFNOSFZRUENvRFBFcEdWS2JHT0FJY1J6M0hWR1l3c1d5dkdXSGVpTF9FMGRTSmlFTXF0OTlQVHRPbFdpTFRnRHlrWXR5elVuc3JXQWV4MlpTUWNWemU5Q19lcjg5R19ya3MxRW4wWkwyaVU1ZWx5R3dGaUxCQUlsWEhwX3RYRXo4R1ZGOVdNeER6YnJaTEhLZXlXM2w?oc=5,dailyrecordnews.com,2 Oct 2026,,no,,,,no,yes,2,6
Algeria,Macroeconomy,President Tebboune Targets $400B GDP by late 2026,https://news.google.com/rss/articles/CBMimAFBVV95cUxOTzRHQWo5S1kwb0hsd1R3d3U3UXFydTdKVjJIQ2hIYm9UclBSZ0toZEp1YkMxa3pGWjI3ZWVDeVBhdmlNOXJ1WTM2eW95dU5wTTZodXpZdExrTW5jVkNKdzZYSWxVNUY0dmdaWDc3RzFOMnpWd0NJcWZnX1l3RGhvakNtald6Y0FBTkF6b2Vta2RHdWxsTmlBQw?oc=5,horizons.dz,3 Oct 2026,,no,,,,no,yes,3,5
Algeria,Macroeconomy,President of the Republic: Success of Digitization in Algeria Forges a Powerful Weapon Against Corruption,https://news.google.com/rss/articles/CBMiVEFVX3lxTFBScjlUaUxkQkFNMU9vTWVTMmU3MXRya0VuQkMyLURtZ3dCamNhOFNyVzRMbkNLZU40c19YMG5aQ19WZ0FvVnpteVZrelRTemNqWnVfYQ?oc=5,الإذاعة الجزائرية |,4 Oct 2026,,no,,,,no,yes,4,4
Algeria,Digital Economy,Connectivity: Algiers tops Africa's “Gigacity 2026” ranking,https://www.capmad.com/post/connectivity-algiers-tops-africas-gigacity-2026-ranking,Capmad,1 Oct 2026,,no,,,,no,no,0,8
Algeria,Digital Economy,African Fintech’s Debt Shift Comes With a Catch,https://launchbaseafrica.com/2026/10/01/african-fintechs-debt/,launchbaseafrica.com,1 Oct 2026,,no,,,,no,no,1,7
Algeria,Digital Economy,"High data costs, rural gaps threaten Africa’s digital inclusion - Report",https://citizen.digital/article/high-data-costs-rural-gaps-threaten-africas-digital-inclusion-report,citizen.digital,1 Oct 2026,,no,,,,no,no,2,6
Algeria,Digital Economy,South Africa Praises Algeria’s Role in NEPAD Strategic Projects,https://news.google.com/rss/articles/CBMilwFBVV95cUxObE1UUnBNMjhoZDk4bGFvNVNuUXRzOXBsUy1CTG9IRkhXMDVKT3NPYlJ5cHZWT3o5ekRQVERYbVdWY3I1RW9WMlF6NFJXcFNDZ2tMVjduWjZWSWMzSWtXQXJ2bTFtV2RsMWp1NHVqdGEyZFVXYTU5Q3hZc2Z0aW1pMHotQi1NUUZBU0lIVmFQRUhlMUZjbFQw?oc=5,دزاير تيوب,4 Oct 2026,,no,,,,no,yes,3,5
Algeria,Digital Economy,Algiers Tops Africa in Omdia’s Gigacity Index 2026,https://www.dzair-tube.dz/algiers-tops-africa-in-omdias-gigacity-index-2026,دزاير تيوب,30 Sep 2026,,no,,,,no,no,4,4
Algeria,Governance,What’s behind the Algeria-UAE rupture,https://www.atlanticcouncil.org/blogs/menasource/whats-behind-the-algeria-uae-rupture/,Atlantic Council,28 Sep 2026,,no,,,,no,no,0,8
Algeria,Governance,"Egypt, UN envoy discuss Libya's political roadmap, elections",https://www.trtworld.com:443/article/db6dc10f30da,TRT World,30 Sep 2026,,no,,,,no,no,1,7
Algeria,Governance,November 28 Local Elections: President of the Republic Urges Youth to Take the Reins by Running for Office,https://news.google.com/rss/articles/CBMiVEFVX3lxTE9yRjBDdXFRWVVlR2JtZHlYSXJfN2xyR3dWVzFYYUEwQ3pfTDNDSUNydFN4dHhVa0EtVE5PQm5kZW9qZWJjc3E4TEl5ZkRBY2VLcXBnbQ?oc=5,الإذاعة الجزائرية |,4 Oct 2026,Youth,no,,,,no,yes,2,6
Algeria,Governance,President Tebboune urges youth to take lead by running for office,https://news.google.com/rss/articles/CBMisgFBVV95cUxNRmpld0lXOTFyVmlhQkp4amJvRTN3SlNTbHU1MkJJdXRvdmhjLVpBejBhSEswWUUybWlnWUNpRVA3TzdrcnJmSGM2RWw5cXpPR2pqVFJqeGZaTW9aRTBoV1Iwb0x6MVl2eGU0ZTFMaFlSZDA0Z0dYRlhCYU1hc1hvZm9qcS16aGJhai1wVmZNWTh0cFFnSzM4N1VtLUZiQlVMeXhSTHhFYlhJVnk0Y2NwY3lR?oc=5,aps.dz,4 Oct 2026,Youth,no,,,,no,yes,3,5
Algeria,Governance,What Mdaka hopes to achieve in successive Algeria friendlies,https://news.google.com/rss/articles/CBMipwFBVV95cUxORE9oeXNLTGpCZnRSdE05UUhyS0dVa3dpZmdKbzZxcWpoQ2pnT1E0Zzl6Y0czbkIzV1diOHo1aFlibmtweS1XZEJmaW9PMi0ycDdyTTdwREN2RVV2bVQ1eEcyNmQxUE50V0JxVzZkdFota3dxUGowSXZBbTR1b0NsT21WWDJRNVQwX29mLUtnZWFhLV9lNEZYcTVjWE1MWEZNRi1ISlk4SQ?oc=5,Sowetan,1 Oct 2026,,no,,,,no,yes,4,4
Algeria,Agrifood & Climate,Algeria adopts law imposing death penalty on forest arsonists,https://news.google.com/rss/articles/CBMiogFBVV95cUxQQ0RJUHVTRDhNVGR5ZFZSb0ItRVNnS21YMGVzSWNCMXBjd0F2SVllTW1fUDJtZDdQdWI2UzlKMHNwSWVrcW9yZlFBeHBtM19UdC1wUGxUVUhEaTZXbWp3VzNLZ2Q2U2dDWmNUZWZFMy1QaDBnTXVtTzA2ckhTdXFlN2lSSHkwc2lBM2lkR1NkM2tuUnFidW1RTXNUOUI4WVBtQ0HSAacBQVVfeXFMT2RFVzZGZWxKUTNLeFhXcXQ1bkxvWjdWMURwLVFPb3MxU0FWQ2RDbGZZeTVwLXRrSmhXbE9iaWR0M2JBSnhUQllnRVg0X0VBVWlmbEJGUUdyOThUYS1fWXhkcjZIV1NyVVJpUGFRUDYxOUVENkk3eFhyd0h6U0NiTXhPQkd2ajNOWUE2amxmeU5GUWhndzRvQk51TzlWRW5UY1dmanlFM3M?oc=5,africanews.com,1 Oct 2026,,no,,,,no,yes,0,12
Algeria,Agrifood & Climate,Algeria’s Cork and Holm Oaks Face Shifting Futures as Climate Redraws the Map,https://bioengineer.org/algerias-cork-and-holm-oaks-face-shifting-futures-as-climate-redraws-the-map/,Bioengineer.org,1 Oct 2026,,no,,,,no,no,1,7
Algeria,Agrifood & Climate,Video: In Messi's style: Adel Boulbina breaks an eight-month drought with Algeria,https://news.google.com/rss/articles/CBMi3AFBVV95cUxOS21nTWhPQlJhWkJmdzJ2Qk1IS0VJTFdIT2FmUGtWdU5FV2o5cnBHUGxWZDA2azNSN0dPSk91eHBydkZRd2dpZy1hVUowazlnbmc2M0NLbzBrVTRzSXd6Uk9Rd2xxTmpxMXpvU3d2UV93bGRnLTQ2LTBwVXpoZHJ0cDdGZVZKYmVvNE0xT0V0OHI1TkJaSm9PRVV2NUtCR2pRcjhfMk5PSjk0T2Y4b2tnQVMwVlRUQnViRDNiV2tJdVpYdXcyTFc3clN2ckV0TVg2RFFEWTBfbGZsNlBD?oc=5,Goal.com,29 Sep 2026,,no,,,,no,yes,2,6
Algeria,Agrifood & Climate,Algeria opens market to Brazil’s distillers grains,https://anba.com.br/en/algeria-opens-market-to-brazils-distillers-grains/,Agência de Notícias Brasil-Árabe - ANBA,30 Sep 2026,,no,,,,no,no,3,5
Algeria,Agrifood & Climate,Algeria–South Korea Deepen Cooperation Beyond Energy – الشروق أونلاين,https://news.google.com/rss/articles/CBMikAFBVV95cUxQS1NvUUZfUDVqZ1dqLWNwSE1PSGM2dVhzRTgtdWZaVWY3NzRrcE11Q2EtUFVHTmZGOFFBbEUxTWlERWoxMjU5ODhOZFg5bkhQRUEtTXU1ZTY2VUdFTjR4MGIxZGlxRHlXV0tReXZpcXZjWnhSMzdEWjZ1WExGSF9vYU1pRFdHZi15RWFXT2tUZmg?oc=5,الشروق أونلاين,2 Oct 2026,,no,,,,no,yes,4,4
Algeria,Workforce & Human Capital,The Foundation launches the new Educational Football Program season in Algeria,https://news.google.com/rss/articles/CBMi4gFBVV95cUxPVFV6QjBKWGRmRVMwR3E1T0xfRURIMXhXdDdzMEtUTGozVmluc2ZXUWhISk9Udkc5X2ZBb2x3NWZuUjJUV0lKRjJ6RXhJTVBYbXJFSmRjZ1Nad2VreVA2TWxoSFZRODNBZzFMd2ZqTXRCaV9POURNOHlJRkN5TUlYcjJmMXA3Z29pMmRab3FHWWpsYnlOMHZqVTZobTBVd0JtVEx4LWZESU9PS3lTVlZfYmhiMUphZ09wek5ZUGJoLWozcFNfdVZMamxmRE5mMTJhWFpOVXhjMzJsdjhWZzUySHNn?oc=5,realmadrid.com,2 Oct 2026,,no,,,,no,yes,0,8
Algeria,Workforce & Human Capital,Arhab launches vocational training’s new session from Tipasa,https://news.google.com/rss/articles/CBMivAFBVV95cUxNZF8yOFhWZ2lFakFobnpkMHk1SjlfeHBrR0swbEFoTnE4ZEV6dG50OXAyNGk0MGRpMUFDeWNfQ2NQZkg5RUlhR203VlVJaWxXZlhsZmdQQ09IdUl6YklBSDdmVEpHT2FtVUh6dExpVGJUdDdtOXEyUjlvU29fQS03UERaOGhWWHdHVFZyQnNIZC1vLVFhcmVhR1hOTGNwTDZSUXZDclpOdXM3dDlGWkx2NXhxUWVaTkNHYTNVYw?oc=5,aps.dz,4 Oct 2026,,no,,,,no,yes,1,7
Algeria,Workforce & Human Capital,"Jordan, Algeria Move to Broaden Education, Research Ties",https://petra.gov.jo/jordan-algeria-move-to-broaden-education-research-ties/,وكالة الانباء الاردنية,1 Oct 2026,,no,,,,no,no,2,6
Algeria,Workforce & Human Capital,Algeria ranks first in Maghreb for universities featured in THE rankings,https://news.google.com/rss/articles/CBMiuAFBVV95cUxPVWw2eGcyWTJ1V1lTbEZQRVJ4WU53d0YzRU80WVdrLUpQWFpsa1dPZWVNRFNqYllPNk45WVdsQTRlVzdYT2dhQ2o2QXdaZ2l4anNudjRwcE9rUDVBT1B3WUQ0Z3J0c0Q5cXlKeE1hMkQ2T09DbGctVTJoMGF2SXNkczAyWV9GQVhkM25ZdTR5MTNVaXJtMFZWZVFEbUpocTRnRTVNWDgtR3hsckptNV9pVEZTMlFJUU5Z?oc=5,horizons.dz,4 Oct 2026,,no,,,,no,yes,3,5
Algeria,Workforce & Human Capital,Jordan and Algeria discuss student exchange and stronger educational cooperation,https://www.jordannews.jo/jordan-and-algeria-discuss-student-exchange-and-stronger-educational-cooperation/,jordannews.jo,1 Oct 2026,,no,,,,no,no,4,4
Guinea,Jobs & Employment,Republic of Equatorial Guinea,https://news.google.com/rss/articles/CBMidEFVX3lxTE93YlFaazNLX3ZvS2NfYXhJaUJPS0xMRDhGQU1PZThONjlnSmNnWjhBY1RGVmpscU5SMkRlNTFVT2VhRnlRLV9KNGV4ekl0Uk1sNWZLb3lRV0p5dDJsbENrcndMNTJXcVAwclltaTYwU1FSYnBi?oc=5,African Development Bank Group,1 Oct 2026,,no,,,,no,yes,0,8
Guinea,Jobs & Employment,The Innovative Fight Against Poverty in Papua New Guinea,https://news.google.com/rss/articles/CBMibkFVX3lxTE13QzRnY1RGRjR2eU9jZkJrOUQ1YVhwUmJ2Wm5EUXFuT2FlY01QUlJUb1lUVWowUUFjamF0VFlmMk1JbFhOSXMtZlAxdlNwaUNvWmN0MUw3TFd1NVpvWVhsUEtlOWtYZ0c3V1BVcEJn?oc=5,The Borgen Project,30 Sep 2026,,no,,,,no,yes,1,7
Guinea,Jobs & Employment,Rebuilding Guinea’s Ignace Deen hospital needs a national tertiary-care plan,https://www.nature.com/articles/d44148-026-00304-8,nature.com,28 Sep 2026,,no,,,,no,no,2,6
Guinea,Jobs & Employment,ADB’s Five-Year Plan Backs Better Services and More Jobs Across Papua New Guinea,https://www.devdiscourse.com/stories/adbs-five-year-plan-backs-better-services-and-more-jobs-across-papua-new-guinea/,Devdiscourse,29 Sep 2026,,no,,,,no,no,3,5
Guinea,Jobs & Employment,Family Planning in PNG has a conversion problem,https://devpolicy.org/family-planning-in-png-has-a-conversion-problem/,Devpolicy Blog from the Development Policy Centre,2 Oct 2026,,no,,,,no,no,4,4
Guinea,Macroeconomy,"Equatorial Guinea - Oil, Agriculture, Fisheries",https://news.google.com/rss/articles/CBMiakFVX3lxTE5VVWs1dUF3M3pxck13YlAzeGo1MlFMQjE4bUZCUWppU3hFODg5Mi1QdFpKUU02SnpwSE91b1E4Y0hiSEctLURDakdaVGREeEszNmV4dFRTakd1T24zYk42dGZtYUxJMjZ5UUE?oc=5,Britannica,30 Sep 2026,,no,,,,no,yes,1,7
Guinea,Macroeconomy,What Guinea’s €269.5m from EBID adds to a grid that already exports,https://energy-news-network.com/industry-news/guinea-ebid-financing-power-exports/,Energy News Network,1 Oct 2026,,no,"Guinea signed three loan agreements worth €269.5 million with the ECOWAS Bank for Investment and Development in Conakry on 10 September, covering health, transport and energy. The country already sells 1,174GWh a year into Senegal, The Gambia and Guinea-Bissau under bilateral contracts.","Guinea’s hydropower already leaves the country, with EDG contracted to deliver 1,174GWh a year to Senelec in Senegal, NAWEC in The Gambia and EAGB in Guinea-Bissau at around $0.11 per kilowatt-hour under three bilateral agreements.","Those exports run over the OMVG interconnection, which moved Guinea-Bissau off rental power entirely and cut The Gambia’s thermal consumption sharply.",yes,no,2,8
Guinea,Macroeconomy,Guinea marks 68th Independence Day amid calls for prosperity,https://www.channelafrica.co.za/channelafrica/news/guinea-marks-68th-independence-day-amid-calls-for-prosperity/,Channel Africa,2 Oct 2026,,no,,,,no,no,4,4
Guinea,Macroeconomy,South Sudan declared Guinea Worm-free,https://eyeradio.org/south-sudan-declared-guinea-worm-free/,Eye Radio,2 Oct 2026,,no,,,,no,no,5,3
Guinea,Macroeconomy,CFPs: NGO Monitoring Support for Biodiversity and Community Conservation (Guinea),https://news.google.com/rss/articles/CBMivAFBVV95cUxObzluLV9rd2x0a3BmUjFNZkdGQXYwdTVRN2lQckxubWR3dzJCSUxkNExzdkFENUtmdGljbjRCQk1ZaVJSWmFIdGdNY2xMdUd0UWFvOXAwRDVNQ2RHVHpRUGxiVjZlUzFXWDFKM2w2NTF2Yi1VcWR5WDRlS0k5RGZmOG8wWkszUGZBemxXMWNkVUhpVVhPLXBaZnlWOHE3NzM0VXE5ZDZacEhBZExWLXNORmRPMXA2Wjk0MEQ3SdIBwgFBVV95cUxNTFhkNzZZV251MkxPX2RhcncyVjl5aWFVa296UGdFSHY3bGVjLXN2ZGFtTEgzYkNMS2ZuX19nZW5FLWhhZjktTTdvMjVoMGY1cHp0MVZ2NnVmaUxXeFVrX29RWmxwMUNDZTl6bl9oS2dYSEpoRVYtaWNsVGtYV1BZMnRfclhuaGJBRjNjYjlXM2ZSSzZXTHdzY2dfU1JiQ3JXY0VJTWF0clFyRURYOTk3QXJWRkVNV3U3NFFHRVQ0enpkdw?oc=5,fundsforNGOs,15 Sep 2026,,no,,,,no,yes,6,3
Guinea,Digital Economy,“Hands were shaking”: What a social media workshop taught us about Managalas,https://www.forestsnews.org/163949/smartphone-training-digital-access-managalas,forestsnews.org,1 Oct 2026,,no,,,,no,no,0,8
Guinea,Digital Economy,"Rwanda inks carbon credit pact with Singapore, is sixth country to do so since 2023",https://news.google.com/rss/articles/CBMixAFBVV95cUxOZ1BBVUxGR0M2RU9kYjJzTDQyY2FsREJsSWVRLUdPMXlZdnZRVkFaN3RHeTJITm1ST1lxLVdCU0tIZGhGTVQwcnliNUVXV2REeFJOM2M5cWNMNXF3dER1aFVzOHRGZ2JUWFUxSmphNXBQdm9LdHdpcm9lbWtfdkNKS01yT19iODVsWmNBQjR2QVlGSERBX1YwdDFBT2t3dzlsWnZWdE9FZVl2aXBSeWszbmxPUlhmTVV1MG9SdkJNR29WajJV?oc=5,Singapore Economic Development Board (EDB),1 Oct 2026,,no,,,,no,yes,1,7
Guinea,Digital Economy,Guinea-Bissau Embassy observes 53rd Independence Anniversary in Gambia,https://thepoint.gm/africa/gambia/headlines/guinea-bissau-embassy-observes-53rd-independence-anniversary-in-gambia,The Point Newspaper,2 Oct 2026,,no,"A statement on the occasion of the 53rd Anniversary of the Independence of the Republic of Guinea-Bissau delivered by Hon. Lamin Jabbi Esq., Minister of Communications and Digital Economy overseeing the Ministry of Foreign Affairs, International Cooperation and Gambians Abroad of the Republic of The Gambia on 29 September 2026 reads:","Ambassador of the Republic of Guinea-Bissau to the Republic of The Gambia,","Excellencies and Members of the Diplomatic and Consular Corps,",yes,no,2,8
Guinea,Digital Economy,CELEBRATING 51ST YEARS OF INDEPENDENCE & TELIKOM’S JOURNEY– TELIKOM GROUP CEO AMOS TEPI,https://emtv.com.pg/celebrating-51st-years-of-independence-telikoms-journey-telikom-group-ceo-amos-tepi/,emtv online,29 Sep 2026,,no,,,,no,no,3,5
Guinea,Digital Economy,Equatorial Guinea averts Internet disconnection,https://www.connectingafrica.com/connectivity/equatorial-guinea-averts-internet-disconnection,Connecting Africa,19 Oct 2024,,no,Equatorial Guinea has averted losing one of its main subsea connections to global telecoms infrastructure. This comes after the country was at risk of suffering an interruption of Internet services because of a delayed payment of its bill.,"The country's vice president, Teodoro Nguema Obiang Mangue, spoke out on Twitter saying that the payment via the Bank of Central African States (BEAC), of which Equatorial Guinea is an affiliate, had not been authorized by the Bank of France.","The delays in the transfer of payment to Gestor de Infraestructuras de Telecomunicaciones de Guinea Ecuatorial (GITGE), could have left the country without Internet.",yes,no,4,6
Guinea,Governance,"Ousted Guinea-Bissau leader to run in December election, source says",https://news.google.com/rss/articles/CBMirwFBVV95cUxQQnQ4dldvUXJ4ZUNUTmppSUtqNktkX2JMSmRXTUhGV3Vyd2hlZmdRMVAyQ1MzRTlET3VNYngzdnNCelRwbTlTZ1hpSFkyOVdHRmhDQWVtQm1WSzFyWXUzQ09iSlpGTHl5TWo0NV9tUDM0Ukk5QW10cndiZU5sTUxVeW96WjRwMTRnNDBDREpkVkFFYjJJU3JoZVVRV0Y1aGdHVEFQMmVhY0l5RWxqXzRF?oc=5,Reuters,29 Sep 2026,,no,,,,no,yes,0,15
Guinea,Governance,Guinea-Bissau military leaders bar ousted president's return,https://www.genocidewatch.com/single-post/guinea-bissau-military-leaders-bar-ousted-president-s-return,Genocide Watch,3 Oct 2026,,no,,,,no,no,1,7
Guinea,Governance,Mixed reaction in Guinea-Bissau after ousted president barred from returning,https://news.google.com/rss/articles/CBMitgFBVV95cUxPSzdBb2NqUlpPY1lkcUNfb2IxaG9rWm94Y01kTUxWeS1nM2Npa3lHb0daSHFfQ1FraEEwY2E5dm5hUTZIRTZmdF9kaGJvY0kxSzQ2MjhtTnpObG9SUjlfcWgtQXNCeXVOdThydWFFeW9ZQjN5NVhldFR2MWpMRVFNWkZNTUJ6LUZha1B4UXM4WlRZSU9Tem9oRlFwT3ZuTHBtS1FFdXJPWmZrbGZQWjJrNThGQW1zZ9IBuwFBVV95cUxOcXd5YlJkQjd2djh2LXpfV3J5MkN5a200ckhBYTBOOVQzXzI3Z1ZEZmVnaTZaR1I1NThDbVgwMHd0dFZaUGlOYUttaU5FQkNsSXUtSmp4Y3M1aGw0Mk13N2xzMXd6cUhiaFFXdUtmNjAyb3pPZy1DQXlIOGZLazZlb0FWX25sTlgteW5jZTl5dGxNQjlxUWVBdVB2OWIxdDlhZDFEbWE3S2tURTZ0VUR3bnA0YkttRkNXd1N3?oc=5,africanews.com,2 Oct 2026,,no,,,,no,yes,2,10
Guinea,Governance,Guinea-Bissau military government blocks former President Embaló’s return,https://mymotherlode.com/news/africa/11187686/guinea-bissau-military-government-blocks-former-president-embalos-return.html,myMotherLode.com,2 Oct 2026,,no,,,,no,no,3,5
Guinea,Governance,Papua New Guinea Brings Government and Civil Society Voices to Regional Dialogue on Responsible Business and Human Rights,https://news.google.com/rss/articles/CBMi7wFBVV95cUxQOEhveWc1NXZpYzdVeG9wY0ZHc3MxbG85QU1TSTZia0lvc2N0b1BrZHE4QTk0ZkpnVDFVYURMb0NVcEVxQkVZSW9GZ2RJVFZVNk91bGJOUzJWd0YwN0ExX1NxUmh1LURIWEt5Sm5JTHV1SnVPWHVBS29vbXdvSWxaZm9WWklvRFREU0I1RHUxMVRKZFJaY1Bsd29LRkRsOXM0Rm5MX3puVjRZWlJ4SmNmdTFWbkU1WUdWVk9GdUNrdFJTWHlfR2kyOElxcks4MlgxVGNBbHpyRzNPTHFGbV9ad0xlbnl0RG45NWVyYTVfdw?oc=5,United Nations Development Programme,30 Sep 2026,,no,,,,no,yes,4,4
Guinea,Agrifood & Climate,Swimming to safety: A Papua New Guinea family survives Cyclone Maila floods,https://news.google.com/rss/articles/CBMinwFBVV95cUxQQzBTRDJ6QmlrNUlMTkhjOU55bVFpZERtWjZ6U3NyMVRiVFlEOVZaVXdMYTU1ZUoxbDZLd0hFbEpETW56NG1yX1J4OTFDNDlYUXJ1SUx2VWhKVUpxMmJtdmxaVmJlSkVsYV9PSHpMVG1DZjZ2LUs1WWxudlJYYzNGNjRud09UVnFyeXRGWG9LcjFXRERRdFZEdVJBYk4tT28?oc=5,IFRC,30 Sep 2026,,no,,,,no,yes,1,7
Guinea,Agrifood & Climate,"Egypt, Equatorial Guinea ink memoranda of understanding in agriculture, culture, tourism, fish farming",https://www.egypttoday.com/Article/1/149860/Egypt-Equatorial-Guinea-ink-memoranda-of-understanding-in-agriculture-culture,Egypt Today,4 Oct 2026,,no,"CAIRO – 4 October 2026: A number of memoranda of understanding were signed between Egypt and Equatorial Guinea in the fields of agriculture, culture, tourism, and fish farming.","The signing ceremony was held during the first session of the joint committee between Egypt and Equatorial Guinea, on the sidelines of the El-Alamein Africa Forum on Saturday, October 3. The ceremony was headed by Dr. Badr Abdelatty, Minister of Foreign Affairs, International Cooperation, and Egyptians Abroad, and on behalf of Equatorial Guinea, Mr. Simeon Esonu, Minister of Foreign Affairs.","Minister Abdelatty praised the depth of relations between the two countries and their shared commitment to strengthening bilateral ties across various fields, particularly economic and investment cooperation, expanding trade, and creating opportunities for Egyptian companies to contribute to the implementation of priority development projects in Equatorial Guinea, especially in infrastructure, construction, housing, energy, pharmaceuticals, and fisheries.",yes,no,2,8
Guinea,Agrifood & Climate,Securing and Adapting Birth Registration Systems in Response to Climate Change-Induced Disasters,https://news.google.com/rss/articles/CBMiywFBVV95cUxORlVuNlNTNDFPSGluZ0w5a2F4dDJSV1VDdzBUb3prajMtOTNYTjROSG4tUno5ZXlPeS1sRVEwNXNuN0VCVUJHOHhfMjlyb0tTM2VIOFR0RjJjQi1JZDVCTnk2VHByUFFzajJTbk5NbHY1aUFoblo1VUVwdkVWd01NSGRScDAxeXlRSy1zRTNWMU96T3FOOGR0b1A1MUNObDJPRWh4ZFluWUFKckdKYTYxUGFUT3ZtejVWcFB0SmZhYWdSenZwSk1jQjdYSQ?oc=5,UNICEF,29 Sep 2026,,no,,,,no,yes,3,5
Guinea,Agrifood & Climate,Papua New Guinea El Niño Snapshot: Current Impacts and Early Action (As of 1 October 2026),https://news.google.com/rss/articles/CBMixAFBVV95cUxNc0MxYXV3ekZNVEgxZnF3LUtZQWQ1OW9PaVBiQ0xNYTd4RE05ZDA2U2VZMVpYa215Q29jLXRndEtuM1ZZLUVlV0RWZFYybHJyazc4ZUhOanVmX1FvYlNYQkhBM3NaWWVxMEtuenJvRlpWTVBnODd1bFplQXFWSFJqN2FPdTJ0cGRNTmF2bzlvVTV2b2lIMDVRU0dJMFFlSThNcnhuVEQ5ZGtVaXRTd2QxUkpFYlVMVnUzaWQ0YVJFa256dldK?oc=5,OCHA,1 Oct 2026,,no,,,,no,yes,4,4
Guinea,Agrifood & Climate,"WFP Guinea Country Brief, July 2026",https://news.google.com/rss/articles/CBMiekFVX3lxTE9KdmN5ME1NRE5ESHBrLXdTbTMwcDNQZG9YUl9qYWhwRHhlZGNfX2VfWGpVY3FaY3JoamtwOEpTOFdMMUdYUEUtNVRsenA1ZzJvaml0QzVrTjg5RXZjb2FjM1oyZGxfSEc4WHM3YWRIYnpLY2pBNzlIVXRB?oc=5,ReliefWeb,29 Sep 2026,,no,,,,no,yes,6,3
Guinea,Workforce & Human Capital,Community comes together to celebrate Guinea,https://www.gazettejournal.net/community-comes-together-to-celebrate-guinea/,Gloucester Mathews Gazette Journal,30 Sep 2026,,no,,,,no,no,2,6
Guinea,Workforce & Human Capital,Xinhua News | Chinese naval hospital ship Auspicious Ark arrives in Guinea,https://english.news.cn/20261005/bd41028091874a988f90c9dab75361c1/c.html,Xinhua,4 Oct 2026,,no,"The new partnership aims to make Sagunto a European production hub for LFP-based Unified Cells. The plant's first phase is now planned at up to 30 GWh of annual capacity, 50 percent above the 20 GWh initially considered.","MADRID, Oct. 4 (Xinhua) -- Spain builds more than 2 million vehicles a year as Europe's second-largest vehicle producer, but many decisions shaping its automotive industry are made abroad. With Volkswagen considering a possible phase-out of its Spanish brand SEAT after 2030, a new battery partnership with China's Gotion High-Tech highlights Spain's efforts to secure its place in the electric-vehicle value chain.","Volkswagen Group, its battery unit PowerCo and Gotion announced on Sept. 28 that Gotion will invest around 1.1 billion euros (1.29 billion U.S. dollars) for a 49-percent stake in PowerCo's battery-cell plant in Sagunto, eastern Spain. PowerCo will retain 51 percent, with the venture intended to be jointly managed and operations to start in 2027.",yes,no,4,6
Guinea,Workforce & Human Capital,"Havana event discusses Cuba, Africa independence struggle",https://news.google.com/rss/articles/CBMilwFBVV95cUxPdjlJb3VZNXI3NGpBa0Q1SHBGeWtubGR0TmFvbDlQTDh4Q0I4SThjU3hKQUVIN1U5eXNZNUJYY2Y4bE1DdVczWUZUSUs3Z0JpekpkTUhXanhYTGsxSkRrU2FTaURTaUxPLUFCOG14bnNiREVpdXh4LW5lTTdTUnNMMzBTUFMzdDZTbTFPNG12NVJIM0FvSmZF?oc=5,The Militant,2 Oct 2026,,no,,,,no,yes,5,3
Guinea,Workforce & Human Capital,Quiz: One Month Back to School. Would You Make the Grade?,https://www.worldvision.ca/en/stories/quiz-one-month-back-to-school-would-you-make-the-grade/,World Vision Canada,29 Sep 2026,,no,,,,no,no,6,3
Guinea,Workforce & Human Capital,Equatorial Guinea 1-0 Sierra Leone | AFCON Qualifying,https://news.google.com/rss/articles/CBMisgFBVV95cUxQd0ZwZXhiNHVOcy1NT3hBdDVMSnBkRXVvN0JRR3VPQm85QUZfTE1uZUVaWVVjSl9lU0RtUjZMN0pPOUV4dEV5TlZKdEtZNW5FbXFYSElsWFB0NV8tWkZHVWlYS2xqUko2aTViOVczdEhiUXdxR2d4YWV4Y3M1NTZ4MWNyWlpfNXBfOUJVbnRiTGpRanJaV1hkX0lFczBtNi10dEVFU2Z0eFVLNjMxWk9BSG9n?oc=5,247Sports,28 Sep 2026,,no,,,,no,yes,7,3
Libya,Jobs & Employment,"A new Libya is possible, but it needs economic reform",https://news.google.com/rss/articles/CBMigAFBVV95cUxOczlYX3hpNnpQazhfZXNuMGxCSmFiOXBGWFZZMmRmS0hoMGhzdmsyM3E3c1gwLUx3TUYySmEyVDdPb2lnM0VlLUN1NFdiUzFfTV9QMFhQTE9EVmcyNWpnMzQ1TnBPbHotaUpUU2hHNFpYSlN2Ync2T1pFd0VzX0lJQw?oc=5,The New Arab,1 Oct 2026,,no,,,,no,yes,0,8
Libya,Jobs & Employment,US-backed Libya unity effort in doubt after Haftar son linked to drone attacks: Report,https://www.turkiyetoday.com/world/us-backed-libya-unity-effort-in-doubt-after-haftar-son-linked-to-drone-attacks-report-3229526,Türkiye Today,3 Oct 2026,,no,"A U.S.-backed effort to bring Libya’s rival eastern and western authorities closer together has been thrown into doubt after Saddam Haftar, son of eastern commander Khalifa Haftar, was linked to a series of drone attacks on fuel and power infrastructure in western Libya, the Guardian reported Saturday.","Sources in Libya’s Tripoli-based Government of National Unity, or GNU, told the Guardian that suspects detained over the attacks were working for Saddam Haftar, deputy commander of the eastern-based Libyan National Army.","“No formal decision has been made, but in light of what has been discovered it is impossible to work with Saddam,” the GNU sources told the newspaper.",yes,no,1,9
Libya,Jobs & Employment,Toyota Libya Graduates Sixth Cohort of Bodywork and Painting Program,https://libyaherald.com/2026/10/toyota-libya-completes-six-discover-your-talent-training-cohorts-in-the-field-of-bodywork-and-painting,Libya Herald,2 Oct 2026,,no,"Toyota Libya announced yesterday that a graduation event was held at its Misrata Free Zone headquarters for eight new trainees - the sixth cohort of its ""Discover Your Talent"" programme—specializing in bodywork and painting. This follows the completion of an eight-week training course.","Toyota Libya reported that during the programme, trainees received instruction on the fundamentals and skills of bodywork and painting under the supervision of certified trainers from Toyota Japan, utilizing a training centre equipped to Toyota’s standards.","This programme, it added, is part of Toyota Libya’s contribution to developing the skills of Libyan youth, qualifying them, and integrating them into the labour market.",yes,no,2,8
Libya,Jobs & Employment,"Labour Minister, Indonesian Chargé d’Affaires review regulation of workers",https://news.google.com/rss/articles/CBMipAFBVV95cUxQamFIVzgtNWhvNkYtY1BSeEVqRGtQb1ItUXdvLUQ1dDFiZVRyaW1KM2RHZjEzcERwMXpMYU5FbllKNVA2OE93U3ZJNjgtcnJsNWtZWXo2OTNvdjZrV1pndVc4OE82ZTJaRVlHbzVNOVJPU1JoNFpXZ05sOVZYTE5mVkVCRnNmYllBdnEyNWZ6SWFpVTF4TVlVM0tuV19TblZjSVd0OA?oc=5,The Libya Observer,2 Oct 2026,,no,,,,no,yes,3,5
Libya,Jobs & Employment,IOM coordinates with Libya over missing Kurdish migrants: Official,https://rudaw.net/iom-coordinates-with-libya-over-missing-kurdish-migrants-official,Rudaw,3 Oct 2026,,no,,,,no,no,4,4
Libya,Macroeconomy,Analyzing Drivers of Libya’s Foreign-Exchange Pressure,https://libyaherald.com/2026/10/op-ed-where-is-the-dollar-demand-coming-from-understanding-the-forces-behind-libyas-persistent-foreign-exchange-pressure,Libya Herald,4 Oct 2026,,no,"For most Libyans, the foreign-exchange problem is experienced through one number: the price of the dollar on the parallel market. But the exchange rate is only where a much wider set of pressures becomes visible.","When demand for foreign currency remains high despite substantial foreign-exchange sales and wider access through formal channels, the question cannot simply be how many dollars are being supplied.",The more important question is: Where is the demand coming from?,yes,no,0,10
Libya,Macroeconomy,EU officials meet to strengthen border agency as activists sue over alleged migrant abuses,https://news.google.com/rss/articles/CBMi1wFBVV95cUxOdGVadC1RbXoxaEpIb3k1aFR4NU1PSS12Y1puUEItMWV0Z04zY1N1RnB5eGpRODFUT3VvYTl5R0NULXZCakFldkZkYUw4bFowUWRSMDVoei1JN0JWbW02QWszWDM2TlJEYWVpNEkxMWRGa2o0cGxnYmVpOTZwNmRhTTFxOVFoY0hUeXprVElOSnQ3cDNIdDJZVlJRb2paazlxRkQ3aExHSFNWaEpPaVhsUkFjQWRsU2k1YmpLcGhtQjZxZXR1dXpRX1FzM3hMdGZLS01kTkk2QdIB3AFBVV95cUxQNEhEbUc5XzZVTE9FS29uT25kaHd0dDMtdFFmV3p2UHc2LUVZRE1tdnNYLVd6dE0xTWNwam4tdk9FZXBQSi1fUXVBUUVCNW13LTBoWUhHWVdqZ0lVY25IMmExMDYySWhyQnlQMUVHQ0JUSnc1RDJrU0hfMV9hYU1PZ2dpUzdja1laZmdkUHl4cDRfSTdvQldyTGU0QV9maFZjWGxvX29DbzJUNUV3NXU1YlpjTFYtT19LUnE5TkhmS05VcmdoSHI5MzRNaW5udjZQQ2N1azhfMzYtSVhV?oc=5,myMotherLode.com,1 Oct 2026,,no,,,,no,yes,1,7
Libya,Macroeconomy,Gulf Investors Look to Libya and Algeria,https://news.google.com/rss/articles/CBMiiAFBVV95cUxObjVrNjB4dEVVbF8zQWVrRDEybjhlOXNhOENadGgwbjROZEVsSmhNUDFvU2cwZVUzT0JoeXE5QXZQNXVSUmJXLVVqNEItNWJmM1pwZGdRbm5XdmgwQ0p0MmZxVDNVb2gtV3dLS1U1a1JJTkZOODNLVTY4OWlGN0phSW5Bd2RNLXNG?oc=5,Global Finance Magazine,30 Sep 2026,,no,,,,no,yes,2,6
Libya,Macroeconomy,Libyan teachers extend strike over pay and working conditions,https://news.google.com/rss/articles/CBMiogFBVV95cUxOc3NXVk9mYmVXU3VNY3I4VkJITEpUaEIwSF9vMVVzWE5weXlydHNUNkRGeEJlYVhkbWJmRk9aUGM1TGZxRnFjbTlQMmpER3UzRndXYmhxeDBBYnoyQ3hnVVdqWlZod29LOVhaeWFBbWtwQW5BUWR3RHdzdzhUSS1JOG54bnZHUW82T3dLQllXZWxRSXVwUktWTDYzbVNhTWppLUHSAacBQVVfeXFMTmU2ZUdrNTg2Y1d4UkM3cXhFb3U5RU9ETm9BajBXSzlZQW1TWFBqN09GVVk3VUxuenZCajB0RWRVdXpnc05DdmZTUU0zblRqaXRKWHQ0NlBkTUxUR1JNQ1BoZ25KN1F1a2RKUUtBWXItckZYZzhmcmQxNFdNcWZwcFdFMmYwYzQ2NmNrcFJ5bm1aeHdHTmlSOTMtYmNwd0laNFZkVFhvdkE?oc=5,africanews.com,30 Sep 2026,,no,,,,no,yes,3,9
Libya,Macroeconomy,Teachers’ strike over pay delays start of Libya’s school year,https://news.google.com/rss/articles/CBMiigFBVV95cUxQY1d2cWRmWDNJbHhDSVZuemlYNURoNkpxNk9iTkhNVVZRSk5LcktfM2dYNGRYQXVxRHB2TXcyZFlLV0RXakFabGloYmNlanVMQ3lqRGdhRGFZay10c1llSG0zTjhfT3U3ZjNOcFdqTkY4dGFEZGxhaU5nNjhTUUFsTlRheVZEaG4tWnc?oc=5,The Arab Weekly,2 Oct 2026,,no,,,,no,yes,4,4
Libya,Digital Economy,"Sudan Official Rejects US Ceasefire Plan, Warns of Libya-Style Partition",https://themedialine.org/headlines/sudan-official-rejects-us-ceasefire-plan-warns-of-libya-style-partition/,The Media Line,1 Oct 2026,,no,,,,no,no,0,8
Libya,Digital Economy,"Libya - Arid, Desert, Mediterranean",https://news.google.com/rss/articles/CBMiWkFVX3lxTE5DUHllcW5waExuUW44anJ4Si03ZG1zZ29tUS1XMW9UbG5RblRBdG94cTI4b09obDY1TmNoLW9KUnJIMkticUVMZGtOcVptZWJLMWhhLWtGZ2hEdw?oc=5,Britannica,2 Oct 2026,,no,,,,no,yes,1,7
Libya,Digital Economy,"Egypt, UN envoy discuss Libya's political roadmap, elections",https://www.trtworld.com:443/article/db6dc10f30da,TRT World,30 Sep 2026,,no,,,,no,no,2,6
Libya,Digital Economy,Libya vs. Yanbu — a tug of war for Europe's barrels,https://news.google.com/rss/articles/CBMihwFBVV95cUxNMXltQTBKNWNJUnBhcTJZVFR6cjA4alpmcnFSN2tTYzhtbi02Q1hiWi12UkNUQnRTUlVGUk9maHN1dndBSnlHNXkzTjI5d1doUHB6S0dXRmV6SkR3M0VSNXRHejM0SFFINXRPWUhiWTdReXBzWVVVbVAyZk5RTC1ucFBhTV9SMDA?oc=5,Kpler,4 Oct 2026,,no,,,,no,yes,3,5
Libya,Digital Economy,Libya/Mali • The secrets behind Azawad Liberation Front's visit to Benghazi,"https://www.africaintelligence.com/west-africa/2026/10/02/the-secrets-behind-azawad-liberation-front-s-visit-to-benghazi,110888832-art",Africa Intelligence,2 Oct 2026,,no,"In order to ensure high-quality and independent journalism,  Africa Intelligence relies solely on subscriptions from its readers, with no advertising, no events and no consulting work. Several offers are available depending on your particular reading needs","Discover our work by making use of the following possibilities: daily newsletters, a selection of free articles, keyword alerts.","The Nigerien political-military group opposed to the Niamey junta is currently paralysed. Its leader, Mahmoud Salah, and his men are being held against their will in south-western Libya, at a military base from which the Libyan National Army has barred them from leaving.",yes,no,5,5
Libya,Governance,"Libya - Unity, Government, Accord",https://news.google.com/rss/articles/CBMijgFBVV95cUxQa18tOHNVX09EYnVxMzc4b1ZBXzlWQmdvQWE1cERwVW92VGhieFVyOTFLUG1FXzdDa2lXaGg0dWdfVTRObl84MDN3LTRYVmd3YmtjNkpmSTBBSXozaGMxb2l5c044VUVORGZRQm81a2VzZndGOERaREp3bVFYVE1ONl9EY3AtX3djaDVQYTNB?oc=5,Britannica,2 Oct 2026,,no,,,,no,yes,0,8
Libya,Governance,"Egyptian foreign minister, UN envoy discuss Libya political process, elections",https://www.aa.com.tr/egyptian-foreign-minister-un-envoy-discuss-libya-political-process-elections/,Anadolu Ajansı,30 Sep 2026,,no,,,,no,no,1,7
Libya,Governance,Menfi attends African meeting on accelerating continent-wide free trade agreement,https://libyaobserver.ly/news/menfi-attends-african-meeting-accelerating-continent-wide-free-trade-agreement,The Libya Observer,4 Oct 2026,,no,,,,no,no,3,5
Libya,Governance,Pipeline Closure Cost Libya’s NOC $95mn In Lost Revenue...,https://www.mees.com/2026/10/2/geopolitical-risk/pipeline-closure-cost-libyas-noc-95mn-in-lost-revenue/df836ae0-be66-11f1-92f7-03ca66d908bc,mees.com,2 Oct 2026,,no,,,,no,no,4,4
Libya,Governance,"Libya - Oil, Deserts, Mediterranean",https://news.google.com/rss/articles/CBMia0FVX3lxTE9ZV0ZZR2ZIWHExeW1UZUNoSGw5a3VobzdHZEllelRTNkJZeGh3aktYWFdfdWJNTFplLWhabVhMR2NKam9aMmxVOGE1QVR0YncxVTZkTEczOGdWQ3dNN3ZtbXI1ZXR6cGJ2cFow?oc=5,Britannica,2 Oct 2026,,no,,,,no,yes,5,3
Libya,Agrifood & Climate,Peace is Built in Everyday Life,https://news.google.com/rss/articles/CBMibkFVX3lxTE52V29PSE16akRlQXdjcGZEMkg3c0ViS1VpMFAwaDJlS1NxM3Uxa09zdHNyNVZhZ0EyTU5aRl9GTkJ5cVMyeGVtLUgySnF1OGF4LVhGN1d0cFZHZjY1VldYVzhicTZyNGtoYXA2QzdR?oc=5,United Nations Development Programme,30 Sep 2026,,no,,,,no,yes,1,7
Libya,Agrifood & Climate,Red Crescent Ghat Branch: Floods Cause Displacement of Families and Deterioration of Infrastructure,https://libyaupdate.com/red-crescent-ghat-branch-floods-cause-displacement-of-families-and-deterioration-of-infrastructure/,libyaupdate.com,3 Oct 2026,,no,,,,no,no,2,6
Libya,Agrifood & Climate,Libya Economy Ministry Bans Export of Agricultural and Food Products,https://libyaherald.com/2026/10/tripoli-economy-ministry-bans-exports-of-agricultural-products-locally-produced-food-products-re-export-of-imports,Libya Herald,4 Oct 2026,,no,The Minister of Economy and Trade published Decision No. 493 of 2026 on the regulation and control of export operations.,"The Ministry says this comes as part of efforts to monitor local market conditions, enhance food security, and ensure the stable availability of essential goods for citizens.",The decision prohibits the export of all agricultural products—with the exception of dates—and bans the export of locally produced food products until local market conditions stabilize.,yes,no,3,7
Libya,Agrifood & Climate,Large numbers of sheep die in floods in Al-Awaynat,https://news.google.com/rss/articles/CBMif0FVX3lxTFB1QVg3LU9mQnoyWHhUdmdUQXJxT3VBd0JvVkQ1LXhiSUtMMmVfRXJsRVV2SndXcWotNmtiWVctR1dxeWVqNWFpWkw3WW9leUNxaUlqb2ZkZjZxN3VyRkMtNFFGZXJPQVg4d29rckJ0R2JHdG5FV1JYWUJoLWlmVVU?oc=5,The Libya Observer,29 Sep 2026,,no,,,,no,yes,4,4
Libya,Agrifood & Climate,Egypt Signs Cooperation Agreements With Three African Countries,https://cairoscene.com/News/Egypt-Signs-Cooperation-Agreements-With-Three-African-Countries,CairoScene,4 Oct 2026,,no,"Agreements with South Africa, Equatorial Guinea and Chad cover joint coordination, agriculture, tourism, aquaculture and pharmaceuticals.","Egypt signed a series of cooperation agreements with South Africa, Equatorial Guinea and Chad during meetings held on the sidelines of the Alamein Africa Forum in New Alamein, covering areas including investment, agriculture, tourism, aquaculture and pharmaceuticals.","Foreign Minister Badr Abdelatty and South African Minister of International Relations and Cooperation Ronald Lamola signed an agreement establishing a high joint committee to oversee political, economic, trade, investment and development cooperation. The two sides also agreed to hold the first session of their joint business council during Abdelatty’s forthcoming visit to South Africa, while discussions covered Sudan, the Horn of Africa, Palestine, Libya, the Sahel and continued coordination within BRICS.",yes,no,5,5
Libya,Workforce & Human Capital,Education Initiatives in Libya: Supporting Children,https://news.google.com/rss/articles/CBMiaEFVX3lxTFB0ejhQWUpBRjdaTUxTZ1dJZlR0Ul9JQWRWcDUxN3J2ZFhtSkRrMWxZSEFaRUdCSDNYNGkxZUQ2eTR6b2ViakZUaXFEOFBRaXF6VEk4bjVEdkhGN3pUaFdxRHBYcnBFbXdo?oc=5,The Borgen Project,3 Oct 2026,,no,,,,no,yes,0,8
Libya,Workforce & Human Capital,Libya's pay strike rallies teachers across divided nation,https://news.google.com/rss/articles/CBMimwFBVV95cUxQOUt0TDZiVG5qbWN2SFpfUWxNZ3k4c2FkZFZoSFhTT1VPMVNVWklkZG5MQ1NtTWlPWFdyeXlTNUdIZ1lzVFlmUVE1RHh3b21BRzFZaWNicWgwTzR0ajlMNUYyWWF4ZmtNcngzdUQxSWJJUFRZaDVfWUhHaGlfeVRfeUstWUxJSmRxc0hhTXZxY2tlbHZ6RTRVazg0c9IBoAFBVV95cUxPNXhzUDhDVDBJRUlqQm9GbTNHVnJINjhwR19URVBPVkp4U2tibXFVV0JFYmpCTXc3ZGRxQ3g4Vk12R2hnd0IybDRDVkl6VThRTVRIU29yMjNCNE02UjkzRnZvOEJmWEVkSGR6XzJ4MVR4aVFiaTlES0ZtUHZwSnBxWjBkOTJmWFdtaDdsYXB6b183NkdOYTd6SnVweWV3ekJG?oc=5,africanews.com,1 Oct 2026,,no,,,,no,yes,1,11
Libya,Workforce & Human Capital,"Education Ministry, Disease Control Center coordinate health campaigns in schools",https://libyaobserver.ly/health/health-ministry-44-libyan-adults-risk-noncommunicable-diseases,The Libya Observer,2 Oct 2026,,no,,,,no,no,3,5
Libya,Workforce & Human Capital,Teachers' strike stalls new school year in Libya,https://www.omanobserver.om/article/1197105/world/region/teachers-strike-stalls-new-school-year-in-libya,Oman Observer,1 Oct 2026,,no,,,,no,no,5,3
Libya,Workforce & Human Capital,Libya's school year delayed as teachers strike over pay,https://news.google.com/rss/articles/CBMiaEFVX3lxTE9pM1FBMWJFVEVQM3dReHppbUowcDZHN0dZT0JlQ21peXJVZ1NFN2dHV1lWR0NMaWF0OG0xNG13V2s1b1pVRHY3LTRVTmdUZTN4d2h2QndjanJVR2tMaC1kcVdPdnBQWXly0gFcQVVfeXFMTU9RWFlYQmxqQmxsandyZ25zU0Q4Si1sUGQzY1M5dkpXaHBCYnNwcVJjZUdKaUpfS2o2ZWlKSGg3MDBpMk55MXpjUUJSWEFsUW5EcHB5U1RuQk50ZEM?oc=5,Modern Ghana,28 Sep 2026,,no,,,,no,yes,6,3
Mauritania,Jobs & Employment,"Mauritania to develop 800-hectare industrial zone south of Nouakchott, billed as Africa's largest",https://www.capmad.com/post/mauritania-to-develop-800-hectare-industrial-zone-south-of-nouakchott-billed-as-africas-largest,Capmad,1 Oct 2026,,no,,,,no,no,0,8
Mauritania,Jobs & Employment,Legal Immigration from Majority-Muslim Nations Was Cut 96% Since 2024,https://news.google.com/rss/articles/CBMiekFVX3lxTFBQSWlhaWRSbl9VYXRmMXFjRkhvQ3FjR2JWdWdidlZwTm80VDZLNnVCTGNQeW03Ums4RzgtZUEzbzJXajFzeUhEdlN5YmVhaU9pM296NTRvU1IyY1ZqcGRKV2p0T1RNX0FrRWhkUVEwN0dZZ1JEaTF0ZnR3?oc=5,alexnowrasteh.com,29 Sep 2026,,no,,,,no,yes,0,8
Mauritania,Jobs & Employment,More than 250 migrants rescued off Mauritania,https://news.google.com/rss/articles/CBMikgFBVV95cUxNOWZrV0NyY3hkeFIzTTBnazctN3ZiaDMyZzhMemZTNHI3R1UwcktnUUZ3NkQzZWplc28tTElzRHZpSHZVaHREeHBYQzJleVhoa3BMbjU3Qkx6ZGN2MkFDSWg5alBrWW4tbDVsakxfcjVUcVJKNzZtbWUtaWFOd1p5Zm1adkZJUVFxZnZzU09tSWgzUQ?oc=5,infomigrants.net,28 Sep 2026,,no,,,,no,yes,1,7
Mauritania,Jobs & Employment,Sub-Saharan Africa receives major EU funding boost amid escalating crises,https://news.google.com/rss/articles/CBMisAFBVV95cUxPNFhxMFFQN1F0Q0RvYnhQek9EcEIwNG83RUFPQVJMOGVJdDdNTFdYd1ZBTEYzeWVhbGlnRWg5Q25ZTTFScjdETTNHeWx1eE95QThYaFlva0VTRFBMaDJoMzh4NkkxdW91MnRHcGpWUjZVbjdic01Hc2pKUHVZUC0tRy11V3RTVFBrbl80VnZQTVBVTjdITzVaTWI5bUd4X2cwSlg0LU43NnRLbzk5eTMxSw?oc=5,The Brussels Times,28 Sep 2026,,no,,,,no,yes,2,6
Mauritania,Jobs & Employment,Amnesty International points to the Malian Army and the Wagner Group for war crimes on the border with Mauritania,https://news.google.com/rss/articles/CBMi7AFBVV95cUxOdDB4c3YxeFdTYm5PcEp5NmlzN1JFdU4tc0s5ZDByM2dfbXc1Nk1yZTI3QW5xSjEzQTJ1eWhoUWNza3hZUU5jZll1dVBUQmNfSlFQVkNFdHlLR3l3TW43TEd5SWt1LTBneVNJeC1vNWR6Q0V5bFhpbnVGalRYWno2czI2NHlYb1hkOHZ0YUhRVW9xMGNoSktPOGhEdzZOLTJUTldhcWdxMXltbm55Y2VwMnJIbHNQMUJsN2J3Y1VjV0RHc1VkcmJ6OVF1SWNSdkxvNm9BTTQxUjJJSVc0dERhbExCWG83dlBmT2pVd9IB8gFBVV95cUxNc1JnVWpRT180UWNlZElzdGg3dy1MRnFpbW9jQUZEb2NwWUV0NkJhWXM3Q0l3ckhYVUY4OUQyYmRURTFrLWtJbzVLejNjTWplRkV6ZlVydndDSUJ6V0RTc1doSlhtdmlKMk1YZHRtMkdNZFlHcktqWWtEZDFNN2E5S2s5Q3F3VFcxaW15RHpMZlpicTVBdTVmOF93ckJ5UXl6R2VFbURfV3BqTm91SjFzajYwZFlUclRkbW5PQnVvUGY1cHdaVEczblpxTzQ4RmQ2UkxhWW4yOTdmU2FlQnczZkRXR0ZMVHdUUEp0R1ZXaXJrUQ?oc=5,Demócrata,29 Sep 2026,,no,,,,no,yes,3,5
Mauritania,Macroeconomy,"Mauritania - Islam, Animism, Sufism",https://news.google.com/rss/articles/CBMiYkFVX3lxTE9SdnczdDVWck5tQmlRaU9MdldyeG1UTlVyQzFrNGVZY3ZvY1M0ZFRtWWxxcWZCbV9wcWgyc2ZNVFhJV1lWRUV1b01VMzJiNUxfYml3Y2xIRHljTHAwWUNuWnNR?oc=5,Britannica,1 Oct 2026,,no,,,,no,yes,0,8
Mauritania,Macroeconomy,Core inflation rate of Hungary 2020-2026,https://news.google.com/rss/articles/CBMifEFVX3lxTFB3RVNSSVVEVzM3bjJDYU1lZXIwSnBOZzBuRWIzWnB4WmVvZHU5YzVZOGNTNFFYdlV6U2lkbVpaR1VBcU14d2tLMWJSX1hWeUVyMm9zbGpFcUwwckVWb2dkZ2RSTlhFWUxEclhlaWVfaDdvbDU3czNhWl83bFE?oc=5,Statista,29 Sep 2026,,no,,,,no,yes,1,7
Mauritania,Macroeconomy,"Most Moroccans fear healthcare costs, but fewer than half back higher taxes",https://en.hespress.com/146700-most-moroccans-fear-healthcare-costs-but-fewer-than-half-back-higher-taxes.html,HESPRESS English - Morocco News,28 Sep 2026,,no,,,,no,no,2,6
Mauritania,Macroeconomy,"Mauritania - Trade, Iron Ore, Fishing",https://news.google.com/rss/articles/CBMiXkFVX3lxTE5zWHV1TkVHWkwwa1dZWHNOaU92bVFaU2twZkF4cGN0SFltWTNLbm8yaWRVNXZ0ejJtMFA2VVdtaVdwOXN6YU5rMmVtQk9qU2dTdmg2c2Z1NFU3V2lyTVE?oc=5,Britannica,1 Oct 2026,,no,,,,no,yes,0,8
Mauritania,Macroeconomy,ZAWYA: Egypt-AU trade exchange rises 11.8% to $6.1bln in 7M 2026,https://news.google.com/rss/articles/CBMi0wFBVV95cUxNMWZTQmNiTzVmUW1Mck5YdnMyVGR4ZUNkSnFQWGJyY0J3dWM5QVBuUDFCa3pXRmI4aHktWC1kbkhqTHZxUGhPSWtabkxURVhVMkVkenRNY2hoYXh5OGNiSENWZF9zU1YxYlJNV25UcmhqRzlhNHhKb3NTUS1UaXNyR25BbXg0OWtidGl1THViM0FoQVRoc0ZJbFA3dmJKcHdZa0otR3R6Um5pQlppWXdQUmJoSlliX2FjbmQyTHM0aWU3NVlLRHBqcnl6UVFpdkRUX1FV?oc=5,TradingView,5 Oct 2026,,no,,,,no,yes,1,7
Mauritania,Digital Economy,EllaLink officially launches Caribbean Gateway initiative,https://www.telecompaper.com/ellalink-officially-launches-caribbean-gateway-initiative/,Telecompaper,1 Oct 2026,,no,,,,no,no,0,8
Mauritania,Digital Economy,"Mauritania - Autonomy, Tribalism, Unitary",https://news.google.com/rss/articles/CBMidEFVX3lxTFBOMEJkQ0d1TmRIWUNmby1BVDhtOEZEaDdMaXE0MDdjMDhuYjhJWDBLYUJ2TVJHOWhicGpKOU5ob2xRc1NKSi1RZFNmWWFodElHZm00bDdPaVhNN1ctVkJFb0t4bV9paVgyVmh6UHVPbi03RElq?oc=5,Britannica,1 Oct 2026,,no,,,,no,yes,0,8
Mauritania,Digital Economy,"Monaco highlights multilateralism, climate and AI at United Nations General Assembly",https://news.google.com/rss/articles/CBMixgFBVV95cUxNSUZFV1BDUnZsd2JhcDZ0RGlIcmtzQnZGQl9lcHVBM1NPU2hXWWZGclo0ZThEU1o1dWFnRG5UUUJJUUIwcWtWRnJUbTZJS1FvbE95Nktqc1FYeHFTUnplWWEweFVqZG5vdG5GWTdOVk53QVRQUjFzeHl4NE56LWhoS3BUVkpiNlliM0VlOWFmYUp1UTJXRS1UZDNlOU5BNklpSWVZZDNQanRBN2U5d2xfdDBpVkpSdUdKLUowZldFUjhOMGZ2OFE?oc=5,Riviera Radio,30 Sep 2026,,no,,,,no,yes,2,6
Mauritania,Digital Economy,Hukumomin Mauritania sun ceto baƙin haure kusan 300 da ke kan hanyar Isa Spain ta teku,https://news.google.com/rss/articles/CBMiyAFBVV95cUxPbE1oZGs3bGZpa2FzbGR3MjloM290c3VROUtKVUNnWUlyeVV3S0FrQ3hLcVFXcGN5UVF2b0pWUHczZmRrb1JkQ0E0YVRNZGlORzZRRXdjLXFhc05qakhiS3hoSmhFQ2JmdWxHSWpSeWY5eXoydWpwQ1VfSUlhSHVjZ2ZYYWhWMWVBTkdEaFlGNElfUWt6a1N1cXNSMVVHYldQc3FVZXo2WGtKT0dGMmI0VWVYQ2JONDZRRm1GRHJvZ1dGLVBiLVBSTA?oc=5,RFI,28 Sep 2026,,no,,,,no,yes,4,9
Mauritania,Governance,How a cup of tea and an open conversation helped marginalised children get vaccinated in Mauritania,https://www.gavi.org/fr/recherche?text=How%20a%20cup%20of%20tea%20and%20an%20open%20conversation%20helped%20marginalised%20children%20get%20vaccinated%20in%20Mauritania,"Gavi, the Vaccine Alliance",30 Sep 2026,,no,Fabriqués en Afrique : les nouveaux tests de diagnostic rapide de la rougeole marquent une avancée majeure pour les efforts de vaccination,Le déploiement de tests de diagnostic rapide de la rougeole permettra de soutenir une vaccination ciblée lors des flambées épidémiques et d’identifier les priorités en matière de vaccination préventive.,"À Lahore, ces familles déracinées et sans repères s’étaient retranchées derrière leur méfiance",yes,no,1,9
Mauritania,Governance,The BNG asks Pesca to claim in the EU one more year of agreement with Mauritania.,https://news.google.com/rss/articles/CBMixAFBVV95cUxPZXh0Um81RU1pcFNfM1N2YXVZbk5paEswUHVtXzhMMG5YbzQ0X2VNODBFMldjT3I0bGNDVlNvbTdEbHdJU1RXNjVGZUYwUVhIV05VbG5jRnMwY3JLZUpySHczNFV4akZsek1TLWczRUY3eVFNeHZRMXVoUTdxVEpMR01fLXRIX1pOSDB1a2RxSlVSWURtV3NmbVlyLWRpS3N2M3JiT2dJa2cyRU5vUjM3elVUazhkT0Y1R0dmUUNTRHoweVVG0gHKAUFVX3lxTE8tLVE1aHFjaGZ4X3pGY2tOT2JjSjE5TGRxVTdUamdzN2JlZU1vMkM1T2RFX0p6TzgwSjluaDlmUHBwcU1WbUk1NDU0VUF5OTY0dnZ6eEFHd3NsUnBTMmxmWVQySHJsV3pxOEJUMXR0TkN6Vnk5QU95ZmNBeGpGVFQzTFBBRkd2ZEoxRHRZeDRtZUZpWGNDbjdhaTlJNFVwSEwtdmh2b205RGVlRHRoS2tlYmF1RkZaSkN6VUdlcFhtMVJOa0YwX1NxTUE?oc=5,Demócrata,1 Oct 2026,,no,,,,no,yes,2,6
Mauritania,Governance,Qatar Charity performs 250 cataract surgeries in Mauritania | Gulf Times,https://www.gulf-times.com/article/734807/qatar/qatar-charity-performs-250-cataract-surgeries-in-mauritania,Gulf Times,4 Oct 2026,,no,,,,no,no,3,5
Mauritania,Governance,The fishing fleet of Anamar demands aid from the Government in the face of uncertainty over the fishing agreement with Mauritania.,https://news.google.com/rss/articles/CBMi-gFBVV95cUxQR3NqWlBlRG9BOVVTRzFXUGt3QnJmNFFnZEtFWUE2OW9USTgtMGFyMTdsY2VYV0F3dmVoSGhtMUNjZTBaMTk4d1JnM2pUSVZxU1pQRk1Ra2RpbmEtSnduNXd6Vjg0OEp0WndqZjFYeHlJdG5TU0ExTWg1bE94YWgtMXZNTFZUeDEyX2JkcTV6NGt4ZHdaRy1qbFA3N2lYLUQzZW1iM1B2c05ka29UVWdwRDRiYnZEMFV5WDhtbGJqQmRMRGVwUTdCMkhvOU1UWTZRQjVOM3F1SHFBTlp0cXZOTE0yVDhoNWphTGd1TmZ0OGwweFEwN1ZPRWh30gH_AUFVX3lxTE5Nb005V1M5TTNXWHZLRW0tVXpZdU5fdGpJTmtsSFZ0Ylo0aFB5d1JLaGdBWjF2MFFPME9wWVdtWHVnM212dlV6Q0VnZmktQjBJdkttbVNTX1BRZDNwTjBpTFlheUc2S0ZVM3FBSFMwbzV5a2x3NjhJcFhFcGhvWmx1NFdLZ3lTUzdnc0NMdmt4UTVBU01HRDNrYWNRTXRfUkFQNXVBOXBLOFNYbDRCRE5kY0Y4TFpjNmJKYjdEdUlXcWdXZXpFU1pCaDFhZzI4QThKYktLZHpVWmxSVDlkN1dGNkxqM1hGZHBNdk5MSzVGdDRpLUxGZFB5OG11SW41Zw?oc=5,Demócrata,28 Sep 2026,,no,,,,no,yes,4,4
Mauritania,Governance,"Mauritania rescues 260 migrants, among them 17 minors, in two boats off Nouakchott.",https://news.google.com/rss/articles/CBMiwAFBVV95cUxOb2RmS2pnWVJ6MXl1RWZiQU9TTEpsR29EWmp5SlFuOGQtRXlCdm9COTJodVc4c2N3VkxuSTNoNjlNbkFvemxyejJpVWFOZFRtTXZ3czlrbzZCcDBMSTdZZUFKdDk4YVAzOF9HcG9rQlZTV3kwMEdWS2Z1UkNGOERBS0JxVVRLTFlwVmJOTFJyZHI2R2JZX1dwSVUwSWZiUkdpd1lBVnR2X0NQWmt2ZjJBM21zY24tZlNCV094Njd3QU7SAcYBQVVfeXFMTk5EejlOOUc1a3UxeG0zYUJIRXN3MDNfWmRlbUg3emFfVlJ6THlQMVczcm0yRGFGLXlQU2hNSVVfVmZHTDZjeUZ3RDFNenk4dXFuYkF3V3RxNEFCOWc5MENYYmZuYmZ2VHJDZlQzQ3ZsQ2tyZGpQbXBTblQ0VGF4Rk5vaW53dlFKY0xFbWdBRXpaTURJbXFRS2V5STZNT2ZhWkNnRHB5WlVYVXFSYzNFSVlIS0pLcVpoTktEWFNqWHJ5SkIzWFR3?oc=5,Demócrata,28 Sep 2026,,no,,,,no,yes,5,3
Mauritania,Agrifood & Climate,Mauritanian Date Festival 2026 opens in Atar with 245 exhibitors,https://news.google.com/rss/articles/CBMijAFBVV95cUxPWG5tZlMybVFVaE00OHJqRUJPMWs3ekNVNDdEa2x4V3g4a2s4akNjQ3FZUlA0SE5VMmZTOU4wRUltaXFSZ0RacWxzN2hSVjFkZHBVU2tZUEFsajlxdmdBREFVVmNJSGZYWVlLYWN3dkhFN2FHbEd1dnZQUzZMQW02M1kyRHF4YW1lS21GMw?oc=5,وزارة الخارجية الإماراتية,2 Oct 2026,,no,,,,no,yes,1,7
Mauritania,Agrifood & Climate,Planas demands the EU to close the fishing agreement with Mauritania now to avoid the withdrawal of the Spanish fleet.,https://news.google.com/rss/articles/CBMi9gFBVV95cUxPaDhRV3BWaUpfckVzcC03SjNEYW9PMm5mbkdMeWVfWXpybUpfTzdUQUpmRENya09NTERjUjdzRVIwMWRTYmxaMzB1UE1TUE1YbnVsTVpzX1l3YzF3R0dXbjlSWWhhVGxicGpabkdFZUY3UG9VZTZqV0F3ZjM3c1RKcFpLbURNZ1RLQjBjSmJTa25jbGs2T281NjNXWm9UbmVGNGNiMVl0VmszVEVBdUtTVXFlb3ViNVJFM1dOcE9kSFpDVERiYm5MdEhqaXd4S0xGT0NDdXRiN2t3OGJodUVSX3lBalYtUTE3ZUhiOVZDaWJNQXB1S0HSAfsBQVVfeXFMTzJTMHRtcnVBdmpiekE1Nm1uWDNUQWpNcHpHM1dEdFF1cklmc1pJemVsbGhyYzVrOVo4SG92VVpHRVJUQkNtdmV0MkMtZnRkdERHOGVTVklmb0FuSXlPdHV3Wk90YVFaYzJsUV9WdlJkejFsMzRZY0x4S2FvWHhhbG9QR0RYeXhJNlQyUmRIYXVESHdPVEFSMm9rYVRMTTYwdHBsSFdMTUpCT1MtOHRTcnlGdnhDOUVQUy1xaW9PRXU5M2RiTVdZVEpzYVJ1b1kwT09GelRTOXdkbVNCX2lvQ1c5ZEt3ZzRwWWNZeU1pM1VtdVZiN1Q4dE0wV3M?oc=5,Demócrata,28 Sep 2026,,no,,,,no,yes,5,3
Mauritania,Agrifood & Climate,4.5 million meals distributed in Mauritania under '100 Million Meals',https://news.google.com/rss/articles/CBMihgFBVV95cUxQdlphSloyVDZlaThYZVZDaklwTFVqXzFXMnBqRFBCVkhMbWZUVEgtcHFkOFJGcHhBajd6SExON3ZpZGp6azNfeW5URTNkS2NZR2c0ZnBoR29Xc1NqR1l4SXdHelN4NEFUVkJkWFBLalREY1BHUnAyUHlrTWFXa1VCbk1DZVhEUQ?oc=5,وزارة الخارجية الإماراتية,2 Oct 2026,,no,,,,no,yes,7,3
Mauritania,Agrifood & Climate,The Board demands the Government transitional measures for the fleet if the EU-Mauritania fishing agreement falls.,https://news.google.com/rss/articles/CBMi8AFBVV95cUxPV3kxNktwWE4xazd4dzZEV2hadG96QjBISkVtMFZhQTlBM2RUa2ZrRVpOOS1VbEk0UThtM3F5REhUNDE3dDZGUmpkaHE4Q0ZySWFsSS05emxheFR6RnY1LTl2RWdLMF9rTll4bW9NNjFzNVZ3VWRtRGRWUGppeDVWb2F3MjBqREFDTTMyNnZEbXg0a3FtX1NDaVZ1N2liRXdJRVhNbUNYRm9Ya1NiVWthV3Z0Vzl1dDVmclZ0bkhlMnJHei1qYzJkUDZZc3ZhejFXU2xpSzctSFMtSFpwZHlhUFpPZTR2b2p4M21SLTF4VmPSAfYBQVVfeXFMUEV5MlNuck10NW9wZ3MyLXhWWGJScXRfUEoxSVRycXkzeE9YTTUwWFg5QWJVQjJJVV8wbVp4NWhPYWRSYjMwU3RRZ2cwdWIxRWhmbGpYZmdYc3Q4YkVaYUlyZ0l5bXVBVjBnZk1xTTgyM201VnZ0bzlEQzJLQkZQNFpOazhFbXpvWXp2a2tYUGdPS1VmV3g1UUVjS3ZsNTNXdUo1dXB6a3dPVjVQdEhxSWxHYVE4UjJaVHAyT0VxV25lNHhieUQtVzVQaVAtd3daUmwxZXlaWlNfUFhzaTBabnN6TkM5TFowYTN0WDVmWmFCNHdwWkRR?oc=5,Demócrata,28 Sep 2026,,no,,,,no,yes,8,3
Mauritania,Agrifood & Climate,"Nema, Mauritania",https://news.google.com/rss/articles/CBMib0FVX3lxTE1FYmhCTE5IRW11cU83UkNaNWo4cE5NNkE5UzJzU3pnSVcyQXNUZWhkc0ZPNHVSZmp5b1Q0eUZLN2dIaWwwcWNTMnpRUWpTNUFPQUtWUG1wek15Y3Fmcno3bE8xYy0yTHZ5RC1NYkhMNA?oc=5,طقس العرب,11 Sep 2019,,no,,,,no,yes,9,3
Mauritania,Workforce & Human Capital,"Study Buddy (Challenger): Scientists add fish to Senegal paddies for more rice, less disease",https://news.google.com/rss/articles/CBMi_gFBVV95cUxQbXZfNFBGNm5POEJsUXM3ZGc5ZU1pNzRhemJxdDdBRlhhU3J4bmFUSkRNWDN5MUpPcWU1OHRlUnJuRlh4U3RzbUt3R2JSOGJtbm4zNzJrZzk0ZmRGT3lGSmp1R3E3WHNJVlh0alJJQlRoRjZpS0kxWUhSVDFTM0JMc1FPNEZHX3dRRUFGOUEwZjZBZVBnR1NEQWpWMktkQUUyNWRpVjhwa0FNOW9rU0ptOUlCVnlDc2FVYTROZkJ3cDZ1MGJjajl6cU0ycU4zUE03M0V5YVdBS2RxTTE3RkF1Tl93bG5MTDBqalBoR3pqaWRTQ2FYZ1pUZ1lJaEtidw?oc=5,South China Morning Post,4 Oct 2026,,no,,,,no,yes,3,5
Mauritania,Workforce & Human Capital,New Ambassadors to Germany: Seven Diplomats Officially Accredited,https://news.google.com/rss/articles/CBMiqAFBVV95cUxPN2h0ZS1LYmg2YjUtWGdZSlJ3cTczcm1NRmJnZjhwZ1FOUllSVjdfeTFPZkplRE5IOG95MmJ2d1lxdkM2WlBCb0paRWVKVTZ4bHR2UFhwaFVhOGlOS1pQaVVDT2hWYWgzRmZHSnBQM09Ga3ItUzZXUXhEX1ZLYW5GN3dKYzQxZmh5VGwzYU8yeXNXa0ljOU5ldWZ4WGVWdFo4STBXcUJjbUQ?oc=5,diplo.news,29 Jul 2026,,no,,,,no,yes,4,4
Mauritania,Workforce & Human Capital,"Benin: After Mauritania, Gernot Rohr criticizes African officiating ahead of Argentina clash",https://news.google.com/rss/articles/CBMitwFBVV95cUxNRkhQZXNFenNWUEtQeEs3cGhxc0FHQ0ExZE1RMkV5d1hCSlZ6WVdOWHRMSDRZUl9Cc3BZU2RHLWFZbF8wcGdXeDk5Ul8tVWdrZDJJQlZIWVNNcW02Mk1YS3EyUW1jRmd3OTNFVS1OLVBuUjRDdnhXSER4NDhxdzdBcGFYOHQxQUZnMmdoNml2WHVTMkxjZW1aVkdPYXV1aHBWSlRKMkh4WjJGNUIzRnJFdnJfUERFams?oc=5,Benin Web TV,30 Sep 2026,,no,,,,no,yes,5,3
Mauritania,Workforce & Human Capital,Mauritania's stunning rock formations: A list,https://news.google.com/rss/articles/CBMimwFBVV95cUxQa3lNT2RfX1FBeWJjRVBUZ1pZRkplWGpLN2VtOWZ2WlBFd1ZESS0yNkpWWnNkV2duUGdlcHRXRXdLX242TzdqVEVHZjRfMjBQM3laY0JwYl9KbnVCd284S2lHaVFjY2gtQldCX1F4bXBqOGdnYnlXMWhFWkVXY3c2Y0JzamRZeDQ2VEFMRWZEdlpubnpFSjNBenM3WQ?oc=5,NewsBytes,29 Sep 2026,,no,,,,no,yes,6,3
Mauritania,Workforce & Human Capital,The role of companies like Njord Partners in European migration policy,https://africa.businessinsider.com/local/the-role-of-companies-like-njord-partners-in-european-migration-policy/lw7lh9s,africa.businessinsider.com,30 Sep 2026,,no,,,,no,no,2,6
Rwanda,Jobs & Employment,"How to escape the low-pay, low-productivity jobs trap",https://www.ilo.org/resource/article/how-escape-low-pay-low-productivity-jobs-trap,International Labour Organization,2 Oct 2026,,no,,,,no,no,0,8
Rwanda,Jobs & Employment,"Rwanda’s fitness boom creates new jobs, business opportunities| The New Times",https://www.newtimes.co.rw/article/39442/news/health/rwandas-fitness-boom-creates-new-jobs-business-opportunities,The New Times,5 Oct 2026,,no,,,,no,no,1,7
Rwanda,Jobs & Employment,"York Space Systems (YSS) Expands Rwanda Antenna Capacity, Is It Still 42% Below Fair Value?",https://news.google.com/rss/articles/CBMimwFBVV95cUxOdlNYb2FkbDBFLTdaQkxhZ1N5bl9NVTF3dnBzTTl3UnNJQlVpbmtkU1VnYTN1dzBscnlJRU9WWGNYRDVIUjY1RDZZNXhBWVcycWVveksyTTlGdXMwYTBXeXU5aDlsWWNadEhreHMwUlZuQ2pWUmxjZTczYk5nMmMzdTU2bjRGVFZsclFXS0VuQkxkRkE3WTkwVzBxYw?oc=5,Yahoo Finance,1 Oct 2026,,no,,,,no,yes,2,6
Rwanda,Jobs & Employment,Skilled workers: How Rhineland-Palatinate and Rwanda are working together,https://news.google.com/rss/articles/CBMivAFBVV95cUxNNS0tZFlHMklzaGIwX3ZUMDNaUUgwMFBhRHV4U2RtYmdvd2JhMngxVmhUZW01SkhUanpYM0FEeG9McFNjSDZHLWF4UnUzN3RwcTB6RU1mVEF3UDhrWjdMYkNmb2ZqQ1JyOFphQ2NxSjV3al8zQ0dNSDF5eGJOcVgtdHNGcVc3TFlnSUExUldlT01fQUZuRlN3NE82RU9LMjFoVGpfNmhNblFNU1lhaUQ1MjJOMURpdmJkMHFfNw?oc=5,Table.Briefings,2 Oct 2026,,no,,,,no,yes,3,5
Rwanda,Jobs & Employment,Celebrating coffee and its farmers,https://www.fao.org/newsroom/story/celebrating-coffee-and-its-farmers/en,Food and Agriculture Organization,1 Oct 2026,,no,"Meanwhile, in Kenya, another country renowned for its coffee, a coffee cooperative in Baringo County revived itself by adopting new leadership and implementing a series of reforms to improve governance and business management to deal with low production and rapidly declining membership.","A much bigger producer of coffee than Rwanda, Kenya is equally well known for its high-quality Arabica beans. Production is widespread across the country, with coffee grown in 33 of its 47 counties, providing important employment and livelihoods for millions of rural Kenyans.","Like in Rwanda, Kenyan small-scale coffee production relies heavily on cooperatives, which provide coffee farmers with access to finance and markets, better processing facilities and the ability to weigh in on decisions that affect their businesses.",yes,no,4,6
Rwanda,Macroeconomy,"Tracking the ""America First"" Bilateral Health Agreements",https://www.thinkglobalhealth.org/article/tracking-the-america-first-bilateral-health-agreements,Think Global Health,29 Sep 2026,,no,,,,no,no,0,8
Rwanda,Macroeconomy,Why Tanzania Has East Africa’s Most Resilient Debt,https://uchumi360.com/e/d/tanzania-most-resilient-debt,Uchumi360,5 Oct 2026,,no,"Tanzania has the strongest debt resilience among Kenya, Uganda and Rwanda when debt levels, IMF risk assessments and shock absorption capacity are compared. Its debt remains below 50% of GDP, with moderate distress risk and some space to absorb shocks.","Among East Africa’s four major established economies, Tanzania currently enters the next investment cycle with the strongest debt resilience. IMF data put Tanzania’s general government debt at around 49% of GDP, below Uganda at roughly 54%, Rwanda at about 65% and Kenya close to 70%. The difference becomes more significant when debt sustainability assessments are added to the comparison. Tanzania is assessed at moderate risk of debt distress with some space to absorb shocks. Uganda and Rwanda are also at moderate risk, but both have only limited space to absorb shocks, while Kenya remains at high risk of debt distress. On the combination of debt stock, risk classification and shock absorption capacity, Tanzania currently has the most comfortable sovereign debt position among the four economies.","That does not mean Tanzania has low debt in an absolute sense, nor does it give the country unlimited room to borrow. Public debt has risen considerably over the past decade as Tanzania financed railways, electricity generation, roads, airports and other infrastructure. The financing mix is also changing, with greater use of less concessional sources creating higher interest and refinancing exposure than traditional development finance. Tanzania’s advantage is narrower but important: it has undertaken a large infrastructure programme without yet moving into the same degree of debt vulnerability now visible elsewhere in East Africa.",yes,no,1,9
Rwanda,Macroeconomy,"Higher incomes alone will not tame inflation, says PM Nsengiyumva| The New Times",https://news.google.com/rss/articles/CBMivwFBVV95cUxNLUJhbDNJSVdCVFU1ZWw1TFdCQjkwRWJHNXloNzRfUWRuUTVpYVdjc0VjdG1MdUZDN1hsVEVSZjh2RzVDMGVkOGhtNzZyQ1gtdXFGXzNXQ1owNEVRaHhWNFhuQUNwS2J4bGx3VmpFbjlGR19pY3E1Ty0zSG5WSXMyUlpKTWpxVEJ0TXFjSEVaWW9jMU1yYjVhamw5c1lrSTYtRE1Rc2Y4UHgtTGZENThQd2hfYzZZOGo2YS02Y0tOTdIBvwFBVV95cUxNLUJhbDNJSVdCVFU1ZWw1TFdCQjkwRWJHNXloNzRfUWRuUTVpYVdjc0VjdG1MdUZDN1hsVEVSZjh2RzVDMGVkOGhtNzZyQ1gtdXFGXzNXQ1owNEVRaHhWNFhuQUNwS2J4bGx3VmpFbjlGR19pY3E1Ty0zSG5WSXMyUlpKTWpxVEJ0TXFjSEVaWW9jMU1yYjVhamw5c1lrSTYtRE1Rc2Y4UHgtTGZENThQd2hfYzZZOGo2YS02Y0tOTQ?oc=5,The New Times,3 Oct 2026,,no,,,,no,yes,2,6
Rwanda,Macroeconomy,15 Countries With the Shortest Workweeks in the World,https://www.moneytalksnews.com/slideshows/countries-with-the-worlds-shortest-workweeks/,Money Talks News,28 Sep 2026,,no,,,,no,no,3,5
Rwanda,Macroeconomy,"Behind the 1st of October Watermark, Rwanda’s Evolution From a Revolutionary Sacrifice to a Developmental Society",https://www.ktpress.rw/2026/10/behind-the-1st-of-october-watermark-rwandas-evolution-from-a-revolutionary-sacrifice-to-a-developmental-society/,KT PRESS -,2 Oct 2026,,no,,,,no,no,4,4
Rwanda,Digital Economy,"Jordan, Rwanda to collaborate on public service digitalization",https://www.biometricupdate.com/202609/jordan-rwanda-to-collaborate-on-public-service-digitalization,Biometric Update,28 Sep 2026,,no,"Jordan and Rwanda have signed a Memorandum of Understanding (MoU) covering a wide range of areas including digital ID and digital government, on which the two countries intend to cooperate to drive their digital transformation journeys. The MoU was signed recently in New York on the sidelines of the 81st session of the United Nations General Assembly (UNGA81).","Rwanda’s Minister of Information, Communication Technology and Innovation, Paula Ingabire, signed for her country, while Jordan’s Minister of Digital Economy and Entrepreneurship, Engr. Sami Smeirat, did so for his government. According to an X post from Rwanda’s ICT Ministry, both officials explored ways of sharing experiences and expertise in several areas beyond digital government.","The Jordan News Agency reports that the cooperation also touches on artificial intelligence, cloud computing, cybersecurity, data protection, telecommunications infrastructure, digital payments, as well as digital interoperability.",yes,no,0,10
Rwanda,Digital Economy,AI Reshapes Rwanda’s Global Business Services,https://cioafrica.co/ai-reshapes-rwandas-global-business-services/,CIO Africa,2 Oct 2026,,no,,,,no,no,1,7
Rwanda,Digital Economy,Grey expands African payout network as cross-border payments demand grows,https://news.google.com/rss/articles/CBMisgFBVV95cUxPSjVOUmRuU0d3NGFDY2h4VXNqaVV6YXlaUWJDaHpMVG5qaXFDSWJEVnlIY0RMbjI1dWRucUdVMXN3aklveXdVSkxYeHNhX3VIVVlzd2tiUjZEZmhYbTF3QnkzcDRRUjdPQmQyT1JaUlJaRlFjaWtNUm9zMnpXOEhUQ3RGNnpkTDFCbS12UWpxelVDakdHU0tJcG0zQkw3aUtQeW9ycFdPZ2ZPUXA5YVJCcGZ30gG3AUFVX3lxTFBfSnBtZ2MzS29Cc0RrZUlseUh4SDI2WXRRV1dBa1lLQXUwb1lWb3RZdktfeUc2MmpwcXV5RkJyUXU1Nk1yVkxxZDY0eXNYRDZWTGtEb2g1VjVwY1dkRndJMVFVem1neDdsN3JjWW9nLXFxQzFFVjczVEYyWHM1NVh3Qk05SWpUVUE2OUkwWnFLQzRRaHo4Y3UzeFYzRWxTMVVJMS04TEp3RDFDUnhUbEhNcEhsbnd4RQ?oc=5,africanews.com,29 Sep 2026,,no,,,,no,yes,2,10
Rwanda,Digital Economy,Eight Rwandan Startups Are Reimagining How Technology Can Improve Learning,https://www.ktpress.rw/2026/10/eight-rwandan-startups-are-reimagining-how-technology-can-improve-learning/,KT PRESS -,2 Oct 2026,,no,,,,no,no,3,5
Rwanda,Digital Economy,"Rwanda inks carbon credit pact with Singapore, is sixth country to do so since 2023",https://news.google.com/rss/articles/CBMixAFBVV95cUxOZ1BBVUxGR0M2RU9kYjJzTDQyY2FsREJsSWVRLUdPMXlZdnZRVkFaN3RHeTJITm1ST1lxLVdCU0tIZGhGTVQwcnliNUVXV2REeFJOM2M5cWNMNXF3dER1aFVzOHRGZ2JUWFUxSmphNXBQdm9LdHdpcm9lbWtfdkNKS01yT19iODVsWmNBQjR2QVlGSERBX1YwdDFBT2t3dzlsWnZWdE9FZVl2aXBSeWszbmxPUlhmTVV1MG9SdkJNR29WajJV?oc=5,Singapore Economic Development Board (EDB),1 Oct 2026,,no,,,,no,yes,4,4
Rwanda,Governance,"Democratic Republic of the Congo - Central Africa, Conflict, Resources",https://news.google.com/rss/articles/CBMipAFBVV95cUxNU0FYQXJtVUNFY2J2RzBGZmNOdW95ZzB1eDV3ZW02V3piY2tVVzA5MUdjZURObmJoRkJETjJWRzlTcUdPZ0wybnNnS2tRTFJDYVkxS2xyQWQwXzNOSnBaUUMtRGZWZHkwTWxiQ0hmdUR2OFhnRndVa05pNnVtVGlqR0J0bFpfdE9RbWdWSDVyV2t2czhKSmVkSHpGLW01RDlQSlhobA?oc=5,Britannica,2 Oct 2026,,no,,,,no,yes,0,8
Rwanda,Governance,Rwandan genocide suspect 'hunter' Dafroza Gauthier dies at 72,https://news.google.com/rss/articles/CBMimwFBVV95cUxOUHl6aThNcVhBa213MkVMYy1CalZaZ1ZpYjlzY0JYQnplQWN1Wko1QnZZanQ3QmJDblhDYmhNY2JXM1V4aG5rc0pwaHp2VFpkLTVLaWQwVDI2YXlqanMwWXMteGxYVHdKWVE3OW95VWFaVnBKdnZQXzF4bWh4U3p3Rmc5c1JqZVN0MGJUYURWWXhlWUoyWnVYVGpJaw?oc=5,France 24,4 Oct 2026,,no,,,,no,yes,1,7
Rwanda,Governance,Elections: Here is the process to become a district mayor| The New Times,https://www.newtimes.co.rw/article/39433/news/elections/elections-here-is-the-process-to-become-a-district-mayor,The New Times,4 Oct 2026,,no,,,,no,no,2,6
Rwanda,Governance,"Nigerians dislike their president, but may re-elect him anyway",https://news.google.com/rss/articles/CBMivgFBVV95cUxNU0hXZEpMSHpjc3lVN0lYcWtuY1BrNnlQZEJvaHRjUnBCc3ZNU3JZSUMycFRwRUNHRmNKMDN4M2lyaXo4Vm1UV0hyRjIwTndEM0xMZlFRTnJxaGtERTloTUVOMmNSU2ZJUWZmT2tETGpHUUJ3dGtWOUp0NTZvNVpCWFZKclhnU0YxVFF2V2dFU2d1RXM5VVBGbnJrei1PeUE3a2w5VHpCTHkyUVJZaVY5UnY1cXR3MkRSc2NSZXFR?oc=5,The Economist,1 Oct 2026,,no,,,,no,yes,3,11
Rwanda,Governance,Ramaphosa urges South Sudan to remove obstacles to fair elections — Daily Maverick,https://news.google.com/rss/articles/CBMitAFBVV95cUxQQk1PVm5xQjlKeEN0VEtHVmVnVFZoYVF6YzVBZWFKOFdqZEgzTkw3TVIxS0pVRTczUXpjVmFldzhRdTRDRXhtX2NCSzFNVUZLWGRzOV9QRWhiN0tpNmVmb3NsWGlTRGVyMXBremx0R1o1bGhMSEpjaHlhMWZmNDFsTWU1S2lsMzV6c1dmdy1uWEZha1BmZ0hrdV8zbUg1T191aVV1MjRlZFZJMm41R0NzQndlbjM?oc=5,UA.NEWS,29 Sep 2026,,no,,,,no,yes,4,4
Rwanda,Agrifood & Climate,Struggling Families in Rwanda Get Chickens Through a Social Program and Their Lives Are Changed,https://mymodernmet.com/saip-ii-rwanda-chicken-eggs-social-program/,My Modern Met,4 Oct 2026,,no,,,,no,no,0,8
Rwanda,Agrifood & Climate,Africa Go Green Fund provides $18m debt facility for Rwanda cold storage,https://news.google.com/rss/articles/CBMigAFBVV95cUxQcFk4VzdjdlIzNDlJSXVyN05KRFR5WkRDR2ZpVTJTLWlrc2dOSnk4ekxwa2ozUENONG5UQnNoT2hXS0ljY3NHdW1hdVRUZGZQX0JDN2poMVBzdkpHbFZ5YkZZVk16NjZLVEk1ckNlVW83cnNsdzl2SjhVRGVSVHVZZg?oc=5,africaprivateequitynews.com,30 Sep 2026,,no,,,,no,yes,1,7
Rwanda,Agrifood & Climate,Seychelles: Rwanda and Angola targeted to expand economic exchanges,https://www.capmad.com/article/seychelles-rwanda-and-angola-targeted-to-expand-economic-exchanges/,Capmad,1 Oct 2026,,no,,,,no,no,3,5
Rwanda,Agrifood & Climate,"Rwandan Sugarcane Farmers Could Boost Yields Nearly 20 Percent Without Extra Inputs, Study Finds",https://bioengineer.org/rwandan-sugarcane-farmers-could-boost-yields-nearly-20-percent-without-extra-inputs-study-finds/,Bioengineer.org,1 Oct 2026,,no,,,,no,no,4,4
Rwanda,Agrifood & Climate,Rwandan hydroponic fodder scheme seeks to ease dry-season milk shortages,https://www.verticalfarmdaily.com/article/9876978/rwandan-hydroponic-fodder-scheme-seeks-to-ease-dry-season-milk-shortages/,Vertical Farm Daily,29 Sep 2026,,no,"The government has earmarked approximately Rwf100 million to support youth-led enterprises in producing hydroponic livestock fodder, as Rwanda seeks to address feed shortages that undermine milk production, particularly during dry seasons.","The initiative, spearheaded by the Rwanda Agriculture and Animal Resources Development Board (RAB), will initially support 10 hydroponic fodder production sites in Gatsibo and Rwamagana districts, where youth cooperatives and companies will produce and sell nutritious livestock feed to dairy farmers.","The project is part of broader efforts to improve year-round access to animal feed and increase Rwanda's daily milk production from the current three million liters to 10 million liters by 2029. Hydroponic fodder is fresh livestock feed grown from grains such as maize and wheat using water instead of soil. The technology allows farmers to produce nutritious feed in approximately seven days, using significantly less land and water than conventional fodder cultivation. It is increasingly being promoted as a solution to seasonal feed shortages, particularly in areas where drought, limited grazing land and water scarcity affect livestock productivity.",yes,no,5,5
Rwanda,Workforce & Human Capital,How a WhatsApp Message Helped Open the Doors to the University of Rwanda,https://news.google.com/rss/articles/CBMiswFBVV95cUxNVHBiUHJtR29CQlpTV1NZU2ZLdW5saWhEVTU3bmhiR2g5UGZ6cHk3djVDZHNpVndRbTNBc0w1YUowcm4tSkFWTVVjaFVwQWFuWnVwWjJ2MVp4ZnFYVTdXLXlKQzJkODA0Vmw0TE1VeWMxQUU3d2tZUmM3YkFfTUMtZnZRV3NZcDhYdEVoTDlaaVozQk84YXlBSHljMHh2YmdtTDJuWTdsdG9vX2Y3Rk1JVF9Vbw?oc=5,USA for UNHCR,2 Oct 2026,,no,,,,no,yes,0,8
Rwanda,Workforce & Human Capital,"From Rwanda to ACU, Jabo pursues science and service",https://acuoptimist.com/2026/10/from-rwanda-to-acu-jabo-pursues-science-and-service/,acuoptimist.com,2 Oct 2026,,no,,,,no,no,1,7
Rwanda,Workforce & Human Capital,Mandela Washington Fellowship (MWF) 2027: Call for Application,https://rw.usembassy.gov/mandela-washington-fellowship-mwf-2027-call-for-application/,U.S. Embassy in Rwanda (.gov),1 Oct 2026,,no,,,,no,no,3,5
Rwanda,Workforce & Human Capital,"Jordanian adventurer reaches Rwanda on 23,000km peace walk| The New Times",https://www.newtimes.co.rw/article/39448/entertainment/jordanian-adventurer-reaches-rwanda-on-23000km-peace-walk,The New Times,5 Oct 2026,,no,,,,no,no,4,4
Rwanda,Workforce & Human Capital,Mastercard Foundation Unveils $500M AHEFT Prize To Advance Africa's Higher Education,https://news.google.com/rss/articles/CBMif0FVX3lxTE1raVVzWmZFNXd1LXByTkZPZlR6TEp6ajR0YVV2cno1Rms0TlNNXzROa1dtT1JOZ0w5SXJ2eEhxT1EtU3RsM1FFdkdhRzBYY3FmWmNFd3NWdExZRU0xMG04VW40S1pCRmhTWTFTYWlSMXR4ak4zTWFTblBneC1SMFE?oc=5,Tech Build Africa,29 Sep 2026,,no,,,,no,yes,6,3
Rwanda,Country-Specific Context,Ecobank donates digital devices to 40 SMEs in partnership with Vanguard Economics| The New Times,https://www.newtimes.co.rw/article/39449/news/featured/ecobank-donates-digital-devices-to-40-smes-in-partnership-with-vanguard-economics,The New Times,5 Oct 2026,,no,,,,no,no,1,7
Rwanda,Country-Specific Context,Global Innovation Index 2026 - GII 2026 at a glance,https://news.google.com/rss/articles/CBMimwFBVV95cUxQOTVLb0xESkw1ZDR4U0dMR1ZNbXFudEYxZUpnbURmOG84ME5TQnhBMnk3cEs5ZFhTYUN0VzF5VS1hdmFPczNRY3g5RDF2N2NmZ2ptYkE4M0Y5UlpCcFRtWXVwNTk0b0x3OWtiUXlIdXdGamJreW04bk1KUTVrT19EemQ3T3BTaW9UNTVKa1ExN2lEM0lFQ1B5ZGMwOA?oc=5,World Intellectual Property Organization (WIPO),29 Sep 2026,,no,,,,no,yes,2,6
Rwanda,Country-Specific Context,ZAWYA: ITC and Access Bank team up to unlock Africa’s SME growth,https://news.google.com/rss/articles/CBMi1gFBVV95cUxOZVpCck1CdnozSmtHb0FiUGVOZ0ZGOEx0LUF0WkF1Z21IWDJCN2xDckJkcExDWGg5WE5fNGN0ckNkM0FpMGlUNWZkcEJfd29sQWxWd1d2UVJDM3V2Vm5IMzF4MWU5blpkdll6c3hXRV9FX213T2VVUFhxZXN2X1FLRnJFYlVlQkRSQ2NVcEJXTEVxejRod2pmODFNaTN3cGt6NjBTTk9Tc3JUNVZNN1U2dU1fbGV2VUpSQWF3aDg4aDZEa0ZtMFQyak82MlZ3WGRaUGJrLWhB?oc=5,TradingView,29 Sep 2026,,no,,,,no,yes,3,5
Rwanda,Country-Specific Context,Rwanda's Changemakers as Economic Infrastructure,https://news.google.com/rss/articles/CBMiZEFVX3lxTE9HSl8yUzR4bGtfbllTZUg1UEEwaTJwdS0xRmVwQXhJMzZrNF9LWnVjMmpOU1RhMXliLVQ5Mm9OWWNSZUdCUVVMZk90NEZwdTh6YlpJekp3UmVlLVNZSmJ5cTRGX2U?oc=5,Uchumi360,28 Sep 2026,,no,,,,no,yes,5,3
Rwanda,Country-Specific Context,Philanthropist Faith Lona Imaan turns 34,https://news.google.com/rss/articles/CBMihAFBVV95cUxPNlhFUnNEWFBVM0hZUjh1YUV3TlZ1dnpXTjlzdDNYclBhTDJiN3JxZDFrS1QtMEZFZXNfeF9KWmVXdDdPQU1RUWc0dGxITWJVTlFCS1JfX19OejZFX2pXZHBBeF9LSzYxc0xUanFSUkcxVkctZno3WXc4SEw5eE5rdTR2WlI?oc=5,pmnewsnigeria.com,1 Oct 2026,,no,,,,no,yes,6,3
São Tomé and Príncipe,Jobs & Employment,"AD1239: In São Tomé and Príncipe, disparities reflect challenges in women’s empowerment",https://www.afrobarometer.org/publication/ad1239-in-sao-tome-and-principe-disparities-reflect-challenges-in-womens-empowerment/,Afrobarometer,2 Oct 2026,Women,no,"Women’s empowerment is a question of both individual human rights and social progress. As  the United Nations Development Programme (2014) asserts, “Unless women and girls are able  to fully realise their rights in all spheres of life, human development will not be advanced.”","In São Tomé and Príncipe, the government has taken impressive steps to provide a  framework for gender equality, starting with constitutional guarantees since 1975 of women’s  right to own and inherit property and get a job without a husband’s permission (Beeram,  2025). A wide range of legal reforms, policies, strategies, and government entities – including  a Ministry of Women’s Rights – have advanced women’s empowerment since then. Among  milestones are a 2008 law on domestic and family violence and a 2022 law reserving at least  40% of elective and cabinet seats for women (Martins & Corminales, 2022; Groussard, Ferraz  di Ricco, & Martins, 2023; Overvest, 2022).","But translating these efforts into everyday gains remains a challenge. More than seven in 10  women-led households live in extreme poverty (Beeram, 2025), and more than one in four  women aged 15-49 have suffered physical and/or sexual violence by a partner (OECD Development Centre, 2025). Domestic-violence cases increased by 20% between 2018 and  2023; while that may reflect growing public awareness and willingness to report these crimes,  the U.S. State Department’s (2024) report on human rights also describes enforcement of  laws against rape, domestic violence, and sexual harassment as inconsistent or ineffective.",yes,no,0,10
São Tomé and Príncipe,Jobs & Employment,Jobs and youth exodus dominate Sao Tome election,https://news.google.com/rss/articles/CBMiiwFBVV95cUxORE5VYnQyRi1WbndLaDN4dTV6UlFmanYyLUxPUUJTUmR5LWJXTjE2MkRiYi0yYlFXVUtmNTFMR0tlWktMX3d2cTNWakVWLUxQUXZidW5vekFUMjJzTUdudG1qM0tvTHJYMXdiYUhfRlpmeU1sRXpFNUJ2NXhYWWVFXzM0UjcwWU1sQ2lJ?oc=5,CLUB OF MOZAMBIQUE,28 Sep 2026,Youth,no,,,,no,yes,1,7
São Tomé and Príncipe,Jobs & Employment,São Tomé and Príncipe's main opposition party wins most seats in polls,https://news.google.com/rss/articles/CBMirAFBVV95cUxONk03U0dseHozYjcxREtkV0gxRkY0dVVnZ2YtZU5VYUZvYXEtQzd3ZUhMYUd1ZEQxelgwcDBkbjdyYlhXRkVwZklNczU2bjdoaU5maWVPdWRjMkh5VlZ6ZGlRWllNNEQtNE1nbV9xQl94VlNyRlZQQnF5NEdrOFluRWhJc2dOUlR3ZEl1SS1iVE9yNTg4TmVXdl85VGIwRVZnT2FpQi14ZTdMMmMy0gGyAUFVX3lxTE5iWk5nRGtmR3VSQXphY1JOcFdxUVowWjdVcDVubFJjRWI0Y1ZSMzNIZG8tUUpwX3lUQ1ZSUjBnN3VKZWhSQklMLW9mNTZRdmJaUk1HMDV3dXJwM1FuU2hLaGZCbnhtOXAzWmkwSFhEX3kwM2FlYjhkaXVXV1I1OEQ2eWVpeGE3UGY1ZmFXanJURnBReDlLMzJ1UkVRbjdUMHNicWRaX1Q0c21TRE1wT0hzNWc?oc=5,africanews.com,30 Sep 2026,,no,,,,no,yes,2,10
São Tomé and Príncipe,Jobs & Employment,São Tomé Voters Seek Jobs And Better Living Conditions,https://trendsnafrica.com/sao-tome-voters-seek-jobs-and-better-living-conditions/,trendsnafrica.com,29 Sep 2026,,no,,,,no,no,3,7
São Tomé and Príncipe,Jobs & Employment,Dealer Network Expansion and New Distribution Structure Across Northwest and Central West Africa,https://news.google.com/rss/articles/CBMirwFBVV95cUxOWFl1V08tOFRpdi1NZVNjb2JaTmg1dktBdWdkTmZURDZJeHJhQnllMTZfY1FKTWc0RmwtNE45RGNKa212c2lBYXo2bWxhZ04wbi1saGFOQ1hrTkxnM2ZTeC1HZ1d2VGZyYThWWDFjNTl6LUVUOFRWRm4yM1NuWlZNb08yQmI2TXFkaDV4b0hBcnBKYVozNGdKdHdqdm9vejBJSE1meEN0bzJtUHNkeklv?oc=5,Hitachi Construction Machinery,29 Sep 2026,,no,,,,no,yes,4,4
São Tomé and Príncipe,Macroeconomy,Global Inflation Tracker,https://www.cfr.org/articles/global-inflation-tracker,Council on Foreign Relations (CFR),30 Sep 2026,,no,,,,no,no,0,8
São Tomé and Príncipe,Macroeconomy,TAP Air Portugal Baggage Policies and Fees,https://news.google.com/rss/articles/CBMieEFVX3lxTE05dGc5Z2hjYWNrR01hSUNnYWhoWXp1TERyakNsa2hQbl85WHZIelBlRy0xRmZOYWVuVENUbjJqT2ZnNWFESXB2VW5EemlzLXYzZS1QRUFEUWhGVW94VUx5UTR4QXBXT1NWeWZkTW50bGNnWkx3RVNoNQ?oc=5,NerdWallet,29 Sep 2026,,no,,,,no,yes,1,7
São Tomé and Príncipe,Macroeconomy,São Tomé and Príncipe Faces Political Deadlock as Rivals Claim Legislative Victory,https://streamlinefeed.co.ke/news/sao-tome-and-principe-faces-political-deadlock-as-rivals-claim-legislative-victory,streamlinefeed.co.ke,29 Sep 2026,,no,,,,no,no,2,6
São Tomé and Príncipe,Macroeconomy,This UNESCO Biosphere Reserve Nation Is Using A New Conservation Model,https://news.google.com/rss/articles/CBMiowFBVV95cUxQdG1yWXV0X3k2NXpZWU9jdlozLW5CVTJxOFhqUVpkU1VxQXhYMlNTRHc5MWR3ZGt6NEZuNlY2dkNRdDNNVHBMUThNNmVvUk1WSHNtSFBYWWRUelZocGd5bmd6OTZaSldxTXZ0WVc3dVkxNWg2akVpaHpfUmdtY0xBVVI1bkNUYVFmOFNfTWl0RmNjbi1nN2d5akpsTkE3dmZld3Rr?oc=5,Yahoo,4 Oct 2026,,no,,,,no,yes,0,8
São Tomé and Príncipe,Macroeconomy,Brazil Built A Farming Superpower In 50 Years. Angola And Mozambique Want To Do It Faster.,https://news.google.com/rss/articles/CBMi3wFBVV95cUxPSFVfTjBZa3daWHFOeTBtRWxZZXlJNjZGNlFzZVNmcFhFQzkyempNc3RiR0lKOXAzRk5HVnN1bDlPMGUxcmZvMDIyek1LY19WbkxIZHZXYVdURGdRaERrRm1WUlFldzF4cXRtc1RmanVVOUJDMTRTMmh1MmFUZk9qVFdRbVpRVFktWjQ4WUJ6dlZGelh6RlVyd0pGaTNjcS1KbmxqVVNCS3FCeV9na3BUTEd0ZUEyMHZQdTNPSDBWVEdQM08weVhXUXF2OEw0RVhFcmRheXZTUFFSdF9UUlQ4?oc=5,Forbes Africa,5 Oct 2026,,no,,,,no,yes,1,7
São Tomé and Príncipe,Digital Economy,Applications Open for GSMA Mobile for Humanitarian Innovation Fund!,https://news.google.com/rss/articles/CBMihwJBVV95cUxNaWg5RHpRY0Q5T1VhaU0zSWktQTFlRWREXzJkSjMwZUo0U2ZJVTZ2WHdYRVJGOGNJWHlIVGRTa2Q1VklVNnJwOGo4b0l2NjdaSGctQUZtTnlrSVd2TFpiZEhEaC0weERNR0E3WmFiYk83RWhyVWY1bUt6eUJqS0xGWjZza1JLZEk4TUplSVpIOWczM1pKT3ZJbWJJSmtCTFV4Y0U5WWxOM3BDZlUyZnZGakMzd2ozc2Z0RG1TQjZtLWx5d2syYnRzTmdFbkxjMDhQenRuVjR0dVVPSWVZbWpYdVI4SUVQUVVCWGpmZlEyb1ZhU0pmbXFCN0dXU3hlUDRDUi1yQXRNY9IB-wFBVV95cUxQNjB6b1piNjJ2ckRSaVByRWFOaTNNOXhWUnhBLVdvSWNQN3VJa1drMlVVdk81aU1Xb0JTdVZ5RUlnRC1kUEZHOGloNERuV1dKWWtyMEpiUEV4WDNpcFFWN3VtVEE3X01oVXYyb1Y5Vk9nNnFoMkREMU4wNHpCSVVBbmJ5Q1RqVlQ1cGRPS29IYzdqQ3RaYlFPLTM0NENfVjBqTzdOWEJwcXpzRjNnLVRPYmliaXpBOEdPTjNDSS1IOHRoRjA2T3o4ZlE2TmlqM2FtUkRNaGpOd0w3Y0VoVng3V0g1YjJRa1FGRW5ZM21hUEk4Sy1NY2RtNFBvVQ?oc=5,fundsforNGOs,3 Jun 2026,,no,,,,no,yes,0,8
São Tomé and Príncipe,Digital Economy,"US makes visa bond programme permanent: 50 countries face up to $20,000, India exempt",https://news.google.com/rss/articles/CBMi0AFBVV95cUxNOU1oeEE2Z19pWFF4VzFYZWttT1MtS2RjcTBVNGM2cXh4Tlo3SjJsdmtuSTBHNmxYbE1JWFNmZXpRTUZYNlJiNFZsZ05ZNFFEaGI5ZHVha0QxM1U4TVZIR2I0T1phcjhKdE9LUk9vXzRzcFNDazh5MUIyMGdJVS1vVmJsUW00V3REQTZncFo3cWEyUzh5endpbDd5U0tsaHJxb0xaNC1PemFoeWtvWDBkSkFobHRQVUlISGRvbzV0aFQySTZmRlg1emk5Sl9NY21J0gHQAUFVX3lxTE05TWh4QTZnX2lYUXhXMVhla21PUy1LZGNxMFU0YzZxeHhOWjdKMmx2a25JMEc2bFhsTUlYU2ZlelFNRlg2UmI0VmxnTlk0UURoYjlkdWFrRDEzVThNVkhHYjRPWmFyOEp0T0tST29fNHNwU0NrOHkxQjIwZ0lVLW9WYmxRbTRXdERBNmdwWjdxYTJTOHl6d2lsN3lTS2xocnFvTFo0LU96YWh5a29YMGRKQWhsdFBVSUhIZG9vNXRoVDJJNmZGWDV6aTlKX01jbUk?oc=5,firstpost.com,5 Oct 2026,,no,,,,no,yes,1,7
São Tomé and Príncipe,Digital Economy,"US demands up to $20,000 visa bond from 50 countries; India left out",https://news.google.com/rss/articles/CBMiswFBVV95cUxObXlfYlplb3NDOEFUQkJlZFc4ZE9uQUNZY3MwbG5YZjdTOV9Ic3lmZVRZM3U4ZWU4X0J5SjhlX05xUVJZTzg3NkhwQnpUYVpnQXgwZlc1Z1gzY0pkMjRITkx5UWIxd1VPNW9CN0t2bFlNZFNiTE1WdzVMZE9zQ202ajJMeFhxNmRHQXk2czVYOHRabDdMWVBnbU5fQ1pzR3p4ZVE5b3g5dFp3alZ4V0xkeE9rb9IBugFBVV95cUxPTW9CejZHVWVjX25yTlNTSW44UHNMam12dllXUWJqRUJ6RmlSNVR2SXdpMVk1VURGbUxPdXBhYkxHYlE3UHY2bFlyNFkzU3Y2SmcwaHpKb1p2SF9tOXNvSFhNb3FQcTZFT3VpdnNDVk1qbHBzdWFRdmo0X2tkajFlV3hOYlFNN2ltajlGdXJNNEpvVW9Rc2lqeTVNcVpra0VLdGZlT0JfbTFCZkZrZWdCMk5OY1RITmdFZlE?oc=5,indianexpress.com,4 Oct 2026,,no,,,,no,yes,2,6
São Tomé and Príncipe,Digital Economy,FC Denzlingen U19,https://news.google.com/rss/articles/CBMilwFBVV95cUxPVGx1b0I1RTRfZHNtTkxldWpfUVVfRnF3aGVTTGJrQ3p0X1pmd3dxRjl0bDBYYktMbl8xRUZEa0hpV24wZlloYzJCTGdVUkljR0J3b09nN3VuZm1uZndnZE1xOVRnbzREYUNNcVN1UFpqdmpSRnJDcUVVNHRyOUo0M3lTMnUtTjBVSXdzTlBGVmN2NDl5cm5r?oc=5,Transfermarkt,4 Oct 2026,,no,,,,no,yes,3,5
São Tomé and Príncipe,Digital Economy,"US imposes visa bonds of up to $20,000 on 50 countries; is India on the updated list?",https://news.google.com/rss/articles/CBMi6gFBVV95cUxQOEx0b2tWVDRlSW1ncFVkNXFneUgwc0Z5UXZSc284c0JNUS1oSmtZV3Nwa2xMVXJ2TDdEcEZZUEdKT0htb1lvVmhlSWpZQ2JiMVE0Nm1OeldNWDdkWV9IZ1dDNkF2VEJTdU10aENqSHFDZmF5UmlLdnlrRlNhb3FlYlBrVi0tOTBGeFExdDBqMml4UlhfcGFxdTlLWVA0ZW9YQVdWQ291ZGtkZmlFcHZVeG80TmIwUVowcUhFRUFBakM4bHFfTHRLSTVHeDBBMktXaC1MUFZHWnlBV3U2T0FxQ3hpNkJJeFNuNlHSAe8BQVVfeXFMT1ljWXJNZkl0M2FRZldUMkFsYmt5eEZ2SDNHNTFNRk54dVkwd3VXQTl4Vld4ZzJ4Y3ZnLUJWS0FRZUsxRXN6OHl2YUYzRUYtMXZtRFlEbU82aUFKdDItaWdNM2xzRVVnVmlWdzZCN004UDR4SDkxbW1TRnhlU2JNeFRCM1UtdFhZQ0JNOXgta0dKVnJ0eXFNNXYwOEtpOV9IQmwzTUdjU2VOa0hSR0MyQVVUZ2VEUmdfN08zaHpDSXpzaU5oWUZFUGtOdG9CWEw5ejJJS04zeG9TTkU5QUVSUFREYWxhUV9LcjRNbXU1S1E?oc=5,The Economic Times,3 Oct 2026,,no,,,,no,yes,4,4
São Tomé and Príncipe,Governance,São Tomé Opposition Wins Most Seats But Falls Short Of Majority,https://trendsnafrica.com/sao-tome-opposition-wins-most-seats-but-falls-short-of-majority/,trendsnafrica.com,1 Oct 2026,,no,,,,no,no,3,7
São Tomé and Príncipe,Governance,EU observers praise improved voting procedures in São Tomé election,https://www.brusselstimes.com/eu-observers-praise-improved-voting-procedures-in-s%C3%A3o-tom%C3%A9-election/,The Brussels Times,29 Sep 2026,,no,,,,no,no,4,4
São Tomé and Príncipe,Governance,"GCF Regional Dialogue in Accra seeks to scale up climate investment across West, Central Africa",https://news.google.com/rss/articles/CBMiyAFBVV95cUxQZDFOaFRMWWl2M01GR3lmY0VKOFFqLXVobFpxUDIybk9XS3ZpSG01UzB2Wkpjb1JIWXNkOTBpZVZCUVltUWQ1ZngzcHpiZXd3WFdNY2dKTnNhdWJCRS1ScU1CVjdnQTUwNjd0MFozd21SN1NNcXRiREZaRmlsRjY0YUpETFQtYU03V2I3WVQwbjBEbW8xTEU4c0N3VkdBcjdROUJxbTdBSkQwSFYyWGhyT1U1YkxDT0pfU3h2SGV1cjBpYnNsR2k1bQ?oc=5,EnviroNews Nigeria,4 Oct 2026,,no,,,,no,yes,5,3
São Tomé and Príncipe,Governance,"São Tomé and Príncipe: 'Since my birth, nothing has changed,' youth exodus influences the ballot",https://news.google.com/rss/articles/CBMiuAFBVV95cUxQeUtWaUJraXlxdzBKM1RTT0hHenZGMDNEUWlWRFpMa1hvSFIxd1hkajhOd0xyczlZYS1rWVYyMjJTeThjVV84bFNxTWg1TFZDUWJpOWtONXZKdXdNcHBKamp6NUJSQWpJNlBaV3VLMFJBVGdielhUeW1Fd05ieW13TEc2ZVlndDRiU3NKbmlqN0h2VUUwcTluWEZHei1oallsckM1cWxES0N2VU1uOHd5TGhRSEpKVlVC?oc=5,Benin Web TV,29 Sep 2026,Youth,no,,,,no,yes,6,3
São Tomé and Príncipe,Agrifood & Climate,Jamaica has second-longest average work week in the Americas,https://www.caribbeannationalweekly.com/posts/jamaica-has-second-longest-average-work-week-in-the-americas,Caribbean National Weekly,29 Sep 2026,,no,,,,no,no,2,6
São Tomé and Príncipe,Agrifood & Climate,"OPCW, Brazil Boost Chemical Emergency Readiness in Lusophone Nations",https://news.google.com/rss/articles/CBMiigFBVV95cUxPQUlrNUg4WW5LYXFBMjBsanpkNVk3SnllTlhnZ1VHaW5WbV8xcjU5THcwZ0c5Sk9FZmtRbTV0MjdRTzNvbGo4RFBFemhJbHNlNFZQVWdRcVRvZkM5LW0xSjBkOTdFTWtHaHdtTk8wZXZiYnljZW5acnd6akQ4eXYyU1dWNnFsdUJfVkE?oc=5,Mirage News,29 Sep 2026,,no,,,,no,yes,3,5
São Tomé and Príncipe,Agrifood & Climate,Liechtenstein vs Gibraltar prediction and betting tips 05 Оctober 2026,https://news.google.com/rss/articles/CBMizwFBVV95cUxNajNnSEVBUWZSbWZZdnFiOFJQeUMwTkE4WnNHMGpseEdSUXE0X2NPSTFLa3hVTnhSWHRZUzBFNXl3V3d2WWl3ODNfdXJyTmt6RTgtR1Z2TEVheGduRU13Wkw4WDRFU3JyRjcxTXJQWHY2MWVuVUIyeDhFNlp0WlpZdHpWOGZEWXVYNjZPbllVcTJDd0pvcHlrUUJpTl92NXJyVUIzZkFlQVJ6a096dVZUVmJscDdxQ0x6NmVNM2dFb1FTMGk0bFZ0blNJZVRockE?oc=5,Dailysports,5 Oct 2026,,no,,,,no,yes,4,4
São Tomé and Príncipe,Workforce & Human Capital,"Education, Human Rights & Inclusion: October 2026 Funding Opportunities (30 new opportunities)",https://news.google.com/rss/articles/CBMigwFBVV95cUxQdDdOX3o4Tk9kMGRnOUM4MGJ5UWg4WW9YX0JhRTNJdWc2cjRwbFVFSnExUFBiQmxlLWMwQ2FtTWFuYW1tUDhwd05PdVlqQWVvbl9oUEp6b1N1TzBzVmdDN01JcmFlN1R6NVZtekswUXFpb3ItdExadTltSzFsdlVoODNxVQ?oc=5,Substack,1 Oct 2026,,no,,,,no,yes,1,7
São Tomé and Príncipe,Workforce & Human Capital,OPCW and Brazil strengthen chemical emergency preparedness across the Lusophone countries,https://www.opcw.org/media-centre/news/2026/09/opcw-and-brazil-strengthen-chemical-emergency-preparedness-across,Organisation for the Prohibition of Chemical Weapons,28 Sep 2026,,no,,,,no,no,2,6
São Tomé and Príncipe,Workforce & Human Capital,Catholic Sister in Angola Proposes “culture of encounter” to Combat Xenophobia in Africa,https://news.google.com/rss/articles/CBMiwAFBVV95cUxOTktpSG4xRTRGblpmT2N4SloxenZmd3B4VjlyTERPRHNWRTljeXBKUXJfUEU2b0JkanRRMTZEMmhvbFhmZjdSc0JoSnp0STdpdU9ld3MyLTJDSXdNemRMcE5DaWhpY2JlX256WWdYOWZRUl96THJISkdQOVZYcURwQU9aZGdTQUhQdjdSd2d4TkZwdlozclVhZVRaSDN2NnZsUTNvZDZ5S0RKQTJnUF90cG9mOFZma2w0RlNwRklPZF_SAcYBQVVfeXFMTk1GUjNibTA3ZVRnMDJPY0VTV093VVQzMC04Xzg0MGxsaXJ6cnBrRkNCMzN4TTVBNUlyX2RaMEI2SHFIdF9iMFNfc2ZaT0pUZHZtMk1OWWtxVkFPb0kteUthSnNHSzF0MzFXREZyM0xxX2pnTXFaaUVDWTcwOUJEeWhRcFU0MnpfNmljZGI4UnRhcUxGb29WYmhHaWdKME5xcWxxZ2YwYTdjYnhXNU4xalVkQmQzUHI3azJNcFA1UUg5MW52ZEZR?oc=5,ACI Africa,29 Sep 2026,,no,,,,no,yes,3,5
São Tomé and Príncipe,Workforce & Human Capital,South African hotelier offers cash to locals to keep island clean for tourism,https://news.google.com/rss/articles/CBMizAFBVV95cUxNSEM2c0dkNmstMmhieEFwRnJQSUZJM0FNdDc0UTJtVS1ldWliMWlYSGV1ODlqcUd1aGRrWFFUanU0Q3hvdTFCZmZHVW5qNFBNN0lTZHU5ZU5CY21odk1POW1odUctdy1VS2dBSUU2VG45blFpWXBjbXFTVm94cW56a2E0UzdKTkhnTDBUYWVMMFNLSmtaWVhZUnh0eXl5X2wzOFpjVG40dHhMbU5SVURKMTNVOUlGTnJkcVlmcDJad25CeHR2TVk0anQ5Zzg?oc=5,The Star,5 Oct 2026,,no,,,,no,yes,4,4
São Tomé and Príncipe,Workforce & Human Capital,Planning an international trip? These countries offer e-visas to Indians; check the full list here | Hindustan Times,https://news.google.com/rss/articles/CBMi7AFBVV95cUxPelF2SUF2WkFib3NMaHRXbFBPLUdObkhScFBKZnB2SDdRSTNKNFhQdFU0ZVRlQUZJSXhuS25ZQi0zdV9oSEVNTk12MmFoNUgwOFQ2eDdKc09yNE5ZS3pXWHJsQVIwSXpZdWhsM1phVHpEaHh6TG9hMEtWRXVUcGtWLVJRVnByMEJfZk4zbml0TFB6M2tFQnY2WjNBQTJTSXpBd1g5czVWb2dPR01hRmx3SGROV2lpa25QOGFaMjBfNFVEdDg5M3VGTW9MX3dmUVZWaGZPdkhDVGRDckEta2YwV19PQlk5OEk3a3pFTtIB7AFBVV95cUxPelF2SUF2WkFib3NMaHRXbFBPLUdObkhScFBKZnB2SDdRSTNKNFhQdFU0ZVRlQUZJSXhuS25ZQi0zdV9oSEVNTk12MmFoNUgwOFQ2eDdKc09yNE5ZS3pXWHJsQVIwSXpZdWhsM1phVHpEaHh6TG9hMEtWRXVUcGtWLVJRVnByMEJfZk4zbml0TFB6M2tFQnY2WjNBQTJTSXpBd1g5czVWb2dPR01hRmx3SGROV2lpa25QOGFaMjBfNFVEdDg5M3VGTW9MX3dmUVZWaGZPdkhDVGRDckEta2YwV19PQlk5OEk3a3pFTg?oc=5,Hindustan Times,4 Oct 2026,,no,,,,no,yes,6,3
Uganda,Jobs & Employment,Community-Based Organizations in Uganda Help Refugees,https://news.google.com/rss/articles/CBMie0FVX3lxTFBYOWZTQndYd2YxME5vQ3ZjZG5Ha1pBejlGbnBGdUJTVFF0eGdtMDlISEh6ZWdQQjR5SEQ3VF9IdXlUQm5Zc045SXd3YnJBNmZkQjY2RVRtNVVUYUJSOWlsUGFFN2ZndmZhWEF3aXBTNktZc0ZtdGotSkV0MA?oc=5,BORGEN Magazine,4 Oct 2026,Refugees,no,,,,no,yes,0,8
Uganda,Jobs & Employment,$1.2 Billion Uganda Pipeline Opens New Export and Jobs Opportunities for North Dakota,https://news.google.com/rss/articles/CBMiugFBVV95cUxNSmRCd05fM3RYSGNjOHRGd3RoYjA1YlQtenozYUdRQ0tjT2dFdU1EbXRCbGt5VDFzLVQtLTNXRTZLdkZXbEF6MmYxaUZILUFTYVM2dk1VNVg5YmZ2NE5OOVRrajRFTTdFeU9sbndBNlZIZ0N6b3JSUGIycDZUY2dNYjRCczdGeThiRi1sME1STjlrd01DNnJKdGFmS1ozTklZakdyNEx2T0JfNGtZSHFONU82N19oRzBZT1HSAc4BQVVfeXFMTUI0dld6WlpFb1lvZ3M2aXpDQmpLMWlmYkd3Mm1nQS1GZHllRWhXV1RNS2ZpZ1FSSmM1S1pXYWtlTzVJTklOdGJIdHJ6aDF3dzJxTGlTaDJYYUcxTkRCN25RUWt0ZS1qNGNaX2phRFg1RnJHQU1BLWpJbTZ3TkJnalRkYkdzNnhiZlUwV0MtSVVfcXdoeWVBQXFwNnNlYWZIWjl6OWZJVFRpQlpjTm8wVDNVanpzUVJ0WDN1dWRIQmJ1Q3UtQ21Yck5ORlhlN1E?oc=5,Valley News Live,28 Sep 2026,,no,,,,no,yes,1,7
Uganda,Jobs & Employment,Limitless 3 | From Youth Unemployment to Opportunity | Uganda 🇺🇬🌍🕯️,https://www.youtube.com/watch?v=limitless-3-from-youth-unemployment-to-opportunity-uganda&feature=youtu.be,YouTube,29 Sep 2026,Youth,no,,,,no,no,2,6
Uganda,Jobs & Employment,"Govt introduces system to track employment trends, wor",https://news.google.com/rss/articles/CBMipwFBVV95cUxOdHlQTFAzSERvdTdTZG9EWk9tTlZ3RXNqLThVeVpmdGRxanlZZ0xCakl0QVk5TzExWHFyZ29wb2lxQ2M1UlpwZ1lUS1RRUThFb0hVaEU2Z3hvWExMSU84bE1pUGtRejA0dGdHSkZBTU5lQk9BT09vY2ZyOExjTFV1cVh3TDhhSDFhRlBVZjJacU9zcF9pYmZOT3FlTUh6YW4zZy1JbGsxRQ?oc=5,NewVision.co.ug,3 Oct 2026,,no,,,,no,yes,3,9
Uganda,Jobs & Employment,Man charged over alleged fake vetting letter for government jobs,https://news.google.com/rss/articles/CBMiuwFBVV95cUxPd2t3RnM0Zmg1TzNfOHpMYlRNX1JDb3BsXzlHNURjNlVMVFFCeE14V05RRTlaLW5QMjk3VXBqRWNpWlMwUlc5UjZ2X3J3c1ZvOW13cjhBOXgzNTViaU0xMnZud3RFSkE3cWNTSkRkTkdpTWF5Q3BYX3h2d0xQQ0o4dXJYMG1iRklDdFdsLWlWZnhpSUdFSjFHbml1YmdVUzBnRk10TjcyRURKZ1EtMzRRUE1nWndFVk5CeGNr?oc=5,monitor.co.ug,3 Oct 2026,,no,,,,no,yes,4,8
Uganda,Macroeconomy,Uganda PPI August 2026: Manufacturing and Utilities Inflation at 2.1% - News and Statistics,https://news.google.com/rss/articles/CBMivwFBVV95cUxQV1VVOHZPV2ozTnR5eGdIal9iRzV6NUl3MmJDTEt5SnF5YU8xcmlxN01xOU5ZYi1fem1zTU5nWjR2UjAtQTY1XzBkS2ZHZUlwSXZRVGdVcXRITzM2VS1JUERhZDRtV0N0RG5DelBpdmJsX0RValJrU2l0aW5CSkJZdzEzSEtYVjJqUnhLX3N4QlBvREcwVTFsQm9iMlZSbm9UOE9nTDE3Q1hDb0Vra1VVSmNrUVNxNU84Vm85Q0k2Yw?oc=5,IndexBox,30 Sep 2026,,no,,,,no,yes,0,8
Uganda,Macroeconomy,Can US capital spur Uganda closer to its $500b ambition?,https://news.google.com/rss/articles/CBMiswFBVV95cUxNNWh3c0Q4dkpQYWM5UzJ1bXZzTy1aV3MtX2JTX3c3ZVBGQWtMNTZpdlBqYmpmeGhTYzVCd1kwTVRGLVdHeTZadTd4Nmw0cmp5V3BwN2YwSThoUVp4X0tVaUpnS2dEa0dSQ3pzVm81ZXhMSi16N1ZfaGctcGU2U3ljbXZfS2cyV3lpYllKSV9aWFIxS2o0aWZ6VC05RUhwbzFGaWdPdHJiQUFyNlA1a2s2Q3Q2dw?oc=5,monitor.co.ug,4 Oct 2026,,no,,,,no,yes,1,11
Uganda,Macroeconomy,Food and fuel push Uganda’s inflation to its highest since 2023,https://news.google.com/rss/articles/CBMiowFBVV95cUxOOUJYLVMzUWdBLTN3cGdwc1pQRFVfaFU1d0N0OXhZRmx1UnlpUFBUVEkwZHZoR2VGMVZoYXV5SXVZaTc2WHJCXzFpQXhzTDcxaHBJcjl1ZWJITl90M2hfY0ItaFJvaVJTcXB0MXRURXZwbm5fQVEyaFJia2hqUjQtekJ3OVAxYnNUTVFhTTZpMzZMU0Z6M3M1a2d1bjZDdWhMMms4?oc=5,Uganda Business News,1 Oct 2026,,no,,,,no,yes,2,6
Uganda,Macroeconomy,Blogs: Squeezed in city: How urban families can outsmart Uga,https://news.google.com/rss/articles/CBMiqAFBVV95cUxPWDJySGg4eUpWVGR5bkhmM2VWbV92bnFMX2dwZENyQW1RY0pFMnJHOXBUMm8xOE93Snd5d3cwRVF3UmZiMDRBSWllX3haY290YlEwVkZjLXJ3dDJlNktRNTA1Rk1ac2M5VFFLaUgta3pnSVB2Rzg4cndwVmVobm5DNEFxNGFnbl81d2JCbHJCRTItYzBlZkhGYWxIbU9kRkFudko5bF8za1Q?oc=5,NewVision.co.ug,30 Sep 2026,,no,,,,no,yes,3,9
Uganda,Macroeconomy,Uganda Inflation Rises to 4.6% as Food and Fuel Prices Increase,https://news.google.com/rss/articles/CBMijAFBVV95cUxOTGw2QzhqbC1SY2wxOGY3aXpKYlpLQVhhMnZ2b3p5NEp0NFE1TWkyajJrN2t6RTB6bTNuQkkzMlpFN1FpdzEtSWtVeVNVTzdFNGpadnlsT2NOMWh6TEtidGZrWTNzTThoUERZTmFfbldybW8taHdveXJwMWVRSkRkcWg3OVBtZVZETWx3dw?oc=5,SoftPower News,1 Oct 2026,,no,,,,no,yes,4,4
Uganda,Digital Economy,"Uganda, Japan discuss expanding ICT cooperation through UJ Connect",https://techreviewafrica.com/news/7522/uganda-japan-discuss-expanding-ict-cooperation-through-uj-connect,Tech Review Africa,30 Sep 2026,,no,,,,no,no,0,8
Uganda,Digital Economy,Grant for Skilling Youth Groups in ICT and Multimedia (Uganda),https://news.google.com/rss/articles/CBMitgFBVV95cUxOb2ZyVnNwa0Y0T2NZdFNreE5Uakg4TlJKc01OZWQwY240TzBjanNJS05HX2JJbnV5dEVKUElFRGFIR2RWRTFrUzJTTmtSeTk1eld6b2FNeUJuUnBJSktNYVJOT3VBOWtuWGI2R0dlOTVHeUFycElSMGpaX0p3Vmw0Z1VTR3V1bkc3dXlUemMxTXlEeWpBckhTSVBqTHdsUFptZ1RsMEdEU0VWXzIxeHpRV0pNU1d5UdIBuwFBVV95cUxOLWdNZUU0c0pYdE5YTk51Zy10dU82RVVBbWZZaFlIM1BnWWM1Qlk3Zk1tQkdKYjloLUZQRXdiTWZXRWwyUUZaNzJVX1RnTElCbXR4YXdDRVd4SWp4b2xybmxYMndwZkFUMG0wX2lEM0U2QTlybXVFMnhLaXhWV0JHSG9lR0Q4MVc0WlNkSkZZaVZfS0VTcTRoS3BScC1QcDJBMGhWcVRLSGZ2MU9hZ2RmZjFKaUpUZkFkMW8w?oc=5,fundsforNGOs,1 Oct 2026,Youth,no,,,,no,yes,1,7
Uganda,Digital Economy,Canalbox seeks to expand Uganda’s fixed broadband customer base,https://ntv.co.ug/business/canalbox-seeks-to-expand-ugandas-fixed-broadband-customer-base,NTV Uganda,3 Oct 2026,,no,,,,no,no,2,6
Uganda,Digital Economy,MTN Uganda partners Huawei to digitise FTTH service via LinkHome App,https://www.telecompaper.com/mtn-uganda-partners-huawei-to-digitise-ftth-service-via-linkhome-app/,Telecompaper,1 Oct 2026,,no,,,,no,no,3,5
Uganda,Digital Economy,"MTN Uganda, Huawei digitise FTTH with LinkHome",https://itweb.africa/article/mtn-uganda-huawei-digitise-ftth-with-linkhome/Gb3Bw7WaO6Yq2k6V,ITWeb Africa,30 Sep 2026,,no,"MTN Uganda has partnered with Huawei to enhance the home broadband experience through LinkHome, a smart home management application now fully integrated into the MyMTN app.","The integration gives MTN Home customers access to convenient self-service tools, enabling them to monitor and manage their home connectivity directly through the app.","As FTTH adoption continues to accelerate across Uganda, home broadband has become an essential part of daily life. Families are connecting more devices than ever before for work, study and entertainment, creating growing expectations for fast, reliable and convenient connectivity.",yes,no,4,6
Uganda,Governance,"Uganda - Politics, Elections, Constitution",https://news.google.com/rss/articles/CBMiaEFVX3lxTE0zUnJHOGtmR183VWFKRzBJa01yekhrRUs4V2czRkw2cm0yNDZYQjJBeWQwTnl4MERUWENQa3dyWnRXaXRtNDdvanpVYURDYlBJQkdaemRra2tJZllHN0x3QnIxRFZkajRo?oc=5,Britannica,29 Sep 2026,,no,,,,no,yes,0,8
Uganda,Governance,"All guardrails of democracy broken, says ex-MP Kivumbi",https://news.google.com/rss/articles/CBMirAFBVV95cUxOeFBBNFpNRWxZd0FwNE9uS2pWeDV1ZUhVc19hTVVqRXEtSXN3M01JRDAyMjBGR04zc0xhS3YxZGpMaFlhbTZoV2JVQkptM1lWTDBTU0ZfWHRwck45RVpiVEdOZnM3blhtaGNmU1YzSWVUMTJYei1aUFdMSmpVY3VZN2lkU254Y0tzM0E0N3JuaGNQcmQwODJVZTZla05kVzN4dkhYN1ZqSWdSRml2?oc=5,monitor.co.ug,5 Oct 2026,,no,,,,no,yes,1,11
Uganda,Governance,Edward Rukidi Kijanangoma succeed late King Oyo as King of Uganda Tooro Kingdom,https://www.bbc.com/news/articles/c0lr7k4k4zyo,BBC,29 Sep 2026,,no,"Uganda's King Oyo Nyimba Kabamba Iguru Rukidi IV, once the world's youngest reigning monarch, was buried on Saturday, days after a row broke out over who would succeed him.","Oyo, 34, who had ruled the traditional kingdom of Tooro in western Uganda since the age of three, died last month while undergoing cancer treatment in the US.",Tooro is one of Uganda's traditional kingdoms. They were abolished in 1967 but restored in the 1990s under President Museveni. Their monarchs are recognised as cultural leaders rather than political rulers.,yes,no,2,15
Uganda,Governance,Uganda removes mandatory Yellow Fever vaccination certificate requirement for entry,https://eyeradio.org/uganda-removes-mandatory-yellow-fever-vaccination-certificate-requirement-for-entry/,Eye Radio,5 Oct 2026,,no,,,,no,no,3,5
Uganda,Governance,"Uganda - Museveni, Politics, Economy",https://news.google.com/rss/articles/CBMiakFVX3lxTE1GUWhUNWNrc09BOVJ0S3RWZWthWXZscDZyLW83dWdfOHpiYksxcVJaWWt2ZnlYcXJmS0pyVTk2WVBtWXN6ZUNUS1Y2NktNNmFTRDRTanpTRjkydkpwbWIyTXVYUW9oWG9SWFE?oc=5,Britannica,29 Sep 2026,,no,,,,no,yes,4,4
Uganda,Agrifood & Climate,"Uganda - Coffee, Tea, Cash Crops",https://news.google.com/rss/articles/CBMiW0FVX3lxTE1aS2pQOENpb3F0UGxLX2RpaHpka29pOXQ2TE9oc1hjLWNGRUM1VU4yT0xNSXMyRnYyQzFQUlZqZzZGZmlpdlJJQlVSNGZvN0duYzM3VU1WeWRqRDA?oc=5,Britannica,29 Sep 2026,,no,,,,no,yes,0,8
Uganda,Agrifood & Climate,"Uganda pastoralists turn to wild plants as food shortages bite, study finds",https://news.mongabay.com/2026/09/uganda-pastoralists-turn-to-wild-plants-as-food-shortages-bite-study-finds/,Mongabay News,29 Sep 2026,,no,,,,no,no,1,7
Uganda,Agrifood & Climate,Beekeeping in Uganda: Poverty Reduction and Conservation,https://news.google.com/rss/articles/CBMiZEFVX3lxTFBsaVd6dm9INUU1SDljLWd4QTZ5dzRnbGp6ZjEzR2ZpWTBqeHFvRElfa2VtRGR6MEdZbGxnMXJQRnM3WGNJd0R3WnJRNVpKM0pmR2w2cVg1QURRMFZaQUpBTG85R0E?oc=5,The Borgen Project,1 Oct 2026,,no,,,,no,yes,2,6
Uganda,Agrifood & Climate,Uganda joins Swiss coffee trade association,https://news.google.com/rss/articles/CBMinwFBVV95cUxQRmpVdURFNkpoQjlSaEJIQ0hQcWF0ZHJGTEhLMVVOTzZ6S0NjMG1CeUUwN2NlNUNYdWZkT0w1a0Y4aFZTZFNRaE5VU1BoWVpQTVJHWHdDelBoYTVDUFYwWWItdlBmTnNyVjkza2V2MWZQVl9tRWVqM1UtN3JJcV8wZmJkcmxTVkRWbXpsM0NqeXkxdm5RR0tER2s4bERRQzA?oc=5,monitor.co.ug,4 Oct 2026,,no,,,,no,yes,3,9
Uganda,Agrifood & Climate,Mohammed Dewji holds investment talks with Salim Saleh,https://news.google.com/rss/articles/CBMi0gFBVV95cUxOQWdtaVRPeWJmR09zaUpOdndPRjVjVl9CVUZQSEZiMTBCZHFFZUxnVzRsaTBFcWM5ZVZ6UEZuNnpPYUhnSVo1bDB3ZHRLNEUzVGpXSzdrSGdqekU4SXR5WjM0WHFma3otTVB2cUhHVkFSSVpldmZmdGVtU0pCclBUTFNrRmhMTUJIQ2cxUW9Lb3psN2FuVTdnT0IxcmQ0c1VnUjRGZGtCVDR5TnVrRzN6UUdzRnlBVnozSkswSnVmZkZfeE9kVUVZODVEaEZ6N09kMXc?oc=5,Billionaires.Africa,1 Oct 2026,,no,,,,no,yes,4,4
Uganda,Workforce & Human Capital,He came to photograph Uganda’s water crisis. One girl changed the course of his life,https://news.google.com/rss/articles/CBMiYkFVX3lxTE1tLUxiSm9KYXRSX3EyZjY3eWRUNldZckJ2YlBzTGZXN1RrYkJTUl93MkcwRThtZTRDUjAxbTFmczdTcmdPVVRSbGJ6ZE9VY3c4d3llU3Exd2ROc3BLVkdzWVln?oc=5,ynetnews.com,2 Oct 2026,,no,,,,no,yes,1,7
Uganda,Workforce & Human Capital,Call for Proposals: Build Digital Skills for Women in Underserved Communities (Uganda),https://news.google.com/rss/articles/CBMi1wFBVV95cUxPOGw1aUd0a2VMb1dPMzVNaDRmcmJJVjhNc1dTWWFKSEoyeF9VVlF0OW1PYmtzU25CYmRtbTFiRjVDLVlDdWhlTExDVTY1enFvdXZqUFdrUkVleTg2ZEtac3E3ZDA3aWlDQTBfeFo1WjIyM051bTNKM3YxVldORlFIWmY3M1lnM0NlQXBtWVpXWWRaN3BIdU9SbzFhV2VpTldpVXdzLTlfMXp1ZGhJV1Nud21fS0dkU3l4S29OU2sxR19RNktrUTZ3M2RiREpVZEVvTVlwbjcySdIB3AFBVV95cUxPeGNMYlQxS2FfY0ZJN2lFclNXZEE1TmUtMHR0aEFQb3Yycmd5Uk9NWmJ3b3NfSk8wTkRwNklLSDFwbmZRSkZOb0JVdHg0eGJhZnd3QUVsT2JtdTdOeFo1SmZYa1cwb05CYXprT2YtUzdpWEJ5T2V1cXBqb3VWMmNxV0huSFVKMkZYalRvTC16QW9Vb3dLWmJJajJFZ19BdHlhSlBlQjRFd2xXMkl0NXVKRlNWeUdOaGFLMVcxUkg2YzZSZ0lrTzl6NzRHNmN2Ums0YnpwUWpoUWJfWVA4?oc=5,fundsforNGOs,1 Oct 2026,Women,no,,,,no,yes,3,5
Uganda,Workforce & Human Capital,A TV journalist is crowned king of a traditional monarchy in Uganda,https://www.audacy.com/news/a-tv-journalist-is-crowned-king-of-a-traditional-monarchy-in-uganda/,Audacy,29 Sep 2026,,no,,,,no,no,4,4
Uganda,Workforce & Human Capital,Karamoja's artisans turn new skills into livelihoods,https://news.google.com/rss/articles/CBMijAFBVV95cUxNdnFHLXAyWUFETG1OTnphMWNJUDBGNzlmWDAzRzF5NXhWOW9pcF9RcFY0VkxIcUV1TnFGQzVzeFpUMmJDTnU1UzhoZTVXVGhEY1lPWFM0dmZMMnhETXhZbEs2Z1pGeF9Lc1UzNjg3U0pUUkI4RlBQdnFmY3Vyb25zZDlxVk1qUG9Nd1dDQw?oc=5,UNICEF,2 Oct 2026,,no,,,,no,yes,5,3
Uganda,Workforce & Human Capital,Over 70 Lubiri High School students narrowly escape crash as unroadworthy bus fails on Mengo Hill,https://news.google.com/rss/articles/CBMi6AFBVV95cUxQUExiUFJ4Mk9LVkg3dDRUY3J5bWowWnNSNXhjV3FrcHRxcFM4LUtCb3FDRmJPQlhWMTctTGZ3UXhoWm5vMVEtbTRhYzlPLWVpTmkwam5ZZ0YydnJOVmlNa19pQloyaFIxVjdjS1hjd2xob3I1MVVoZ1k1ZlZrcGZXalJ1U19uVzRfRkFkSC1mUWxLS3NSSnFqc2xqVGJUVFhTeEFEaFFoNlRuYm16Ykh3RDgyUy1odXNGSmxkVzlWNXZORTc5Q2NuVGplSFVJcFZaWDZTZ01VY29TRUJJSnpRY1BXX0N4QlFr?oc=5,monitor.co.ug,3 Oct 2026,,no,,,,no,yes,6,7
Uganda,Country-Specific Context,Govt Urged to Integrate Graduation Approach into Existing Poverty Programmes,https://news.google.com/rss/articles/CBMisAFBVV95cUxPT3V5R0Z5NHJTYmFxdzBCb0xQM2s2eDI1cS1wQ3dSdjFpV2FMSUFQejBkQ2tUbzhDNFBsdk15cC00Ym5RMXJfX1B3VUZsNGV0UFlqcURGYjdHWXE0YnU5aFlkVWlxM0VPOGJXRkhqNDlfS0ZQbmRtcm4ybl9KMHFLX0tDUDdYUnJhaTlORkc5eDZnUVpVQkZ1NXkxbnhTRmxwbjdJZlVjQ3kxVXFBZUxnUtIBuAFBVV95cUxOTG5wZW1zekhsODg3NkxwY0hyZkFDUEtCUzBfZTNpSkpReXUwNWNJeWJTREV2RnpseGU0TS00SGp0S3VHZ3dMOEFTNVBPcHhSX1FGS2kzM1piYVhPcGxXaTJ5UDFHZXk2VzZSWl9YZ0RPWnNMdHF6V1puRHBNXzAyOXNPVXFzRl9fOVljQzdOcHpzT21xcjdYRDdDMXczSzRJbUxmQUk4UEFoSTdrTk42c1diUDdBRGxQ?oc=5,Nilepost,1 Oct 2026,,no,,,,no,yes,0,8
Uganda,Country-Specific Context,Private Sector Engagement in Agriculture in the Uganda Refugee Response – Summary,https://news.google.com/rss/articles/CBMiqAFBVV95cUxOZW9NYUxTTE1hU1VzMU9ZNUVpS1FjWjVJQmxDV1g4d3RlX2NlWXJEUEszOTZBcnNXT1FhYnJ6bmJKUXh2RHp5ZUVkeWpCS0lBQmJIdzNWTzhlNVVYN000Qm9Jekw5RW9pZmZQTjFRZGRjU083dElPVm1ZckRjeWhzMzFubU00SnBoYmd2bWRTSFlOM3dpV0RGQUdBTWM4U2ZJZ1pJc25OZk8?oc=5,ReliefWeb,29 Sep 2026,Refugees,no,,,,no,yes,0,8
Uganda,Country-Specific Context,Agric. & Environment: Uganda backs AU ‘Correct the Map’ init,https://news.google.com/rss/articles/CBMirAFBVV95cUxNdExlYTNVSnNhNU5zLVJXZlc1SkVlenpkUEhtVElVeE9pWEdlMEx0N3B4b1JaeGN6Wm1NN0Z2RUhHaTlXOTNvbGhTYndLUEgxZkNRdlpjTVZSTy03OXpqNHJ5R3RxR3Fqb0QxUVNIMUkwbm9HWW9hM2k2M2hNYVB1LXJ4eTRibm0tRUc3VG5wcjlqYWQzVXlCeFlHNlBmdTRZOGtsZVowME15alBX?oc=5,NewVision.co.ug,4 Oct 2026,,no,,,,no,yes,1,11
Uganda,Country-Specific Context,Tourism Investors Urged to Leverage Patient Capital,https://softpower.ug/tourism-investors-urged-to-leverage-patient-capital/,SoftPower News,29 Sep 2026,,no,,,,no,no,2,6
Uganda,Country-Specific Context,Uganda Targets Ethiopian Market as Tourism Stakeholders Showcase Destination,https://news.google.com/rss/articles/CBMisAFBVV95cUxON0tDeFVPNFNaQVlUckZBaWdTTzljNFFsS0Q1aUFoa2ZnWmJZQm9pTlVSa0dnU0RYUm1Pd20zck9nVzgtUENFT1Z4N0dOeHJxVkppQU14T2xFbUhOeDA1bThWWDhhUHJZRTMxdWtOMTdLdlNxMWVuSjZqbnNLbjZ5eWI4S3VWX29tWi1hRGYxTHEyTzg0X1BnX3lUeThkcUQyVjV0RDNQLWV6OU5IUExwb9IBuAFBVV95cUxPUGtzZmdOZXhaUEc0Wmt0ZUlzRTFiYVZSQ20yYmFCZnNwaU5JWFdmNkJkaWxEekJwMF9DdS1Tek9VSTNwdUF1aTVnTVN3ZklyQmp5bXozcEp1T29QQ2RYeGgwWDlGN1c0THMwWThuSFB4VThoNzlwX2ZjMXdrT0hDMzNyNGJReVd6R0lJZG5lSGczZlViM192YjRSVW84MGZmQW9mVldiM21yNWdpWTZNTW1qSkJmcVJy?oc=5,Nilepost,30 Sep 2026,,no,,,,no,yes,3,5
Sahel,Jobs & Employment,"China’s Automotive Advance Inside Europe: Gotion, Morocco and the Emerging Sahel Battery Corridor",https://news.google.com/rss/articles/CBMixwFBVV95cUxOdTAxcDRQN3ZFSlBFODRsdFdiX292WHVOX0F5VzdaVk5YUExpU1hCUWtzX2d0M0FfbjNhU0lJTjZIdEFNWWNQajRDLW9VQnZ1SHRPYlBuVkdEY2podlNlWUp3NkVvUC1BbzY5d0hNZVFBY3BEbXNBUXN6TlROUGIwVkdnWC1tby10U3Bqd3FLTC1Gek41clFKOHhiOUFac1h0bUk0NDVrMlFxQ2NfMTRvTlJVXzd2OGNnQlV0UkFBNlNmSTJ1ZGhN?oc=5,debuglies.com,30 Sep 2026,,no,,,,no,yes,0,8
Sahel,Jobs & Employment,Nigeria faces the world’s highest projected death toll from super El Niño heat,https://www.gavi.org/fr/recherche?text=Nigeria%20faces%20the%20world%20s%20highest%20projected%20death%20toll%20from%20super%20El%20Ni%C3%B1o%20heat,"Gavi, the Vaccine Alliance",28 Sep 2026,,no,Fabriqués en Afrique : les nouveaux tests de diagnostic rapide de la rougeole marquent une avancée majeure pour les efforts de vaccination,Le déploiement de tests de diagnostic rapide de la rougeole permettra de soutenir une vaccination ciblée lors des flambées épidémiques et d’identifier les priorités en matière de vaccination préventive.,"À Lahore, ces familles déracinées et sans repères s’étaient retranchées derrière leur méfiance",yes,no,1,9
Sahel,Jobs & Employment,One Year On: Ambassador Dimé-Labille and France's Shifting Partnership with Ghana,https://www.modernghana.com/one-year-on-ambassador-dim%C3%A9-labille-and-frances-shifting-partnership-with-ghana/,Modern Ghana,3 Oct 2026,,no,,,,no,no,2,6
Sahel,Jobs & Employment,Al Hilal Riyadh 1 - 2 Étoile du Sahel (18/04) - Match Report,https://www.365scores.com/al-hilal-riyadh-1-2-%C3%A9toile-du-sahel-1804-match-report,365Scores,1 Oct 2026,,no,,,,no,no,3,5
Sahel,Jobs & Employment,Stakeholders Ask Kaduna Govt To Domesticate National Gender Policy On Agrifood,https://leadership.ng/stakeholders-ask-kaduna-govt-to-domesticate-national-gender-policy-on-agrifood/,LEADERSHIP Newspapers,5 Oct 2026,,no,,,,no,no,4,4
Sahel,Macroeconomy,"President Tebboune Outlines Plans for 2027 Budget, Saharan Train Line, and Sahel Trade",https://news.google.com/rss/articles/CBMiyAFBVV95cUxPaTd2NHNYX3ZkeFpnWFNVZDI3aXplRXBtR2VORjgtTzV6bll2MFA4Umt1QTFtdTBtdFQ1UmVaTlotdlp1akRhdEN1amF6aTNFaUNjdHBLeFgtLXA5QnNhMGVRUW01c2lpWUtTbjloTHJSWVlxc04tcjRMcTNzRUMwRkxONWJsWXNKUGlpM0Z1eDU1VlozSXF5UENvemVEMk1La2V2X0FIYy1Hd0JpRHVBU01OUGhrQVJkMnRXSi1JVks3bGVhWlBaag?oc=5,horizons.dz,4 Oct 2026,,no,,,,no,yes,0,8
Sahel,Macroeconomy,AES: Towards a Common Market,https://news.google.com/rss/articles/CBMidkFVX3lxTE9tUUpRTDJ0cGhjLVNRZVlhY1ZTVmtDTGFZZENodW9vUWl4VXp2c2diQkV4em5PWW12b21qWVVSWGhEVlcwNGF4aC1fSHl5VlVVYXY0eUxmeUlwMWN1MkZ1TkJjZlpEdEktaF9ucnFnQ25wZ1pNYXfSAXtBVV95cUxQVklhWmNLR0E0ZUVqQ1BKYjY0ZERSSWhWUkxjalp3ODZXOV83SmV0VGIzZzZHVnZzWnBOYjF3bGl4WVNRbVhOX1lzQ0xacWl6RlFSQzZvejc4VXBFUXdMVWpXZHdtV1RocFQ0T2QzRDBFeFF6OXEwRUtZX1k?oc=5,Powers of Africa,29 Sep 2026,,no,,,,no,yes,1,7
Sahel,Macroeconomy,Mahama reveals thinking behind Accra Reset,https://news.google.com/rss/articles/CBMikgFBVV95cUxQM3RvR1psMGpZNHU3THp4OVE5dnVYMlFtRnhtNjZROUJTMkxjaTA4V1dLX0hqUS1uWlpxc0tqUEoyVWl4QXNhQk1ORjJIMUV1YnJ5YUhqcG9PUXRyek1JZDlfYkJVOW5Da1luc0tiNzQ4TExwR3dvUE8wekVWX0lUa2JLZE9BV0xQYlNscVcyeUVDZ9IBkAFBVV95cUxNc3UyZTl5bXJFaFEzdnhDM3l0SjFiVzB6LXdMeWRjYkNQS3R5Tk5sQlYtMUtNQWFPT3B4SHRqeHhJa2Y4RFpleEpIcmhvUUYxamVYUGtMREhlaUJaOHJFRkp2LUM2S0lSVUdXTzU2MF93cjNudFNaTVJZYjc5QWFMRTF0LW90NGM3YlZ2OURUT1Q?oc=5,Modern Ghana,28 Sep 2026,,no,,,,no,yes,2,6
Sahel,Macroeconomy,No more price spikes: Government caps potatoes at 90 DA,https://news.google.com/rss/articles/CBMinAFBVV95cUxNSEtfNHRkVzUyd1hab3VLb3hDRXJuOG9KT2JJb2JMTDQ3bE82TE9aSU1sQXhIWTIxeDBhQk1CWFZSRy1QS2t5ajJyakNLU1VsRm5Wc2Zhbkhpa0hyMGtkSWtoanlRM0dTZWRDc3FIZUhmbXRCTmdEUXVFaTdUY0J2aWVheHl2aGVrRHhmZTJ6UWMtMHd6TW9jd05LVGo?oc=5,horizons.dz,4 Oct 2026,,no,,,,no,yes,3,5
Sahel,Macroeconomy,Côte d’Ivoire and the Sahel: Trade thaws a political freeze,https://news.google.com/rss/articles/CBMingFBVV95cUxQRjRZa3FrQ0dPTW5HVnhOUjN3NU1JYXA2YnVwOUNCMkloajhtTWJHeXIyMEpjWEpwMGxWWnJtdHhHYUt1ejJFdTBzcTcxM3lCbTJpSXQ4NUZZMERzWVRyWExtT0hOQTg2cmF5cUdUblZQa0R4T2FGYVBrMEJndW1oM1d6RWh1QjNzVWEtTEp2N0VhMHlJSnNXNU1rWnYxZw?oc=5,The Africa Report,30 Sep 2026,,no,,,,no,yes,0,8
Sahel,Digital Economy,Mali inaugurates a Tier III data center,https://www.connectingafrica.com/data-centers/mali-inaugurates-a-tier-iii-data-center,Connecting Africa,3 Feb 2026,,no,"During its third annual Digital Week, Mali opened a new Tier III data center as part of efforts to strengthen the country's digital sovereignty.","The facility, known as the National Data Centre, was inaugurated by the Ministry of Communication, Digital Economy and Modernization of Administration, under Minister Alhamdou Ag Ilyène, at a ceremony attended over the weekend by digital economy ministers from member states of the Confederation of Sahel States (AES).","The AES is composed of the West African nations of Mali, Burkina Faso, and Niger.",yes,no,0,10
Sahel,Digital Economy,From the Olympiad to the Mediterranean: Titled stars head to the Sahel Chess Festival,https://en.chessbase.com/post/sahel-chess-festival-2026-preview-2,Chess News | ChessBase,5 Oct 2026,,no,"For more than a month, the global chess community was gripped by the intense battles of the FIDE Chess Olympiad and the political drama surrounding the FIDE Presidential election. Now, as the dust slowly settles, the broader chess landscape is regaining its rightful spotlight.","Privately run open tournaments remain the lifeblood of the sport, offering a crucial gateway to new heights for ambitious, hardworking players who are locked out of the exclusive elite circuits. Even when the prize funds are modest, the opportunity to secure ever-important title norms counts for a lot. When a venue perfectly fits the motto ""chess, sea and sun"", it adds a wonderful layer to the competitive experience. And if that tournament takes place in Africa, a continent boasting a vibrant chess community but historically lacking international open events, the picture is complete.","The Sahel Chess Festival encompasses all of these elements. From October 24 to November 1, 2026, the famous resort town of Monastir on the central Tunisian coast will host an expected 300 international competitors at the four-star Hotel El Habib. The full technical regulations and official entry details can be found on the festival's official website .",yes,no,0,10
Sahel,Digital Economy,The Raging Information Battle in Nigeria,https://africacenter.org/spotlight/the-raging-information-battle-in-nigeria/,Africa Center for Strategic Studies,29 Sep 2026,,no,"Foreign actors are targeting Nigeria with manipulative information operations to erode trust, deepen polarization, and shape security narratives to gain greater leverage over Nigeria’s political and economic trajectory.","Network map on Nigerian social media topics shows detected coordinated inauthentic behavior (in red) closely overlaps with accounts spreading pro-Russian narratives and those promoting military-led governance. The accompanying bar charts show the most influential accounts in this conversation across two 6-month periods. The leading amplifiers in both periods are documented or suspected malign information operation (IO) assets, illustrating how a relatively small number of coordinated actors can exert disproportionate influence. Over time these narratives are increasingly picked up and shared by authentic accounts. Click the graphics for a full size image.","Nigeria is facing a host of coordinated and deceptive foreign information campaigns intended to shape public perceptions of insecurity, governance, and Nigeria’s regional partnerships.",yes,no,1,9
Sahel,Digital Economy,Sahel juntas launch TV channel with Russian backing,https://www.ft.com/content/259b49a1-8eda-4e8d-84c7-45323988b07b,Financial Times,4 Oct 2026,,no,Save now on essential digital access to trusted FT journalism on any device. Savings based on annualised monthly price.,Then $75 per month. Complete digital access with exclusive insights and industry deep dives on any device. Cancel anytime during your trial.,Complete digital access with exclusive insights and industry deep dives on any device.,yes,no,2,14
Sahel,Digital Economy,Sixty-Year Farming Experiment Reveals How Rotations Tame Weeds in the Sahel,https://bioengineer.org/sixty-year-farming-experiment-reveals-how-rotations-tame-weeds-in-the-sahel/,Bioengineer.org,4 Oct 2026,,no,,,,no,no,3,5
Sahel,Governance,Who can speak on behalf of the people? The new frontiers of protest in the Sahel,https://globalvoices.org/2026/09/30/who-can-speak-on-behalf-of-the-people-the-new-frontiers-of-protest-in-the-sahel/,Global Voices,30 Sep 2026,,no,"Demonstrations in the Sahel: (left) Mali , (center) Niger , and (right) Burkina Faso . Screenshots via YouTube.","This post is part of Global Voices’ September 2026 Spotlight series, “ Protest in Democracy .” With this Spotlight, we seek to explore the many forms of protest, the tactics states use to delegitimize and suppress them, and the complex relationship between protest and democracy. You can support this coverage by donating here .","In the countries of the central Sahel, Mali, Burkina Faso, and Niger, military juntas present themselves as the voices of restored popular sovereignty. At the same time, political parties have been dissolved in all three countries, more than a thousand civil society organizations have been suspended in Burkina Faso, and labor unions are under attack in Niger. What becomes of the right to protest when those in power claim to embody the very people on whose behalf the protests are being held?",yes,no,0,10
Sahel,Governance,"Burkina Faso, Mali and Niger launch Tafouk TV channel to push their own narrative",https://news.google.com/rss/articles/CBMiswFBVV95cUxQbWdhODVsd21pYTNlWTBnMmNsZHh5ZzBrZE9yRGgtYktBRHFVWjRBbTRBV1pWcW03TGRHYTgzZlNBV2pHNEFmN1B2MlFzdXZ6WmhvX05MZWcwdDVHMUZibTdYb2lnX0x6TEw1MTZKLVRFTW4tWVRoQzFGM0hEend2cmJMbHVRNUtMdjZMUnBUUG1FdnBEd2c2QzJ4R2x5ZFdrSnB4NkxHUXpDQnM5UGZ5NnFfQQ?oc=5,RFI,29 Sep 2026,,no,,,,no,yes,3,10
Sahel,Governance,Putin's Secret Gateway to Sahel: Russia Secures Togo Port Corridors | Firstpost Africa,https://news.google.com/rss/articles/CBMi5AFBVV95cUxNMDhNN1VmUXJBZ3JTX3hnUDJKODJUWTRTTzVtVWJFeEtNTlBCaXFnT1VJU0tLMU13NnRWM3pkTkRmZ0NoOTVmUkNRM3ZzaDltMDhDZEJSTFdQTmtWb2Y5Njg2RndMckxTTzVZeWZMaEN3SmE3T2gzeHZQSW1vOUJzemRXbXJwX2MwS0dqOWF6Skw5YzByMFotNlVIYjJ5d3pZZlpMU2RiUkZScHA1SDlvTThGQ2xubkVibjlRX2VWQjIwZVVEQmh2M3V3VzdzUDQ0eVJCS0ZQZzdDeGRtMVZ1Yko3eEPSAeQBQVVfeXFMTTA4TTdVZlFyQWdyU194Z1AySjgyVFk0U081bVViRXhLTU5QQmlxZ09VSVNLSzFNdzZ0VjN6ZE5EZmdDaDk1ZlJDUTN2c2g5bTA4Q2RCUkxXUE5rVm9mOTY4NkZ3THJMU081WXlmTGhDd0phN09oM3h2UEltbzlCc3pkV21ycF9jMEtHajlhekpMOWMwcjBaLTZVSGIyeXd6WWZaTFNkYlJGUnBwNUg5b004RkNsbm5FYm45UV9lVkIyMGVVREJodjN1d1c3c1A0NHlSQktGUGc3Q3hkbTFWdWJKN3hD?oc=5,firstpost.com,2 Oct 2026,,no,,,,no,yes,4,4
Sahel,Governance,Imam Seyyed Ali Khamenei’s energy of eternal youth (Part 2): Building the foundation of democracy,https://news.google.com/rss/articles/CBMizwFBVV95cUxOQS0zU2hEOWpwbzdqNEZIMVNGcmhYaWVMMFFSMXQ1MkVuQmlHX0xCS1ZoRzgzYzdOLUJ1R0VGaGRzeUJkZEN4V0F6bE5yY1RTX3JqdXBvSkotN2xPNUI0RjNhZTlUbUd0Wk9NWFlHNWhDVmNFalMxa3ZjSXdZaXY2S3hvVDMwRDdCNGlQdEI2OWJwc3hjdmZHVE52UUpobGp0X2dqVXlDeEdmOEJwaHNzelNZY2dQRjZXcXVPN2VSanRVRVA2c3FwTkMyYlhKRms?oc=5,taghribnews.com,4 Oct 2026,Youth,no,,,,no,yes,5,3
Sahel,Governance,Sahel States Launch TV Channel to Counter Western Coverage,https://allafrica.com/view/group/main/main/id/00098292.html,allAfrica.com,30 Sep 2026,,no,"Burkina Faso: Burkina Faso, Mali and Niger Launch Tafouk TV Channel to Push Their Own Narrative","Burkina Faso, Mali and Niger are stepping up their joint media push with Tafouk TV, a new television channel aimed at challenging Western coverage and promoting the three… Read more »",Mali: Mali Army and Russian Fighters Accused of Killing Dozens of Civilians,yes,no,6,5
Sahel,Agrifood & Climate,"Extreme heat putting pregnant women, newborns at risk: UN climate chief",https://news.google.com/rss/articles/CBMiuAFBVV95cUxNSFZSWTlwc1JoNGFTcVl5LXBtN2NIQ2ZiTjNHS3phUkR4bGswbktoTE5HaUYyMDIybkkydmNnYkZxNWYxV2YwT2wtbEZfUUM4eHR2RVZ2eHVGVmxHMS1tM19tLU0ycWpHOTJqME9nLTZzUUk0Y01DRFVLOTdlenE4SV8ySjZ0RGtmMC1ubm9KbllYWk13UHJybVZzQXc5VzJ0TmRpUHZ5TWxMbkdHbThLUkR1UTBaXzc10gG4AUFVX3lxTE1IVlJZOXBzUmg0YVNxWXktcG03Y0hDZmJOM0dLemFSRHhsazBuS2hMTkdpRjIwMjJuSTJ2Y2diRnE1ZjFXZjBPbC1sRl9RQzh4dHZFVnZ4dUZWbEcxLW0zX20tTTJxakc5MmowT2ctNnNRSTRjTUNEVUs5N2V6cThJXzJKNnREa2YwLW5ub0puWVhaTXdQcnJtVnNBdzlXMnROZGlQdnlNbExuR0dtOEtSRHVRMFpfNzU?oc=5,The Korea Times,4 Oct 2026,Women,no,,,,no,yes,0,8
Sahel,Agrifood & Climate,Call for Applications: IFAD Food Systems Transformation for Agriprenuer(Up to $2 Million Grant),https://msmeafricaonline.com/call-for-applications-ifad-food-systems-transformation-for-agriprenuerup-to-2-million-grant/,MSME Africa,5 Oct 2026,,no,"The International Fund for Agricultural Development (IFAD) is inviting proposals for its regional initiative, “Support for Food Systems Transformation in the Central Sahel.”","The US$2 million grant will support innovative and scalable interventions addressing challenges and opportunities across the livestock, cassava and rice value chains, from production and processing to marketing and consumption.",Applicants must meet IFAD’s grant-financing requirements and demonstrate relevant institutional capacity and experience in the priority areas and themes of the grant.,yes,no,2,8
Sahel,Agrifood & Climate,"Nestl Nigeria Partnering Farmers, TechnoServe and AGRA to Build Sustainable Food System — A Model for Multina",https://news.google.com/rss/articles/CBMisgFBVV95cUxQSnNER3h0ODNMSkFpNEtKRjBaWXVFYmN2VDd1WmpJdHJFNGVKWDZkN0Rna3pERVFjeG9GLXVldDY5U1JvZ1Z6UDBoVkMzVzhIMFdXaUlocU93MkgzM1lpa0tRY3RTSmxySkhKYlVCZVVDTGZieEVjR091OFhUUGtDLTZSWlB5RUItWkU2UHAteFMzQ3V4TnowV0Vwc2dRZWc2T1dfaHFneUJDcVI5MzEtdlB30gGyAUFVX3lxTFBKc0RHeHQ4M0xKQWk0S0pGMFpZdUViY3ZUN3Vaakl0ckU0ZUpYNmQ3RGdrekRFUWN4b0YtdWV0NjlTUm9nVnpQMGhWQzNXOEgwV1dpSWhxT3cySDMzWWlrS1FjdFNKbHJKSEpiVUJlVUNMZmJ4RWNHT3U4WFRQa0MtNlJaUHlFQi1aRTZQcC14UzNDdXhOejBXRXBzZ1FlZzZPV19ocWd5QkNxUjkzMS12UHc?oc=5,Nigerian Voice,4 Oct 2026,,no,,,,no,yes,6,3
Sahel,Agrifood & Climate,The MOROCCO-ALGERIA Rivalry Just Exploded In The Sahel Nouvelle Lune (3F48dJBgz6),https://news.google.com/rss/articles/CBMiiAFBVV95cUxQQlhmbEd1WThLWmJ6VTdGWHBfRXBkd3BnMmdOMjNoVlljcjNPcEtoZXpHSkg3Q2o5VFJUU3M0bE5hWV84MU9pYkRrUm1rODNOODRmQ183amxRaGxyaVlvdmV3THZaVm1VTDkzY1YxSktLZFBSZHZJckFNSFkyRzNpQlRXaFNRbTh4?oc=5,Unisba Media,2 Oct 2026,,no,,,,no,yes,7,3
Sahel,Agrifood & Climate,UN: Lamine Zeine explains why Niger is ‘standing’ and cites Algeria as an example,https://news.google.com/rss/articles/CBMipwFBVV95cUxONjEtbmk1SnVrVFE0WTF4eWRlSWhic25aMkhtTEZtVnZMa0JRT2JlOUdqdk1XeE9pZlFNSFFoeUV4eTBYY3BQZnJOVU16R1FyWURZZi1rUl9CY3JQVGNaYVhodXk2NExDLUxYajRHZy1nSW96OW5GWHoxTk82SkNMa3Y4WG9vQ1N4eThGSlVMcndPc25nNUp4SDJ4SkpuZGl2YW1YaGlTNA?oc=5,Benin Web TV,30 Sep 2026,,no,,,,no,yes,8,3
Sahel,Workforce & Human Capital,Lake Chad and the Sahel,https://news.google.com/rss/articles/CBMihAFBVV95cUxQWVJKVDlJVnMxbFFubEN3V2RhYkhoazRfQ3IzTDZZU0dqT0FjRUdiT0M5MjBvTWhlZjFLS3pUVnd3TFF0SWRYNFJuXzBVRlgwTDdNeHdRcXFQRDVkcklPMnR1ZElyVGFNeHh3UTZuZEp4ZzNmWkRnRk81bUlNUU9uandtLUc?oc=5,NASA Science (.gov),28 Sep 2026,,no,,,,no,yes,2,6
Sahel,Workforce & Human Capital,Thiès Air Base,https://news.google.com/rss/articles/CBMiS0FVX3lxTFBZTkhRVXZQZlBIMFM4TVktVldEbmt5ajB4UkNYalB3c1YySEF0bVE3c0l0Nl9KMjlWMlo5SGhiQ3VULXNBazZpdm91SQ?oc=5,MiGFlug,1 Oct 2026,,no,,,,no,yes,4,4
Sahel,Workforce & Human Capital,Russia’s Sahel Intervention Is Riskier Than It Looks,https://news.google.com/rss/articles/CBMixAFBVV95cUxONVo5NzJyU3JFUVEzRUliRVMxRnVPUUZVT3N1U1A4cGgxdUNubWhLdTlleDZIZFlNRGoxTEFod3prY05pSEhWWnI4d2RlWmFkTmc2NnFtOG5vLTZIQmlGckxQS1M0NHRVWU16QVV4ZHBXNG5BT2dkb1VUSkd3SWtBMEQ5Ym9UNFVRbG5yMk1COW5mck5DUHZ5S2FVQmh3clFtWUpKQVRvMnEzbUJMbk5ocGhVRWszejF0LU84MlcyOUNoazhu?oc=5,Foreign Policy,29 Sep 2026,,no,,,,no,yes,5,3
Sahel,Workforce & Human Capital,Annual Report 2025 Building Resilience in the Sahel Programme,https://news.google.com/rss/articles/CBMikwFBVV95cUxNR08xME1uU1RlcFZnblZybFR1bWRHWkd4dlV5VjdsTVN0NE1XYjlVbkxHNVdFMzZYVUFoMGdsazl4bkY0dEtSajRUS3Q4QXd3TXVkSzAxQzBtMzFBdkprSFdtajlKbjBKUnRIc3ppRHQ4TGFZYW5DejhNNjFRNFA0MDZnaXNTMm1IelRic19CMXZHc2M?oc=5,UNICEF,28 Sep 2026,,no,,,,no,yes,6,3
Sahel,Workforce & Human Capital,The €100M Sahel Soil Programme Investors and Input Markets Should Know,https://news.google.com/rss/articles/CBMic0FVX3lxTE9nLUFPRUI2QUE2cFFrTDIzbmZLak5JdTNHTE1yTUIxanRlQzlKYWtueUhLR3pjVi1wdVZmVVNkY0NzSWF0cUpLWDZzRHlycVI1S2xCS0RrX3NIR1UxUjlUVVVUMUhPNkM3SFBPT1Nzb29QOVU?oc=5,Discovery Alert,3 Oct 2026,,no,,,,no,yes,9,3
Benin,Jobs & Employment,Benin mobilises €500 million in international financing with African Development Fund support,https://www.afdb.org/en/news-and-events/press-releases/african-development-bank-president-secures-eu270-million-financing-agreement-expand-moroccos-airport-infrastructure-97171,African Development Bank Group,29 Sep 2026,,no,,,,no,no,0,8
Benin,Jobs & Employment,"Benin Is Outpacing Much of Africa, but Its Transformation Bill Is Still Rising",https://www.devdiscourse.com/stories/benin-is-outpacing-much-of-africa-but-its-transformation-bill-is-still-rising/,Devdiscourse,28 Sep 2026,,no,,,,no,no,1,7
Benin,Jobs & Employment,Benin President Romuald Wadagni arrives in Kenya ahead of Dangote Lamu refinery groundbreaking,https://peopledaily.digital/news/benin-president-romuald-wadagni-arrives-in-kenya-ahead-of-dangote-lamu-refinery-groundbreaking,peopledaily.digital,30 Sep 2026,,no,"Benin President Romuald Wadagni has arrived in Kenya ahead of the groundbreaking ceremony for the planned Dangote East African Refinery in Lamu, in a visit expected to highlight the growing regional significance of the multi-billion-shilling energy project.","Cabinet Secretary for Sports, Salim Mvurya, welcomed Wadagni to Kenya ahead of Wednesday’s groundbreaking ceremony.","“It is my distinct honour to receive and welcome His Excellency Romuald Wadagni, President of the Republic of Benin, ahead of the groundbreaking ceremony of the East African Refinery in Lamu, Kenya,” Mvurya wrote on X on Wednesday, September 30, 2026.",yes,no,2,8
Benin,Jobs & Employment,Benin secures about $585 million for development projects,https://www.channelafrica.co.za/channelafrica/news/benin-secures-about-585-million-for-development-projects/,Channel Africa,30 Sep 2026,,no,,,,no,no,3,5
Benin,Jobs & Employment,Gabon: Oligui Nguema urges Fortescue to accelerate the Bélinga iron project,https://news.google.com/rss/articles/CBMiogFBVV95cUxPUHh2bTEzM3p5UUpBSU1jMFdhVGpjQnByX3VhLVF2UjYtNjFyMVNlMGVoYzN3WmhTQ1FrTVlodUZrT2d0MF9tRXFORVZJYjJmN2dxTHdENXJFNGFoOUhfSFpxUS11S25GMlpHNnhVQkN3V0VHaUNYNmZlTnhpUHQtaXRNSGd6Y25vN1V1MUNvRFY3QlF5LWJNNlMxUm1mOW0zVWc?oc=5,Benin Web TV,30 Sep 2026,,no,,,,no,yes,4,4
Benin,Macroeconomy,Economic growth and democratic decline: the ‘cotton king’ who reshaped Benin,https://news.google.com/rss/articles/CBMigwFBVV95cUxPVFdYcXlJZnZUYnQtQnZlcnhJY0d1U1N2OXNpUkVKWHBWZ1NiWEdnSVZmaGthQXNkdEFnVkkwdFNucTBsRkVVSFpVNjB0S2d1UTNiZUpxUTc1Z3cyVDUwZVJ2WlMyWlV4SlkwcHZwZjFHQ3d3VWh3NnJiMFZ6djhCc1FOVQ?oc=5,The Guardian,30 Sep 2026,,no,,,,no,yes,0,8
Benin,Macroeconomy,"Benin: 600 billion FCFA allocated for tourism by 2027, targeting 13% of GDP by 2030",https://news.google.com/rss/articles/CBMiqgFBVV95cUxNS2xLSi1QSzZJQW12ZmNFbDlXUWJ2YmYzcWdrRHVIWXlITHp5LVFuQjQ0UUw4bWxiMDZ5UUN3ckZNQTIyd0hwQUNfODdLYnl2YlNuaFZwTThfX2w1QVVfaEF4c0k1ZFBWN2p3RXhnN0VyOTc1clpVRkpUMHNOdE1iUlVFR3Bfd0NkZ3R1ckZHUGppYUZ5VFgyT1pZbUp1NmhralpXelhUaVRtUQ?oc=5,Benin Web TV,2 Oct 2026,,no,,,,no,yes,3,5
Benin,Macroeconomy,Benin Deal Room 2026 moves 10 projects towards investment following Cotonou deal room,https://news.google.com/rss/articles/CBMiwgFBVV95cUxNcndZRmFWVWVFbG13UHhuVjF3ems2TGZYOVJHc3o2Zng1ZEJ1ekdZdWVyVWNReXhLcE5qa3l4S2N6MEdYQlBVbFJHZGRzVlV4ZFBlX1NKc2VIR3JyWEhlcU10LXVLQzBvM0xhNEJac3FnT3VpZmliYXVoVUxXUkgtUDE4WUZVZl9MdmZhZVNSU1pBa3FhTFRjbzU4WEdKa3M0eGVHVmM0RVdySVlqczlvMXd3d2RlYTZBWjlJdXQtTFBGdw?oc=5,Business News Nigeria,29 Sep 2026,,no,,,,no,yes,4,4
Benin,Macroeconomy,Benin: Bio Tchané represents the CES at the Francophone Social Dialogue Forum in Bucharest,https://news.google.com/rss/articles/CBMitgFBVV95cUxPOVpzZ01Nako1b3lqX2FMNmtFc1JIeXVkYlNMY29ibUpidE9vREZlZlo3SmNjYllZTktLcW4wUVpvelViMDgzSXZGSVhwcWpsUVNXUFNrcm0tS05FZWtKZWh0aEhhVlp3QVE2LTl4MTV4VzllbXRJUU5LZlA0V25UUkNRV1I1OUhaQ1V4a2F5YnFacFBXODRDMEpPNHBYVGdxd2Z1ZjhCUkdFNjI2cmt2THBrZm10UQ?oc=5,Benin Web TV,30 Sep 2026,,no,,,,no,yes,5,3
Benin,Macroeconomy,"Benin - Decolonization, Independence, Revolution",https://news.google.com/rss/articles/CBMijgFBVV95cUxObDJoUUxHYzg2WE40azNWOXhSY2RMYXZwc0RoNHZCUm82Y0FfQTRqWlFZbXlMOEtOWkxtZUQ0SVFZeHlsWEwxTFdHMFpaa1NzYTJVNmhjeWltR2RLaWxRNTJRV1VGQjF0ajV5OWtRX0FzbHE1R2lFQUExdk9SUzc0MkdrSlJYMU05Rlc5d0x3?oc=5,Britannica,2 Oct 2026,,no,,,,no,yes,6,3
Benin,Digital Economy,MTN Benin launches new TITA Digital Skills cohort at University of Abomey-Calavi,https://news.google.com/rss/articles/CBMiuwFBVV95cUxNdmlKdmVYejAtaTMwMzhkeDV4NEZPdlhxOHcxTXFsY0pXdXB5SEZQMWNyeWhyMDN4b0E5WTlhS3pia0Z5X1FjaF91dmJ4ZGRMUHVEdnkxUFhnVFNVRUloUW8xZXJhVHVMY2tEcGlEMlVkTXVyTV91LVF0bUxlMTZGdXhzZlIyREVwWWRia0hTLVFXNGRabVE5ODZXYWVoUk1tTVViR0NEWExqNTF6d1QyTmcxZHkwdjBYcEJF?oc=5,Tech Review Africa,1 Oct 2026,,no,,,,no,yes,0,8
Benin,Digital Economy,Fintech Unicorn Wave Caves to Regulators as BCEAO Holds Firm on West Africa’s Payment Deadline,https://launchbaseafrica.com/2026/10/01/fintech-unicorn-wave-caves-to-regulators-as-bceao-refuses-to-blink-on-west-africas-payment-deadline/,launchbaseafrica.com,1 Oct 2026,,no,,,,no,no,1,7
Benin,Digital Economy,Benin: CANAL+ and Nomad Education to equip a media library and offer NOMAD+ to subscribers,https://news.google.com/rss/articles/CBMiswFBVV95cUxQS19wd2o0N0Y4LXZjczJnRFdYaVZTT183cFZITy0yOTU3eGV1V0dYOC1MWjRCV2kzaEtKNV9Od25rX3E1RE5tRURjZllnOFVsbHhPQnZMVThCX0hBY2tJTUlPSl9rd3pYWUtYX1FvRnVKc2tKVlBtYVV0NC02UFhSVDVDSk9xR2EzbnlKZFF0bWNVMjd0RmRvNUtMUUdaQlQ5bHp6LXZ3TGduWTd6NDRpeWlPOA?oc=5,Benin Web TV,2 Oct 2026,,no,,,,no,yes,2,6
Benin,Digital Economy,AI can strengthen public officials’ capacity — Ugolor,https://news.google.com/rss/articles/CBMikAFBVV95cUxNZFpDQkR5UlpRd2VTZ2dab0lMSmZocU1YcXNPWlZIM2VUWkFOaUdzRFVUdW40cDdKT3RXYzd6a3ZiaXZnY2twQmtUQkFXWDllN083MVlsa0xfbW1FcDU4ejgwU1V5RlRDUy1RZ0dWelFka2hvT2RZYkNyLXpqTmo1NDY0R3Z4LTFwbFZ5a2hheTbSAZYBQVVfeXFMTjhMb1lkRFNxbDdqT1Y3NjVSOC1TNVBiVWRUYzU0bzg2aUcxSTJSQzFKamJwaUV2QVJ4QVl6R3J3OHBrZW5fTWJkNWNuZTRsWXhrLVBFSDEwUndqdndaaHVEb2E1S1U5RHlZem54a1lnLTgtZGhnRTlXVnZEWEp6TU13b2xsNWVvM2hWVkVPc1pBOXNlMFhB?oc=5,Vanguard News,29 Sep 2026,,no,,,,no,yes,3,5
Benin,Digital Economy,"Benin, Onitsha, Lagos lead as smartphone ownership in Nigeria rises by 11%",https://guardian.ng/business-services/benin-onitsha-lagos-lead-as-smartphone-ownership-in-nigeria-rises-by-11/,The Guardian Nigeria News,1 Oct 2026,,no,"Smartphone ownership in Nigeria surged dramatically between 2023 and 2025, reshaping communication, commerce, and access to information across the country.","Generally, while Nigeria’s smartphone ownership rose to 75 per cent in 2025 from 64 per cent in 2023, gaining 11 per cent as mobile devices become increasingly central to how Nigerians access digital services, Benin, Onitsha, and Lagos led 12 other states in terms of ownership, boasting some of the highest penetration rates nationwide. Their rapid embrace of mobile technology reflects both economic vibrancy and a growing appetite for connectivity among diverse demographics.","The finding was contained in the Nigeria Smartphone Study: A Nationwide Analysis of Smartphone Ownership and Digital Application Usage, conducted by KPMG in partnership with Orange Group Nigeria.",yes,no,4,6
Benin,Governance,"2027: Oredo APC Reps candidate, Iyamu, seeks Oba of Benin’s blessings",https://thesun.ng/2027-oredo-apc-reps-candidate-iyamu-seeks-oba-of-benins-blessings/,The Sun Nigeria,4 Oct 2026,,no,"As political parties and candidates intensify preparations ahead of the 2027 general elections, the All Progressives Congress (APC) candidate for Oredo Federal Constituency, Hon. Paddy Iyamu, has sought the prayers and royal blessings of the Oba of Benin, Oba Ewuare II, ahead of his campaign for the House of Representatives seat.","Iyamu, who led party leaders and supporters to the monarch’s palace in Benin City, also congratulated the revered traditional ruler on his 10th anniversary on the throne of his ancestors.",The visit provided an opportunity for the APC candidate to formally intimate the monarch with his intention to represent the people of Oredo Federal Constituency at the National Assembly.,yes,no,0,10
Benin,Governance,Benin-Abraka Road: Okpebholo Threatens to Arrest Contractor,https://nigerianobservernews.com/2026/10/benin-abraka-road-okpebholo-threatens-to-arrest-contractor/,The Nigerian Observer,3 Oct 2026,,no,"Edo State Governor, Monday Okpebholo, has threatened to arrest the contractor handling a section of the Benin-Abraka Road for allegedly abandoning the project after receiving payment from the previous administration.",He was speaking to members of the All Progressives Congress (APC) in Orhionmwon and Uhunmwode local government areas during his ongoing tour to strengthen the party ahead of the 2027 general elections.,The governor said he had taken a decision to address the condition of the road but was constrained by contractual agreements entered into by the previous administration.,yes,no,1,9
Benin,Governance,Exiled Burkina publisher tells RFI of repression and fear four years after coup,https://news.google.com/rss/articles/CBMiuAFBVV95cUxOME1JYmQ1cVlQeFJud3p5WDBIa2RTRk9lY2pvVWE4U1R2WTVwZEZUR0U4VU0zN0h4VEZWYlRyTlA4Zi1DSlJNaUpzTFJ5bk1ud1pWNUF1LWlqakVTZjdnc2VvWnlKSGF3Nzc1U04zeWRDcko2U25VTVZqMjc3S1dPcERielZQUVlwa0piT3AwSTFCSW1KOWVIdFVFR084Q21YZlhqQUxGNTB2MHgzaFMwZlBQMXNxMTAz?oc=5,RFI,30 Sep 2026,,no,,,,no,yes,2,11
Benin,Governance,Africa : Francophone civil society united through COING,https://africa24tv.com/africa-francophone-civil-society-united-through-coing/,Africa24 TV,29 Sep 2026,,no,,,,no,no,3,5
Benin,Governance,Kidnappers sentenced to death in Edo State: Special court say make dem kpai convicts by hanging afta Govnor Okpebholo vow to sign death warrants - wat next?,https://news.google.com/rss/articles/CBMiXkFVX3lxTE1Wamo1VE5WUDNqNTVTT0g4T0hvWkszTEZNa3JtQ3pFZDlZSTgxdm5uTjdVVXlCQnUwaVdjN09tU0xPR0RqTktJTU5rQnk1YWZOY2hEVE5UZHJUcUVmT0HSAWNBVV95cUxPSmxvVWhPZmdhbkpFSDU1cTAzTXc0bW53cHozdEt6Yl9HR3d6ZVNCTFVsMnFPRUt0OUNycU5kc0pFdURXMVNIRFE5TDZuS3pWSk1nemlWdFpQOUtLRzhxbEFqcFE?oc=5,BBC,29 Sep 2026,,no,,,,no,yes,4,11
Benin,Agrifood & Climate,"Benin - Trade, Agriculture, Oil",https://news.google.com/rss/articles/CBMiWkFVX3lxTE5jTFRvRzYwTnNNNEs4d0FSdGVsNWsxSXBFUENWVlhXR1FwNllfMXFfVHVJLVdsNXB5UWwzQ2xGVmtRRWZpMjVqNjVJRTlYcVBJcmhmalQzU1RoQQ?oc=5,Britannica,2 Oct 2026,,no,,,,no,yes,0,8
Benin,Agrifood & Climate,"WASCAL, Benin discuss collaboration ahead of 2027 Climate Change Conference",https://news.google.com/rss/articles/CBMiswFBVV95cUxNRV8zdkFrWnNGMDJLTlJIUjB0Q0dGSlMxWlFHR1lOemZkVUdLMGtwdEZ3TGoyQnpYcU5KdmxPek1hM1pVbVZFZUxhTkNKRUU3NndOb1oyMUd1NGhaazhjTmU1V2RJclNVRWt5aXR2MTZMR1h1NGVyNzliUVNvc1RXdDRMNGxmMy1veHRoekIwUm16anFraVMyQTdFLVhzYmRLQnYyM1VHOEx5QXdfR1hCa051WQ?oc=5,Tech Review Africa,1 Oct 2026,,no,,,,no,yes,1,7
Benin,Agrifood & Climate,Côte d’Ivoire and African Development Bank Group launch $24 million investment to strengthen climate resilience and restore forest landscapes,https://www.afdb.org/en/news-and-events/press-releases/unga81-african-development-bank-group-and-partners-launch-free-ai-training-african-public-officials-97043,African Development Bank Group,28 Sep 2026,,no,,,,no,no,2,6
Benin,Agrifood & Climate,The ancient African rice that could help farmers grapple with climate change,https://www.modernghana.com/the-ancient-african-rice-that-could-help-farmers-grapple-with-climate-change/,Modern Ghana,3 Oct 2026,,no,,,,no,no,3,5
Benin,Agrifood & Climate,Niger: Tiani summons CCR on agriculture and terminates Hadiza Adamou’s position,https://news.google.com/rss/articles/CBMipgFBVV95cUxOcFlvaEpVTnlYajVQcWJyeTRwZGJLWUhTZVhuVEphUTFkZHFBRzNmWHViTjN6STVESzd1V0hKOE1wWkVLN1J4VXRfR21OUFc2bmhBR19aUWh2YlotN3ozTjlQc1JrcWxhX1RpMVl5Zk4tbHRpRFJPNmVGb1FZSENWcGdUcXIzVkhoYndwZlVXWWhfN2dfLU1UZzJMREg3MkxNZzQ5QUVB?oc=5,Benin Web TV,2 Oct 2026,,no,,,,no,yes,4,4
Benin,Workforce & Human Capital,"Benin - Administration, Social Conditions",https://news.google.com/rss/articles/CBMibkFVX3lxTE9XR1pTWEY5R3lqMWt6OHB4VVZqcjNtWHFYclJWUWQ0MVEydTFHN3dmLTdldUlhdkt6UVlTSUZlQ3lWVXVaYVFYdlhwSFZFMEVHOUdnaDVqUjkxbkRyZVNjU0d6eXc0SERIbklhNFp3?oc=5,Britannica,2 Oct 2026,,no,,,,no,yes,0,8
Benin,Workforce & Human Capital,2027: Benin monarch Oba Ewuare II counsels Iyamu ahead of Oredo race,https://blueprint.ng/2027-benin-monarch-oba-ewuare-ii-counsels-iyamu-ahead-of-oredo-race/,Blueprint Newspapers,3 Oct 2026,,no,,,,no,no,4,4
Benin,Workforce & Human Capital,From classroom to construction site: The child labour journey from Benin Republic to Lagos,https://punchng.com/from-classroom-to-construction-site-the-child-labour-journey-from-benin-republic-to-lagos/,Punch Newspapers,29 Sep 2026,,no,"JUSTICE OKAMGBA follows 10-year-old Ojo Ibukun and explores how poverty, migration, and informal apprenticeship can take children from neigbouring Republic of Benin to Lagos construction sites, where work replaces school and protection becomes harder to enforce","In Nigeria, one of Africa’s biggest economies, childhood can begin with a workday. While many children his age are getting ready for school, 10-year-old Ibukun Oluwa is already at an unfinished building in Ilasamaja, a low-income neighbourhood in Lagos, pushing a shovel through a mixture of sand and cement. The shovel is almost as tall as he is.","Ibukun crossed into Lagos to learn tiling but found himself carrying cement, mixing mortar and sleeping on cardboard at an unfinished building—raising difficult questions about poverty, migration, informal apprenticeship and child labour.",yes,no,6,9
Benin,Workforce & Human Capital,Benin: Former Minister Colette Houeto dies at 87,https://news.google.com/rss/articles/CBMifkFVX3lxTE9hSWVzUW5wTlRJTkFyM0xrbFlESmExcTMwNG5kbmQ1SVpPal85N2RGMGtiQjVjaFhzci1pYmxKOWRwZWF6Q3NNTzZPMnVZdUEzMmFWNlEzRWpPa3VNcWtEdHBPN2J0VHNTMHRFN25Xa1hpa2NMNzhQUHJVbGppQQ?oc=5,Benin Web TV,2 Oct 2026,,no,,,,no,yes,7,3
Benin,Workforce & Human Capital,Senegal: State publishes first list of 34 unrecognized higher education institutions,https://news.google.com/rss/articles/CBMirgFBVV95cUxOTWpnOXkzWlYxek8ycGFGcmRUMi03SDdTblhjYV9XZzMtWUNNNFZPMHctQWZpSG5vQmw0ZDRfUDNZckFpZGNGTGlzMGdrakM2NDFhbUdqZWhHUXFaU1F3VV9hd01KNV9ISjNvSzNsVnF5OXJZODIwNldWWHVONGMtX1lEazJJTDBlbTd5amZQNGQwekd0cjNZOWRyLXRSQXgtVjlEV1VTYkNWTDNnMHc?oc=5,Benin Web TV,3 Oct 2026,,no,,,,no,yes,8,3
Congo Kinshasa,Jobs & Employment,"Democratic Republic of the Congo - Central Africa, Conflict, Resources",https://news.google.com/rss/articles/CBMipAFBVV95cUxNU0FYQXJtVUNFY2J2RzBGZmNOdW95ZzB1eDV3ZW02V3piY2tVVzA5MUdjZURObmJoRkJETjJWRzlTcUdPZ0wybnNnS2tRTFJDYVkxS2xyQWQwXzNOSnBaUUMtRGZWZHkwTWxiQ0hmdUR2OFhnRndVa05pNnVtVGlqR0J0bFpfdE9RbWdWSDVyV2t2czhKSmVkSHpGLW01RDlQSlhobA?oc=5,Britannica,2 Oct 2026,,no,,,,no,yes,0,8
Congo Kinshasa,Jobs & Employment,Congo-Kinshasa: Ebola Response Faces Setback As Transit Centre Burns Down in DR Congo Camp,https://allafrica.com/view/group/main/main/id/00098320.html,allAfrica.com,2 Oct 2026,,no,Congo-Kinshasa: Ebola Response Faces Setback As Transit Centre Burns Down in DR Congo Camp,The enormous challenge of halting the spread of Ebola in the Democratic Republic of the Congo (DRC) just became even harder after a key transit centre for patients requiring… Read more »,Congo-Kinshasa: Early Access to Care and Oxygen Decisive for Ebola Patients' Survival - WHO,yes,no,1,9
Congo Kinshasa,Jobs & Employment,Violence Disrupts Ebola Response in DR Congo,https://news.google.com/rss/articles/CBMia0FVX3lxTFBxdVVBcUl1R2JqOXhIVzIyV1VNZk1OOVV5dnY0VlpOUDB2QXg0WkNqQk5uZkJ4Q1hxeW9TSHVoSTBKN0NEelFOVFUzWkloZHhOMlROcVJfVUNSaDBPRTJmeUJ3cFNQVkg5Mmg0?oc=5,allAfrica.com,2 Oct 2026,,no,,,,no,yes,2,6
Congo Kinshasa,Jobs & Employment,Congo-Kinshasa: Early Access to Care and Oxygen Decisive for Ebola Patients' Survival - WHO,https://news.google.com/rss/articles/CBMiW0FVX3lxTE1JQTdEZnhUR3ZFcnJfZm9aYm1abGExbDhVZGpiQTRGZ2tDSVRlc3EwSDdHUHZ3VVJiTWhyWkZfaHhKMldoZm9CcVRTRy12MXBsUE1EYnlxX3ZMNk0?oc=5,allAfrica.com,29 Sep 2026,,no,,,,no,yes,3,5
Congo Kinshasa,Jobs & Employment,Congo-Kinshasa: DR Congo Ebola Emergency - Calls Grow for Urgent Humanitarian Access,https://news.google.com/rss/articles/CBMiW0FVX3lxTFBxa280aE9GMjZINEFXcE1USnVSXzdsRmxfcElPUkRuUlVKMFB4bUU1VG9HQzRhVHB5ejJlb3p0aDhEcVE4ZUp1bG9MRU4xb3JkN3pjeWJWeTlQaHc?oc=5,allAfrica.com,29 Sep 2026,,no,,,,no,yes,4,4
Congo Kinshasa,Macroeconomy,"Democratic Republic of the Congo - Resources, Power, Economy",https://news.google.com/rss/articles/CBMijgFBVV95cUxQVGU3TWZYVXMxX0lwZ3B3YVIzX2p1MjVNVExCdnpEb2dKbHdSS25GWjBaVTNGNFVibTd1eFV3a3FCQ2VDYzlNWllKeDQzVzVPT2szUDRqdUczWmg0NDlXc08wdWtEUWFiMWRiSHM4alJfTG0wQkstVnFWeWlLUGowb0hnajZrX1BxblFxSE1B?oc=5,Britannica,2 Oct 2026,,no,,,,no,yes,0,8
Congo Kinshasa,Macroeconomy,[SMM Analysis] DRC Coltan in 2025: What Production and Export Data Reveal,https://news.metal.com/newscontent/104140015-south-africa-poised-to-become-key-player-in-global-rare-earth-supply-chain-by-2034smm-analysis,Shanghai Metals Market,29 Sep 2026,,no,"South Africa does not possess the world’s largest rare earth reserves, yet it is arguably the most undervalued African node in the Western supply chain. Its value does not lie in the sheer size of its deposits, but in the synergistic combination of high‑grade monazite, phosphogypsum tailings recycling, magnetic rare earths, and battery‑grade manganese. This unique mix gives South Africa a distinctive positioning in the global rare earth landscape.",Policy Shift: From Raw Ore Exports to Value‑Chain Participation,"In 2025, the South African Cabinet approved the Critical Minerals and Metals Strategy , designating rare earths as a medium‑high critical mineral alongside gold, vanadium, palladium, and rhodium, while platinum, manganese, iron ore, coal, and chromium were classified as high‑criticality minerals. The policy direction is unambiguous: South Africa aims to move beyond simply exporting ores and instead integrate exploration, local processing, R&D, infrastructure, financial support, and regulatory coordination to become an active participant in the critical minerals value chain.",yes,no,4,6
Congo Kinshasa,Digital Economy,Human-centred AI puts people and responsibility in focus at UNGA’s General Debate,https://news.google.com/rss/articles/CBMib0FVX3lxTFBuODQyMWRSYjlIQWxIeW9adHRmQzZBRWpncjJOT1ZXa3pYdFdMWkZoMTUxX1phd1JSRDJpR2syYi1TRHJUeUZMVV9tRElNSmliazJickVaQlFEeFZhS1VkNVVjY2J3Umd4U3JPRXdHZw?oc=5,Digital Watch Observatory,29 Sep 2026,,no,,,,no,yes,2,6
Congo Kinshasa,Digital Economy,"Equatorial Guinea - Independence, Oil, Culture",https://news.google.com/rss/articles/CBMicEFVX3lxTE5QUzVGLWF3d2std21YVW4ycTZoUWJFQzAyNWRMbzQ1bjQxQm0tMlBXbnhJZTEtc2FfWE5iWGMyeVFOaHVwdHp5aU5VR0wtdFp5OGljanVwQzg5b3RKaC1rYWRjcWFxSDlfY3B3WkZZZ2c?oc=5,Britannica,30 Sep 2026,,no,,,,no,yes,3,5
Congo Kinshasa,Workforce & Human Capital,Republic of the Congo – National Day 2027,https://www.awarenessdays.com/awareness-days-calendar/republic-of-the-congo-national-day/,Awareness Days Calendar,28 Sep 2026,,no,,,,no,no,3,5
Egypt,Jobs & Employment,Africa’s second-largest economy seeks deeper ties with Qatar as Egypt targets Gulf investment in two crucial sectors,https://news.google.com/rss/articles/CBMi1AFBVV95cUxOdFM5NURMRkZkU3lYZmdBUVdaUldKbTZlSWxETVcxYkRvdTl0WUJDZTNQSU5VOW0tSXNHN1RwYmRnOEo5bkdnRzZzMHRTQzZkampEaTRSNF9EZTZGX3R5QUJPQmgyTS0tQkFrSUkwOEtmbTZ3TG5jLUdfNDRIazVpNTBtQ2RwYmh5OGhqbDFjZEhTVl85WEdkQWRGaWhuNndnQWJJU3I5NDljNFM5NFQxUENYWmFGd3NrZHpkU0xMQ0FaXy12bWE3OW1vNXNwbS04N2w2dA?oc=5,africa.businessinsider.com,2 Oct 2026,,no,,,,no,yes,0,8
Egypt,Jobs & Employment,PM: Egypt's Unemployment Rates Reach Lowest Level in History at 5.8%,https://bactoubac.com/,CairoScene,2 Oct 2026,,no,,,,no,no,1,7
Egypt,Jobs & Employment,Egypt’s bank financing to small enterprises reaches $5.8 billion,https://fastcompanyme.com/,Fast Company Middle East,30 Sep 2026,,no,Leaders who are shaping the future of business in creative ways,"The top companies in entertainment, media, sports, technology, and more","Brands that are redefining tomorrow, sparking change today",yes,no,2,8
Egypt,Jobs & Employment,IDSC's report: Egypt ranks among top 3 African markets for new solar energy additions,https://news.google.com/rss/articles/CBMingFBVV95cUxQek5QcS1RUEpNaFFUbFNESk1JbVB2TGZRSEg5WjNoNDhRVWxwOUpJNFVRWWl1REZYbHY2MmJaYXN6NnE4SHcyeERfZnoxdlVWTmJobS1NYWNRVzNkaG1aQldpMlJKemRldjdMck1xMXVtNWNiZkVmdGoyRDJ5dUNsNUQ4LWhhUlhfUk9hMWxkZ21tdGZ3MVFNaHhRUlRTdw?oc=5,Egypt Today,30 Sep 2026,,no,,,,no,yes,3,5
Egypt,Jobs & Employment,"‘I see Egypt assuming its natural and leading role asa link between East and West, North and South’",https://african.business/2026/09/long-reads/i-see-egypt-assuming-its-natural-and-leading-role-asa-link-between-east-and-west-north-and-south,African Business,29 Sep 2026,,no,,,,no,no,4,4
Egypt,Macroeconomy,"ZAWYA: Egypt property market enters new phase as GCC capital, inflation reshape sector",https://news.google.com/rss/articles/CBMi8gFBVV95cUxOWmdITWFESlZhZjJGQ0xoQWU2Z3hVV3M1NFhxMVBZY3dlUHoyZ21tUVZXZkhsalo2ZWRVdUtxVkFhWkpsWDVSdV80VDV1bkNYNXF4MjY5elk4X2xPNlZYblAzbDhUN3lzWVdiZUFEWEdfWmNBU3NuYWJMSElKUmtwSHlPRjBEdlZGdnhEcXBLUFhnTWpDV2tzY2VhV2s0UTVxa3ItVC1HcmxDNVZzVTlCWVRtdzdWTmtXOU56YXBtRjR5aUMyMnV6WlAycXdLcVVZcDBVbG1VX0UzQWJGZkx4V0dDRzVFMFRCamhyR2daZmc4UQ?oc=5,TradingView,5 Oct 2026,,no,,,,no,yes,0,8
Egypt,Macroeconomy,Egypt: How the Iran War Has Affected Egypt’s Calculations,https://mei.edu/publication/egypt-how-the-iran-war-has-affected-egypts-calculations/,Middle East Institute,28 Sep 2026,,no,"This article is part of a collection of short essays written by the Fellows of the Middle East Institute to explore aspects of the ongoing war with Iran. The intent of the collection is to help readers see new and unexpected elements of the dynamics and impact of the ongoing hostilities and to think harder, deeper, and broader about the implications of the conflict. To read the other essays from this collection, as well as download the full report, please click here .","Egypt’s foreign minister, Badr Abdelatty, has been especially busy over the past six months.","Although you would strain to read it in the Western press, Egypt has played a significant role as a regional mediator in recent years, and as its chief diplomat, Abdelatty has been a very public face of those efforts. While the region has never been short of a crisis or two, the last few years have been especially turbulent. On August 19, Abdelatty had just wrapped up a discussion with his Omani counterpart, Badr Al Busaidi, on regional developments. Near the top of the list of items they discussed was the importance of freedom of navigation and the highly anticipated Iranian-Omani announcement on the reopening of the Strait of Hormuz, which might offer a path toward more constructive US-Iranian talks.",yes,no,1,9
Egypt,Macroeconomy,Egypt on a Budget: Top Money-Saving Tips,https://www.lonelyplanet.com/articles,Lonely Planet,2 Oct 2026,,no,,,,no,no,2,6
Egypt,Macroeconomy,Egypt Targets Public Debt Cut to 78% of GDP,https://cairoscene.com/news/egypt-targets-public-debt-cut-to-78-of-gdp/,CairoScene,1 Oct 2026,,no,Prime Minister Mostafa Madbouly said budget-sector debt stood at 81.8% of GDP at the end of FY2025/26.,"The Egyptian government is targeting a reduction in budget-sector public debt to around 78% of GDP during the current fiscal year, Prime Minister Mostafa Madbouly said.","Debt stood at approximately 81.8% of GDP at the end of FY2025/26, when economic growth reached 5.1%. Madbouly said a gradual reduction plan has been drawn up, with a presidential directive to work towards 75%.",yes,no,3,7
Egypt,Macroeconomy,Africa must harness urbanization for economic growth | PM,https://news.google.com/rss/articles/CBMiowFBVV95cUxOdXZTLXhMXy1WTkRwV3QxU3F4S2RwYzNpdlJDUWNESTd4YnlyQ2hPTVBTcEpTTEdXRHN3aWF1MkNIcFZMYktMNndhUXVtaGJsMDYzYmxSa2pMb2U4bXUyQldoZF9lR3FoM3VsT0dPa2NPbl9OakFMZVVoaEF1N3NRMmczUmV5amJlNC1iVmZ3eUZQbm5QN0swOENwRFdFalJfeTVN?oc=5,businesstodayegypt.com,4 Oct 2026,,no,,,,no,yes,4,4
Egypt,Digital Economy,Egypt's first fintech 'unicorn' MNT-Halan to sell 20% stake in IPO,https://news.google.com/rss/articles/CBMiqAFBVV95cUxOOGFvRnFCUkR5RnJiY294eFBWWmlNeTk3NXJuQ21JX1BKd0o4ZVl2LUlHQ0ZJZ2xCWkRodVJsQTU0aEhiQS1vdFNraDA3V1RZV1RFcVhONm9rUGZDajFtRlhlTWx4NzBfcXp2d1VOWF9mVUFIeThEaVBaeFR5bGVCRVdSYUZzSDlDZnVYWmY5SDhBSV9OSUU2VDVyUFBUX2JpbzczUEhkZzM?oc=5,Reuters,1 Oct 2026,,no,,,,no,yes,0,15
Egypt,Digital Economy,Egypt’s first fintech unicorn plans to sell 20% of local business in Cairo stock market debut,https://africa.businessinsider.com/local/leaders/mining-tycoon-plans-to-spend-dollar402-million-turning-his-600-hectares-of-farmland/xb9yyte,africa.businessinsider.com,2 Oct 2026,,no,"Blue Mountain Racing has secured about 600 hectares in Swartland, near Cape Town, for a proposed Formula One-standard circuit and wider hospitality, entertainment and property development, according to local reports","The proposal remains at the pre-feasibility stage and has not yet secured a Formula One race, but if successful it would mark South Africa’s return to the championship 38 years after its last Grand Prix at Kyalami in 1993.","South Africa has explored several Formula One comeback bids since then, although previous efforts have struggled with financing, infrastructure requirements and the commercial demands of hosting the global racing series.",yes,no,1,9
Egypt,Digital Economy,Egypt's first fintech unicorn MNT-Halan to float 20% in $1.4B IPO,https://app.dealroom.co/news/egypts-first-fintech-unicorn-mnt-halan-to-float-20-in-14b-ipo,Dealroom,1 Oct 2026,,no,,,,no,no,2,6
Egypt,Digital Economy,Egypt's fintech unicorn MNT-Halan to sell 20% stake in Cairo IPO,https://www.billionaires.africa/2026/10/01/egypts-fintech-unicorn-mnt-halan-to-sell-20-stake-in-cairo-ipo/,Billionaires.Africa,1 Oct 2026,,no,,,,no,no,3,5
Egypt,Digital Economy,Digital economy as driver of growth,https://african.business/2026/09/long-reads/digital-economy-as-driver-of-growth,African Business,29 Sep 2026,,no,,,,no,no,5,3
Egypt,Governance,"Egypt - Unrest, Revolution, 2011",https://news.google.com/rss/articles/CBMigAFBVV95cUxOeG1peFlDRVUwbEV5TGExalhtRV95NFNYYm45WFRyTTV1UTFYX1JHLTY3SW1rN0h4aVFxVC01UmctdWFYTHZkSllBUHFaV2lRdUZZOVl5b3dmSFBkQS1PVGhuSlBVMTlnS0RsX2d5c21GNFVUeWpRcWRxOVVOYVA4Sw?oc=5,Britannica,1 Oct 2026,,no,,,,no,yes,0,8
Egypt,Governance,"EXCLUSIVE: Citing Iran war, US waives rights condition on Egypt military aid",https://news.google.com/rss/articles/CBMivAFBVV95cUxPNl9CdWl6UkoyUU1lNGxlZWg1V1lDU2xvbFJBNnVhenJCalhaNG85aFRFZHp3MTBlcHZtblVsYXhFMzBQb0R6RXFtckE0R3dqTW5SQmpqLWcwNHVUZFc4OTNQekMzYVZDLUZXcWdRVGZVVTZMRUdhaGlsbktoYmxUZ3poU0piVXhWVFQwUzZoSWkxM2wwSUI2M1JaQ2RKRUZlbmxHNjBzcEk3cU1vdTdmVUpJVlJaNktHa1pIWQ?oc=5,Reuters,1 Oct 2026,,no,,,,no,yes,1,14
Egypt,Governance,The October 7 warnings threatening Netanyahu’s Israeli election campaign,https://news.google.com/rss/articles/CBMisAFBVV95cUxQaC01TGtJRzU4RW96LWV5czhDM3lQRV9Zc2ZRZHhacHJIT1o4UnctOVhwQlczMzlWN2dXVmp2ZXpQSi1jX2VpMTdTTG1zUVZZNWt6bHZrYmhlLTk2Sk5zeWgwNjgtZUhha3JORFg0YU5FSFBZak0ybzN4UG84UVFnUkx3YW9aRlNOcFRLd29SeFNaa0N3bUtXbjFwTVNYaWlaRDI5MGRiWFpIdmZndm1wSNIBtgFBVV95cUxNYmUyU0xGZGF4Tm5QcWZzbFJHaU14UFBWeGVpQ29ybnVhNEs4MmJJX0Qzc2psYXozd2VIU0lJSUJLRkpWREJYUEw1akZKODNmLWQySkRBcUJGNlpXSW1HSzUtUXYtQTJpMy1sQ0xraGZtLWhOSEt3TTQzTGt6ajJfYjNKS1dROER2d0tDd2MwVWNPV1F4MGZJUGRIUE9TZ1M2ZVhEODNNbWFjWGNlTUdnMjhIaG13dw?oc=5,Al Jazeera,30 Sep 2026,,no,,,,no,yes,2,6
Egypt,Governance,"Egypt, UN envoy discuss Libya's political roadmap, elections",https://www.trtworld.com:443/article/db6dc10f30da,TRT World,30 Sep 2026,,no,,,,no,no,3,5
Egypt,Governance,Global Call for the Release of Entire Newsroom at Egyptian Investigative Journalism Platform Matsadaash,https://kennedyhumanrights.org/our-voices/global-call-for-the-release-of-entire-newsroom-at-egyptian-investigative-journalism-platform-matsadaash/,Robert & Ethel Kennedy Human Rights Center,1 Oct 2026,,no,,,,no,no,4,4
Egypt,Agrifood & Climate,"Scorpions sting and hospitalize hundreds in Egypt, roused by freak storm",https://www.pressdemocrat.com/1969/12/31/scorpions-sting-and-hospitalize-hundreds-in-egypt-roused-by-freak-storm/,The Press Democrat,4 Oct 2026,,no,"Aswan, Egypt, is one of the world’s driest cities, where it hardly ever rains. Situated along the Nile River and home to more than 1.5 million people, it averages just 0.12 inches (3 millimeters) of rain per year.","But on Friday and Saturday, intense thunderstorms and even hail deluged the desert city and parts of the surrounding region. The Associated Press reported that the torrents caused flooding and power outages, closed schools and left three people dead.","The rains also unleashed something especially sinister: hordes of highly venomous scorpions whose stings hospitalized 503 people, according to Ehab Hanafy, undersecretary of the Health Ministry in Aswan.",yes,no,0,10
Egypt,Agrifood & Climate,How a Simple Sowing Trick Boosts Forage Yields on Egypt’s Salty Coastal Farms,https://bioengineer.org/how-a-simple-sowing-trick-boosts-forage-yields-on-egypts-salty-coastal-farms/,Bioengineer.org,5 Oct 2026,,no,,,,no,no,1,7
Egypt,Agrifood & Climate,"Egypt, Equatorial Guinea ink memoranda of understanding in agriculture, culture, tourism, fish farming",https://www.egypttoday.com/Article/1/149860/Egypt-Equatorial-Guinea-ink-memoranda-of-understanding-in-agriculture-culture,Egypt Today,4 Oct 2026,,no,"CAIRO – 4 October 2026: A number of memoranda of understanding were signed between Egypt and Equatorial Guinea in the fields of agriculture, culture, tourism, and fish farming.","The signing ceremony was held during the first session of the joint committee between Egypt and Equatorial Guinea, on the sidelines of the El-Alamein Africa Forum on Saturday, October 3. The ceremony was headed by Dr. Badr Abdelatty, Minister of Foreign Affairs, International Cooperation, and Egyptians Abroad, and on behalf of Equatorial Guinea, Mr. Simeon Esonu, Minister of Foreign Affairs.","Minister Abdelatty praised the depth of relations between the two countries and their shared commitment to strengthening bilateral ties across various fields, particularly economic and investment cooperation, expanding trade, and creating opportunities for Egyptian companies to contribute to the implementation of priority development projects in Equatorial Guinea, especially in infrastructure, construction, housing, energy, pharmaceuticals, and fisheries.",yes,no,2,8
Egypt,Agrifood & Climate,"Madbouly reviews sugarcane farmers’ dues, strategic commodity procurement prices",https://www.dailynewsegypt.com/2026/10/04/madbouly-reviews-sugarcane-farmers-dues-strategic-commodity-procurement-prices/,Dailynewsegypt,4 Oct 2026,,no,,,,no,no,3,5
Egypt,Agrifood & Climate,Egypt Signs Cooperation Agreements With Three African Countries,https://cairoscene.com/News/Egypt-Signs-Cooperation-Agreements-With-Three-African-Countries,CairoScene,4 Oct 2026,,no,"Agreements with South Africa, Equatorial Guinea and Chad cover joint coordination, agriculture, tourism, aquaculture and pharmaceuticals.","Egypt signed a series of cooperation agreements with South Africa, Equatorial Guinea and Chad during meetings held on the sidelines of the Alamein Africa Forum in New Alamein, covering areas including investment, agriculture, tourism, aquaculture and pharmaceuticals.","Foreign Minister Badr Abdelatty and South African Minister of International Relations and Cooperation Ronald Lamola signed an agreement establishing a high joint committee to oversee political, economic, trade, investment and development cooperation. The two sides also agreed to hold the first session of their joint business council during Abdelatty’s forthcoming visit to South Africa, while discussions covered Sudan, the Horn of Africa, Palestine, Libya, the Sahel and continued coordination within BRICS.",yes,no,4,6
Egypt,Workforce & Human Capital,Gazan teacher builds free school in Egypt for children displaced by war,https://news.google.com/rss/articles/CBMitwFBVV95cUxOYmtORzJNZno0WlpmU3lhT2IySXVCR3R3ZmZ2LTVzM185QVFJbXBTWU9INGdPT2RMakU2dXI1TU5ENVNtYlk2NDBVQklGa1Q3aW1lWjdQUDh5ZlhLdWRZWFM5U3IxaWtUc1ZUS2NRMEcwTElLVHJiMEdtUF8tQ0JPSHE0ZTBJbV83bWJ0MzZ4THBSNG00WTR2TUY4UjhIZ1A3bnhnNUpJMlRFTW9TUTB6RUV1S0stT0U?oc=5,Arab News,4 Oct 2026,,no,,,,no,yes,0,8
Egypt,Workforce & Human Capital,"In Egypt's Sinai, Gazan builds school for children displaced by war",https://www.al-monitor.com/originals/2026/10/egypts-sinai-gazan-builds-school-children-displaced-war,al-monitor.com,4 Oct 2026,,no,,,,no,no,1,7
Egypt,Workforce & Human Capital,Egypt launches school health campaign targeting 7 million students across 21 governorates,https://www.dailynewsegypt.com/2026/10/04/egypt-launches-school-health-campaign-targeting-7-million-students-across-21-governorates/,Dailynewsegypt,4 Oct 2026,,no,,,,no,no,2,6
Egypt,Workforce & Human Capital,ASU celebrates first dual-degree graduates from partner university in Egypt,https://news.asu.edu/20260929-local-national-and-global-affairs-asu-first-dual-degree-grads-partner-university-egypt,news.asu.edu,29 Sep 2026,,no,,,,no,no,3,5
Egypt,Workforce & Human Capital,Mike Hammond Auction/Realty wins Grand Marshall Award at Little Egypt Festival Parade,https://news.google.com/rss/articles/CBMiyAFBVV95cUxQbDV6ZHJsb2JQQm05dGZ4ZnV4NXZ0a2NjMXFUZ3hiblFTeGZxdTFYcHQ2clFvd1VSVF9xb0E1MHhKdS1paGJLQlRodmhDRGxFdmQ0dGpuNWhjYXJwckpQOE1MUnlvR0x3SUx0VVVpNWNyQmNMODdLU3h4LUFwenViNzJnTnhaZnV3OU45VlpodWU5Q3E2eE5EQjRROXViYWx0c2VLaDhuZUp3c0dGamQwQzZBd0U4ZlZud2NXVFZRWW1WOE4tYnNBRQ?oc=5,southernillinoisnow.com,4 Oct 2026,,no,,,,no,yes,4,4
Gambia,Jobs & Employment,What the Numbers Make Possible: Adama Danso’s Journey Beyond Finance,https://news.google.com/rss/articles/CBMinwFBVV95cUxOZTh1ZzhndXFsREVYWFBLcml2bXZvMmdLYng3dzNQT1ZQNGl3T1BwcEs0VnJaTW93UnZkOGFUcFRhYS1qcjZfcEtsZUdvUm51bjBLUkJzZldiRGdoZWw3T3pwM3VRS1NKLW1jX2lFS1RNMFFrMHN0NzFqcDRZLVpRM21YTnVCT1ZWRVJ0VUFyZ01jWDhvNmVWZkJ4OXBWenc?oc=5,United Nations Development Programme,30 Sep 2026,,no,,,,no,yes,0,8
Gambia,Jobs & Employment,ZAWYA: ITC and Access Bank team up to unlock Africa’s SME growth,https://news.google.com/rss/articles/CBMi1gFBVV95cUxOZVpCck1CdnozSmtHb0FiUGVOZ0ZGOEx0LUF0WkF1Z21IWDJCN2xDckJkcExDWGg5WE5fNGN0ckNkM0FpMGlUNWZkcEJfd29sQWxWd1d2UVJDM3V2Vm5IMzF4MWU5blpkdll6c3hXRV9FX213T2VVUFhxZXN2X1FLRnJFYlVlQkRSQ2NVcEJXTEVxejRod2pmODFNaTN3cGt6NjBTTk9Tc3JUNVZNN1U2dU1fbGV2VUpSQWF3aDg4aDZEa0ZtMFQyak82MlZ3WGRaUGJrLWhB?oc=5,TradingView,29 Sep 2026,,no,,,,no,yes,1,7
Gambia,Jobs & Employment,Disturbing Signals from The Gambia,https://www.thisdaylive.com/2026/10/04/disturbing-signals-from-the-gambia/,THISDAYLIVE,4 Oct 2026,,no,"Something is brewing in The Gambia, our fellow West African country. Ordinarily, it looks like a simple, routine banking regulation exercise which should not worry any observer, but I fear there may be more to it — and Nigerians may be at the receiving end yet again. I hope I am proved wrong at the end of the day, but I want to raise my voice and draw the attention of the Nigerian authorities to it before whispers turn into shouts and push comes to shove. We must remember that for years, Nigerian immigrants suffered resentment in South Africa until the xenophobic attacks exploded. Also, Ghana has been hurting the interests of Nigerian businesses while, at the same time, smiling with us.","On September 16, 2026, the Central Bank of The Gambia (CBG) sent a letter titled “Directive on the Recruitment of Non-Gambian Staff” to the MDs of all banks. It was signed by the second deputy governor, Dr Paul J. Mendy, who, I understand, was trained by the Central Bank of Nigeria (CBN). It followed a meeting with bank chiefs on August 27, 2026, which, I heard, ended abruptly and resulted in the directive. The CBG, in its directive, said its industry study found that banks employ “a relatively high number of non-Gambians… in addition to recognised expatriate staff”. It said this breaches the Labour Act 2023 and Guideline 9 of its Management and Technical Services Agreement Guidelines.","All banks are to replace their existing non-Gambian staff with “suitably qualified Gambian nationals”. The deadline is December 31, 2026 — about 15 weeks after the letter was issued. This has been well reported. The directive is addressed to all lenders, but Nigerian banks have a large share of the Gambian market and may be disproportionately affected. So you know, there are 11 banks in The Gambia and four are subsidiaries of Nigerian banking groups: Access Bank, FirstBank, Guaranty Trust Bank and one other. Two of them are among their biggest banks. The CBN has now written to the Nigerian parent banks asking for “a detailed action plan and timeline for achieving compliance”.",yes,no,2,8
Gambia,Jobs & Employment,"GANDIOL awards $11,000 micro-business grants to 11 entrepreneurs",https://thepoint.gm/africa/gambia/national-news/gandiol-awards-11000-micro-business-grants-to-11-entrepreneurs,The Point Newspaper,1 Oct 2026,,no,"The Gambian Alliance for National Development, Integrity, Order and Leadership (GANDIOL) has awarded a total of US$11,000 in micro-business grants to 11 entrepreneurs in the Greater Banjul Area as part of its efforts to promote entrepreneurship and strengthen grassroots economic development.","Each of the 11 beneficiaries received financial support to help establish, expand or strengthen their businesses, with the initiative targeting small-scale entrepreneurs who require seed capital to grow their ventures.","The grant initiative was officially inaugurated on Tuesday at the Gambia Chamber of Commerce and Industry (GCCI) , bringing together representatives of GANDIOL, business leaders, entrepreneurs and other stakeholders from the private sector.",yes,no,3,7
Gambia,Jobs & Employment,ASI Commemorates International Day of Older Persons,https://www.voicegambia.com/asi-commemorates-international-day-of-older-persons/,voicegambia.com,1 Oct 2026,,no,,,,no,no,4,4
Gambia,Macroeconomy,Top 10 Central Bank Interest Rates in Africa in 2026,https://news.google.com/rss/articles/CBMijgFBVV95cUxPOTZKRlBwYU56Q2RxVG81WWRERExCQWEzOEp6TWFWczMtOVV6Q3U4Ykc2NDREa2R5YWFCZU9wX05WUzJ4anM4SkV5ekFzMWtrYVBTNlJIcTA2bzR1QlNjdlQ5N2hnU2Q1Qkx3VHZmajNmLUhGT3BtQWExTzhfTm5MTEs4S3o2YkJyaDg5UHR3?oc=5,africanexponent.com,4 Oct 2026,,no,,,,no,yes,0,8
Gambia,Macroeconomy,Debt servicing to hit D16B in 2027 as gov’t faces rising interest bill,https://thepoint.gm/africa/gambia/headlines/debt-servicing-to-hit-d16b-in-2027-as-govt-faces-rising-interest-bill,The Point Newspaper,1 Oct 2026,,no,"According to the minister, total public debt servicing, including amortisation, is expected to increase by 20.2 percent from D13.46 billion in 2026 to D16.17 billion in 2027.","The increase will be driven mainly by higher interest payments on domestic debt, which are projected to rise by 34 percent.","“Debt service remains a challenge,” Mr Keita told lawmakers.",yes,no,2,8
Gambia,Macroeconomy,Fuel price hike could push up transport fares and inflation — climate analyst,https://news.google.com/rss/articles/CBMiogFBVV95cUxNSW4wci1nS2JWVWNwVHpfendIS1JUTHJpQmU0cHh4aEdsQmp1cHNVRi1FYlVnd3NDcmVjX09pMjA4RHpWZTdkX1lhYjFSazE1bFhwMjFtLWxvM281c1lhSmt1dXZlR0ZKVFp5Y1ZlX3k4T1R6WDJpMzY3VjhOQkdKSEsxQjEyZWpXUlpWODUzTzRjcVlvelRVbXdUcVJwLU1qU0E?oc=5,Asaase Radio,30 Sep 2026,,no,,,,no,yes,3,5
Gambia,Macroeconomy,"Finance Minister Tables 2027 Budget Estimates, D16.17Billion Goes Into Debt Servicing",https://news.google.com/rss/articles/CBMiswFBVV95cUxNdGk3S0lRWHpFZFV4Z2xpaWhnaXBPUTlVTE9vVTZ6X3NSWkZQcFhzcWNhb19IV3NIeGpDXzIycXhScGFUSTJvV3pvQy1KVmFpYWllR1FsQWFRc0pKVW1ickZjVjB4bFktLTdjaldHbE5YVFhSaXFuQ2tIT0tyaTdGMDBCVG5kWUZfb0o4TGE4eGdWZUJJVjFZeWhkVUl3bUFxM1FWZDFBMW1WZ0ZFbmhTV3VzWdIBswFBVV95cUxNdGk3S0lRWHpFZFV4Z2xpaWhnaXBPUTlVTE9vVTZ6X3NSWkZQcFhzcWNhb19IV3NIeGpDXzIycXhScGFUSTJvV3pvQy1KVmFpYWllR1FsQWFRc0pKVW1ickZjVjB4bFktLTdjaldHbE5YVFhSaXFuQ2tIT0tyaTdGMDBCVG5kWUZfb0o4TGE4eGdWZUJJVjFZeWhkVUl3bUFxM1FWZDFBMW1WZ0ZFbmhTV3VzWQ?oc=5,voicegambia.com,28 Sep 2026,,no,,,,no,yes,4,4
Gambia,Macroeconomy,Ghana stunned by The Gambia in AFCON 2027 qualifier,https://news.google.com/rss/articles/CBMixgFBVV95cUxNZktOZDBjQUxyaUdFbFIzdGZUM0xDQnFmQXlpT1Rwb3VmdHBLekp2R1d5WTBVd3NfV1lpb1lBM2c0bWZfUVF2UU5XTklSUkNvZVdVSGRsRGRPSThzd0pBUEJnQ2k1Q0hFeGJCdnJ4a3BZMDhhdWtaYlZsZERlNXEzT25fa3JXTDItbURjRmcxcHlSVXNwUDNwSGhmbGxBVGxUTW9BdVJWRl9kM0xXTV9NdEJsTU1mNFExeWV5TndqU3FyVFF5Wnc?oc=5,TribalFootball,29 Sep 2026,,no,,,,no,yes,5,3
Gambia,Digital Economy,ZAWYA: British banks’ exit from Africa fuels 31 mergers in Comesa bloc,https://news.google.com/rss/articles/CBMi3AFBVV95cUxPdjZrbEFDNzRMaEZLS0toZkJ4OU5EUVBoVXRMc2RkajRvY0ZVSlRLY1RLS1pYbVp0Vzd6djF1d29PbzI4NVdIcjduUVZLRDQtaUhnMWpSay1OYm9nUmNxSXdVRkd0ZFJxS0M2LTd0VEFJQzB4UWJSZlJBUHpSQUxzQnlYRUhjeUtBMG53M1ZWOXVST1Q2OWdXM3N5ZHdiX3F5YzlURlZsbWZzVWdQOGdEUmxYelhlYWNiOHdSUkVvQzM2dVdmNGFuRVlGVTNsaXFsdDloeUFZVW5qWFdR?oc=5,TradingView,2 Oct 2026,,no,,,,no,yes,0,8
Gambia,Digital Economy,Gov’t Holds Forum On Digital Duty Waiver System,https://www.voicegambia.com/govt-holds-forum-on-digital-duty-waiver-system/,voicegambia.com,30 Sep 2026,,no,,,,no,no,1,7
Gambia,Digital Economy,Guinea-Bissau Embassy observes 53rd Independence Anniversary in Gambia,https://thepoint.gm/africa/gambia/headlines/guinea-bissau-embassy-observes-53rd-independence-anniversary-in-gambia,The Point Newspaper,2 Oct 2026,,no,"A statement on the occasion of the 53rd Anniversary of the Independence of the Republic of Guinea-Bissau delivered by Hon. Lamin Jabbi Esq., Minister of Communications and Digital Economy overseeing the Ministry of Foreign Affairs, International Cooperation and Gambians Abroad of the Republic of The Gambia on 29 September 2026 reads:","Ambassador of the Republic of Guinea-Bissau to the Republic of The Gambia,","Excellencies and Members of the Diplomatic and Consular Corps,",yes,no,2,8
Gambia,Digital Economy,OPay Dismisses Reports of Stopping Phone Numbers as Account Numbers,https://news.google.com/rss/articles/CBMiuwFBVV95cUxQX2R3b1Z2UTNXWlozWk5ZTXVOZkRUSlFhcWR2SGZ0NWE2aV8zQkNuUXZYUjNJQ0w3R1VhVGc3ckhmMjJZdHAtc3NsdjUyR3Z3aDZMcHRQWGx6eDVjWXE5VnVuZDVYVlVZNXA2eTVkMlpxd2ZtSXJBTE1IRGpfZzBzbElpc2dtRlA1Q1phM05aZnpCZGpqRTdMQ2JWLWM3YndGS0IzZXRsZWtRR3NDcVQ4cy1zS051N2VsZkxj?oc=5,Nigeria Communications Week,28 Sep 2026,,no,,,,no,yes,3,5
Gambia,Digital Economy,MTN MoMo launches remittance service in Nigeria,https://www.connectingafrica.com/fintech/mtn-momo-launches-remittance-service-in-nigeria,Connecting Africa,30 Oct 2024,,no,"MTN Nigeria's fintech business, MoMo PSB, has introduced its new outbound and inbound remittance service, allowing customers in Nigeria to transfer money to 13 different African nations.","This service will allow Nigerian users to transfer money directly to Benin, Cameroon, Congo Brazzaville, Côte d'Ivoire, The Democratic Republic of Congo (DRC), The Gambia, Liberia, Malawi, Rwanda, Sierra Leone, Togo, Uganda, and Zambia.","Furthermore, Nigerian users can also receive money from six African countries including South Africa, Rwanda, Uganda, Zambia, DRC, and Mauritius.",yes,no,4,6
Gambia,Governance,"The Gambia - Coup, Election, Constitution",https://news.google.com/rss/articles/CBMiowFBVV95cUxQdUo4aXk0LUZ6amxPWWgyRU9FNXcwaldzTXktb1ZSRlpoVW13V0hYWUFzUkdoV2lRMDdxUDN4VTNqSE5DRk8wU2hvRE1DM2tGUDlxT1lsb01HUUM0ZWZ4c2t1aXotWjVSQ0Fwc1BTM3AyVEdIOFFVX2RhSGNMMXhkc0V0VnhFaDdnNDRRQVp5clVwQ0pYal9scnVEQnBSelZKYnhr?oc=5,Britannica,2 Oct 2026,,no,,,,no,yes,0,8
Gambia,Governance,"Working Visit by His Excellency Oluwatosin Anthony Ogunjimie, Vice-President of the Economic Community of West African States (ECOWAS) Commission, to the Gambia",https://news.google.com/rss/articles/CBMijwJBVV95cUxNX0JwQ2s3cWYydVl1dGhnb2tzZmJQcUtiMERhMXdTV3dfRDRiTXpDY2RweEkzdGRsZmN0empuTnpsTEZLSFZ2N3FZTXVteVdHWXFreVNsT19xdmxvRndzbndoeDBaTEZsS3F6cHdIT3VNTVFXWUhTaHpFaFk2TW03R1RJOFBodDZXbmFvT25IcDdSbEFVaE5GYXlMNFpSSGhuanZFN21QVElaYlh6VllMWXlmZ3ozaHFRZjRnZ08yeUhjZHJsdnU1STU1MDM1RUtsOE1HdEFJakRUNTlHMUE1Y1YyQVpuUHlONVhOT3NILXQ0V21PRDhmYU9YY0hFVTNPbVpadUhNbVB4TF84c2lj?oc=5,Africa.com,1 Oct 2026,,no,,,,no,yes,1,7
Gambia,Governance,Gambia Armed Forces Air Wing,https://migflug.com/es/buscar/gambia+armed+forces+air+wing/,MiGFlug,1 Oct 2026,,no,,,,no,no,2,6
Gambia,Governance,"ECOWAS Commission Vice-President visits The Gambia to advance regional peace, security",https://news.google.com/rss/articles/CBMinAFBVV95cUxOUEE3SUc4Q0hqZi11UXdiZVFoZlZDYkQzVXhUVFBPbENXZ2ZRRXl4LU50WGtqUDViREJDOGVFb2VmTlQxUmVSOWowZ21XWDJrRGhQd2ZIdk5lTFY2QmFSVkppTUdTQVAwSFItRXFDNnBkczZXUXRQVF9leE44N2NmanhaU0RNZmhWd3VKNWQ0a1NIZGl3VzN5SzhGMDLSAZsBQVVfeXFMTnhZY1ZNVUVVMXZ6RmRkZU5nNUQ0U0Q1c1c3WllHVDByQ1pwVUFTMVBBb2oxWGpnVnJDM3hPNVhybDVvLUo1dTVKUUl6c3VEQllzcW10QWZwT3pJM0R1blJBdDlnN3lMTXNWM1RkZ1J2elZXSzZlSmp2dXRsaDF1YmtFNGprYzNQakxLOGJoM0Y3YTVZajgycHBleWc?oc=5,Modern Ghana,1 Oct 2026,,no,,,,no,yes,3,5
Gambia,Governance,Dubawa Elections Fact-Checking and Verification Training Program – Gambia,https://news.google.com/rss/articles/CBMitAFBVV95cUxPN0liUHJ3VGtlNC1Id1htVWt5ZjJVbmQ4UmFwV3FlOF9GeF9IUm40YWZ2dTh6M3hwa1VmcEQ4TkItaFpNQWtQRER4ZzBUSllNazdOeW16RktOVXVyWEhFWVMzcmprWVhLMVVhV3pjUWVzeHZnajVOOW1OUEZ4U1ZQc2tyWWhfX2JsdnM0UHFOaWRyWk1lWm15cHhUZE5CMlU4N19IeVo1VXZXd2lZTkd4eGRrSEfSAboBQVVfeXFMTTNGT1VTVjgzbktIeTZIQS1yWENWcnY5ZVhJU1J4NndNT1ZIaWpjSW9oU0ktd0lCY0F5QzZKMWt5ZmxZWnBPODFhZWhKTzJuaHFyT2RBWm9fNVpoQ09fT3ZFcFBkS1JDQmtRMk96Y1lMU01KLU1sbFJjVEJtTE9la2Q1aWF2YzVwbnZyOEtaeTFsM19IRVNFRGVTdDlGOUNjWE5uNkRIdUF4bGtQSlhlNjAtYUFRc3JON2VB?oc=5,fundsforNGOs,29 Sep 2026,,no,,,,no,yes,4,11
Gambia,Agrifood & Climate,"The Gambia - Population, Migration, Urbanization",https://news.google.com/rss/articles/CBMib0FVX3lxTE9tbFNSLWJJX2cyLTNOc1Rzc3BfSGc4bTVCMXU4TjZQV3BWdi11QUhpOThERy02bnVMd2pzNnBfZUlDamtOczhyWDBqTTI5VUFVQmRQZWlBaXVVeVdGSnI1dFF2TzRvdldfQ1FqUTJJaw?oc=5,Britannica,2 Oct 2026,,no,,,,no,yes,0,8
Gambia,Agrifood & Climate,When the Rains Came: Helping Fatou Rebuild After the Flood in The Gambia,https://news.google.com/rss/articles/CBMimAFBVV95cUxOekdvc1ZNbWhrR3JmdGtpZ2hnQXI5NVpyOUI5dnNfSTdfeHJKMzJHeGNSandRLUhON1h3QlpVVnk1ZWNMWnBZR0taZ2gzbVJOazZYSWlZRXZXcTZuYmpxRTcyQ1RHREY5TnV5c0F6bFlta0JROGlXOVROc1daMEg3RWEwX3FEWlJPc2tTRk45Z3dWM0lXZ1QtRQ?oc=5,crs.org,3 Oct 2026,,no,,,,no,yes,1,7
Gambia,Agrifood & Climate,"‘Wars Must Have Limits’, Third Committee Told, as Delegates Warn of Poverty, Climate Pressures, Threats to Human Rights",https://news.google.com/rss/articles/CBMiWkFVX3lxTFBUdWVPVmRGekZGSEE0T3lJU2E0RTgyOGJTbUZRenFTaHpjWGxFbENKaFRuakFHZjRLTkk4RDA2U1hzMnFEeUhkWDBzLTYxRW1iYnNQZVhsdm9KQQ?oc=5,UN Meetings Coverage and Press Releases,2 Oct 2026,,no,,,,no,yes,2,6
Gambia,Agrifood & Climate,Op-ed: Russia’s war on Ukraine threatens Gambia’s food security,https://thepoint.gm/africa/gambia/opinion/op-ed-russias-war-on-ukraine-threatens-gambias-food-security,The Point Newspaper,30 Sep 2026,,no,"For many, the war in Ukraine may appear as a remote conflict with little repercussions in countries like The Gambia. Unfortunately, this devastating conflict also affects the daily life of Gambians as regards food prices, transport costs and household’s budgets altogether. Since much of what people consume is imported, disruptions in global trade impact how much food families can afford.","For The Gambia, wheat prices, shipping rates, insurance costs, fuel costs and fertiliser prices all influence what Gambian importers, wholesalers and consumers ultimately pay. For a small import-dependent economy with a narrow fiscal cushion, market volatility is itself a problem. Moreover, since the beginning of Russia’s full-scale invasion, food imports from Ukraine to The Gambia have reduced by 50%.","Russia systematically strangles Ukraine’s ability to feed the world. By targeting ports, shipping lanes, and agricultural infrastructure, Russia is not just waging a war on Ukraine — it is weaponising hunger — against millions in Africa, Asia, and the Middle East. With 7.8% of the global population already facing hunger and 29% of Gambians being food insecure, this assault on trade routes risks tipping more vulnerable world regions into famine.",yes,no,3,7
Gambia,Agrifood & Climate,Sports - Nations League: Zidane returns to face Italy and the Stade de France,https://news.google.com/rss/articles/CBMivAFBVV95cUxQNnpQaGY5X3pER0xpRkJRRDRSWnpZdFkyQ2lqempHVE9qaWJuUHdienVkQXYyXzBMUEtmcFRMYms0TTF2akJlU1RZR0VPTWhDTE1Dd2lCMUtQQnVKRE9KUm9ETVFidkpmeC1EdzBIdllnamhQbTRRZ2x3dnhlRHpwaERLVHo1Z3FKOVBNY1JDWEtMZkkxYnJQYWRGS19TMlFzRFctREh6c0NvWWlOUW8yZFVwQ3J0bF9SVVRtTQ?oc=5,France 24,2 Oct 2026,,no,,,,no,yes,4,4
Gambia,Workforce & Human Capital,Gambia Expands Use Of National Languages In Early Education,https://news.google.com/rss/articles/CBMikgFBVV95cUxQOGxMOU5Sbk5lc19RWlJKcXhhSlU3Z2VRdjFTWmljbkVzUzF6VVF6ZnBQZkxlQWRGNlpvMnpMaHpwWEJCM29DcTRqTmNWVDkzMEZVRFJYaU1KMjkyWHF5TDZvWG5aTGNLZkQ0b2drVUZaZTB0ZVk1QkdFMjV3bmVtUG1SbnlCUEJpRDk5UWF6WVk5UdIBkgFBVV95cUxQOGxMOU5Sbk5lc19RWlJKcXhhSlU3Z2VRdjFTWmljbkVzUzF6VVF6ZnBQZkxlQWRGNlpvMnpMaHpwWEJCM29DcTRqTmNWVDkzMEZVRFJYaU1KMjkyWHF5TDZvWG5aTGNLZkQ0b2drVUZaZTB0ZVk1QkdFMjV3bmVtUG1SbnlCUEJpRDk5UWF6WVk5UQ?oc=5,voicegambia.com,1 Oct 2026,,no,,,,no,yes,1,7
Gambia,Workforce & Human Capital,Queiroz exits Ghana as Black Stars crisis deepens,https://news.google.com/rss/articles/CBMigAFBVV95cUxQcWROV0xtVkRiU0tfNjVTMWxJckpNYklrdmNhTFNhZHhIb1dBcXYwS0tkNUFpa3dxaGhlM0lBN0FnOV9SU0JKLU9HVGVHTjd1c1lUemNtY1Jwc19rZFBxMWFvRWZSMVk4aGk5TE01Z1RheFRoYVRadEpCWHJJRUxBMA?oc=5,eNCA,1 Oct 2026,,no,,,,no,yes,2,6
Gambia,Workforce & Human Capital,"GID, Frontex launch 3-day tactical emergency casualty care training",https://news.google.com/rss/articles/CBMitAFBVV95cUxPaFdmOXM5VFdCNGU0Zmx1cXlpYlA4VUk0bzkzU2NwUEoyVHZMY3lfSHNHMnNiMG1RMEdQbkVKajl4ZEVyam5vVUhYc1BKXzlpaGJWd0xsTDNrSXJzR3p6SXZtZ0MtQWpac3N1eGFuZFh4NlV5aEFOeXNLWndVOTJKcWluR0J1MHVLbVpobUNoRnlUVTFib3laQy1JSVVjdHZnMkd5d2tzTFdNamR3dlhuTXZTOUg?oc=5,The Point Newspaper,2 Oct 2026,,no,,,,no,yes,3,5
Gambia,Workforce & Human Capital,Ghana XI vs Gambia: Predicted lineup and confirmed team news,https://news.google.com/rss/articles/CBMi2AFBVV95cUxQams3Sk81bklYZzJ2VEVoSjVrNURnWlF0ekpFWGhoaXNTeGdDalFBMXdvUnhLZlRlakNTR19YV2tKemk0b2lzTTU2bC14NG9Od3hGemtybk5MUV9vWDZYZE5pcFNJREdwQnluR1pkVERjYkN3YUpIVWM0anI4UlRZY3duaGVFMVJRRWpQQ3VINlk1bGhUNFY0REtxVXlVLVl0UmN2ODdzdHZIU0RqSmZ2ek4tM2Qzc2g2dDJLVmtSSVktRU5DWWd5MW9Hc01kekRQZDhBaEtYM2Q?oc=5,London Evening Standard,30 Sep 2026,,no,,,,no,yes,4,4
Gambia,Workforce & Human Capital,"CAN 2027: Alexander Djiku ruled out, Ghana must respond against Gambia",https://news.google.com/rss/articles/CBMimgFBVV95cUxNMU5nc3N3dzY1aGZlTjU0dWlPMlQ0aHRPendSTzRpWC1ORUpubmVJbnhsYnlfSHJMSUU4dm9pVVI0b1pYdWl2UXpoemRyeHFSTmtHdEtPaloyeHN5dWp1RTZxdWoxVUJRWlZ1cXQ4RFRUR0w2SE9xR0lWRjV3eExxTlJidktGRVNvQ3NBRXA3ZlFWNlF5RnVla3VR?oc=5,Benin Web TV,28 Sep 2026,,no,,,,no,yes,6,3
Lesotho,Jobs & Employment,Independence and decolonization in Southern Africa,https://news.google.com/rss/articles/CBMioAFBVV95cUxQNTJsQzY0ak5Hd0FlSTZ0NUhxbXZRbnJMdjMyUnRHRjhnVUU3S3hNU3dOTG1keUwxdmZiVW9jYnoybTZCa2YyZFBfd2R0aHg0SjNkSFg4WGtsSTV0ZmdZbEh0cWs4MVFjdkNkM1B5RUR5OFpBelBCa0tDZm5mTXA3WUhJbzF5M1FZMnJvSktXNGdjcThBNjFoWmo3dTFoZFlF?oc=5,Britannica,2 Oct 2026,,no,,,,no,yes,0,8
Lesotho,Jobs & Employment,Lesotho MSMEs equipped to turn AfCFTA market opportunities into sustainable trade,https://www.uneca.org/stories/lesotho-msmes-equipped-to-turn-afcfta-market-opportunities-into-sustainable-trade,United Nations Economic Commission for Africa,29 Sep 2026,,no,,,,no,no,1,7
Lesotho,Jobs & Employment,Lesotho trade union leaders strengthened capacity to advance social dialogue,https://news.google.com/rss/articles/CBMirwFBVV95cUxNSnZiTUFqMnhNNjRLX2J5akdnWlFFMUZra2xxVU1pRUZ6amdFSHJSbWM4aWlBZTE4aWpWZHJuZTgyRFZwbkpKYTJQM25DYnJCRUg4Sl9GUXFfcWhPS3ZLeTljYWx0T0doTlR0QkRPQlJuQXdPQlVPWEFESjBzWTBiSmdVNzhoeU03OXIwaks0akJzZHZIb2FFY1AzR3BmaVFoUmpNSkpWUk5OUVQwVjVJ?oc=5,International Labour Organization,30 Sep 2026,,no,,,,no,yes,2,6
Lesotho,Jobs & Employment,| South Africa's textile & apparel imports down 5.5% in Jan-Aug,https://www.fibre2fashion.com/news/prime-content/textile-news/south-africa-s-textile-apparel-imports-down-5-5-in-jan-aug-313909-newsdetails.htm,Fibre2Fashion,3 Oct 2026,,no,"South Africa’s imports of textiles and textile articles (HS Chapters * * - * * ) reached * * , * * * . * million rand (~$ * , * * * . * * million) in January-August * * * * , down * . * per cent year on year (YoY), according to preliminary data from the South African Revenue Service (SARS). The figures include trade with Botswana, Eswatini, Lesotho, and Namibia (BELN).","In the corresponding period of * * * * , imports totalled * * , * * * . * million rand (~$ * , * * * . * * million). South Africa remains structurally dependent on imported textiles and apparel, sourcing heavily from low-cost Asian supply chains, particularly China, India, Bangladesh, Pakistan, and Vietnam.","Meanwhile, exports of textiles and related articles remained almost steady at * * , * * * . * million rand (~$ * * * . * * million) in the first eight months of * * * * , against * * , * * * . * million rand (~$ * * * . * * million), a year earlier.",yes,no,3,7
Lesotho,Jobs & Employment,"Botswana, Lesotho Mark 60 Years Independence",https://www.zawya.com/en/,zawya.com,1 Oct 2026,,no,,,,no,no,4,4
Lesotho,Macroeconomy,"Tracking the ""America First"" Bilateral Health Agreements",https://www.thinkglobalhealth.org/article/tracking-the-america-first-bilateral-health-agreements,Think Global Health,29 Sep 2026,,no,,,,no,no,0,8
Lesotho,Macroeconomy,Lesotho Central Bank Rises Rates to 7.0%,https://news.google.com/rss/articles/CBMilAFBVV95cUxNQXNwdEh6X0h0NktrR1R5ZFRTNjQ4M0U0d2VaTzdYajBRUVotSG1zQU1fV21va1U2aWZMemxBekpZaUVWS2dXcTUzR251bDZmNTI2aE5oQncxZkhnbnQzVTJTZlRydV9aMEt1SnZHOEd2SDNXMG42TTN5UlM2VEU0OGRqVWZZUERQLTZ4SmFvZWxSRVFB?oc=5,TradingView,29 Sep 2026,,no,,,,no,yes,1,7
Lesotho,Macroeconomy,"SKIING IN AFRICA?: Yes, in ‘mind blowing’ Lesotho",https://travelindustrytoday.com/skiing-in-africa-yes-in-mind-blowing-lesotho/,Travel Industry Today,30 Sep 2026,,no,,,,no,no,2,6
Lesotho,Macroeconomy,Prime Minister Sends Congratulations to His Counterpart in Lesotho,https://www.fananews.com/language/en/prime-minister-sends-congratulations-to-his-counterpart-in-lesotho/,Fana News -,4 Oct 2026,,no,,,,no,no,3,5
Lesotho,Macroeconomy,"Morocco vs Lesotho: When and where to watch AFCON qualifier, confirmed lineup",https://en.hespress.com/146325-morocco-vs-lesotho-when-and-where-to-watch-afcon-qualifier-confirmed-lineup.html,HESPRESS English - Morocco News,29 Sep 2026,,no,,,,no,no,4,4
Lesotho,Digital Economy,Lesotho amends draft electronic transactions act,https://www.telecompaper.com/lesotho-amends-draft-electronic-transactions-act/,Telecompaper,2 Oct 2026,,no,,,,no,no,0,8
Lesotho,Digital Economy,Lesotho revises electronic transactions bill,https://news.google.com/rss/articles/CBMilAFBVV95cUxNOUlXaTJCOEtlTDUtRVc0aEFXaEhoMzNmLWEzQ2pmcURBek9IX3pNbVhwY2Ewb2hOMTJEOXFfMXJoZGI5MkJyUEZrMGR1a096R3NCaWZqUXAzMjF0QlpKMWoyUFdYME13bFJVSHc5TUhCNFdkTzJzbEN0Y1NKVDBTNmtlUHJPZElpYjgwd3M1LXBUbmpu?oc=5,ITWeb Africa,30 Sep 2026,,no,,,,no,yes,1,7
Lesotho,Digital Economy,Lesotho Joins Commonwealth Digital Leaders At Commonwealth Telecommunications Organisation (CTO) @125,https://news.google.com/rss/articles/CBMivgFBVV95cUxOVEtvZFFySmV3VlBMdFdwYVNyT0cxSFVxNkxFNEF2cm1RX3N0anZ2eHY4Qkc1MUhKUU1TUDU2dC1kOWZaWnk1QmxzMzBxUTlSUXF1bkxsRG9LRFNzUEVQRFpSVzdSLW5VeGd2TXFlMHMyMXNxY1NvQUx3TURYd0dYMy1TYXV5Tk1GQjlncWhsS21qWk9OTmxLYThfbm5DU0EySkpxTTJ4N29zN0pJRDZVRVVKRHFKVXY0SlBhZk1R?oc=5,Africa.com,29 Sep 2026,,no,,,,no,yes,2,6
Lesotho,Digital Economy,Ookla recognises Econet as the Fastest Mobile Network in Lesotho,https://news.google.com/rss/articles/CBMivAFBVV95cUxOelJaTE40WHBJSFE3dTF4OUtuOERGOFM1MTEwcHVFc2dKaHc2aWRScGxWN2NLYUR5ZWhyOXQ3VThpZld1ZHJJVkJNYW15bmV0M3NOSFBlY2FCRzJEMmhObXZZdXNpRldtbTBBVS0zLWQtUEpUNXdmQ2RhcnpSelBMWUFDTFVLRlQ5T0xJMXRwdlMzd3RGYVk0dkM0dldKUHdaMEM2SnVwMXRYQ1dMNnQtQUg0VGtIdWJkaHJJSQ?oc=5,mybroadband.co.za,28 Sep 2026,,no,,,,no,yes,3,5
Lesotho,Digital Economy,Starlink lights up Lesotho,https://www.connectingafrica.com/connectivity/starlink-lights-up-lesotho,Connecting Africa,25 Jun 2025,,no,"Starlink, the satellite Internet service operated by Elon Musk's SpaceX, has launched in Lesotho two months after it was granted a 10-year operating license by the Lesotho Communications Authority (LCA).",The launch aligns with the mountain kingdom's broader digital transformation strategy to enhance connectivity in underserved regions.,"The launch went ahead despite protests from a local rights group Section 2, which opposed Starlink's entry into the country because of a lack of local ownership.",yes,no,4,6
Lesotho,Governance,Protesters against illegal immigration in South Africa call for more deportations,https://news.google.com/rss/articles/CBMitgFBVV95cUxNY0daaWNiNkFZZlpnMUF4M0pLbkZyVmhRYVdyVHItMEZfSWhaUG9FRDc4VUdJZHVhMW5PU0lLLXVLejViQUJhcnFzUlBseTBSbGF6R09yWTVYME5xWV9hNkZzaDRWSjlFSWZfaTVkTEFhRi1kWHItZ0Fmcm9QOHBUZVlZNUZmWEFhRjF0RDdXSy1SYm1JM3plbHpqU3c2clBRenc4cUF2amJEYzFZQmFxRVdSUFJBZ9IBuwFBVV95cUxNMjZXUEdqQ3FpTXBnYjhwUUNjWl9Lbi1rOVozSUM1S0hjSHQyTkU4b2Y2c0lWZ3NwQS0ydlJzUWtQclhSZ2Ffa3ZOVG1laGFpOFZ1RW1KZmJoUWpwZHh6MXlrcnQzcG9FUDdmV2hZUVJBOVpsOVVqbjh5OWt0M3JHNVZWMEluNkRKcjQ1Y21NTEVxVEpFSDZkXzdhMDVpUXpXRHhZMVdzQ21uMkJoZllKV3R0Q2FET2MycWF3?oc=5,"ABC News - Breaking News, Latest News and Videos",30 Sep 2026,,no,,,,no,yes,1,7
Lesotho,Governance,Political Risks In Lesotho To Remain Elevated Ahead Of 2027 Election,https://news.google.com/rss/articles/CBMixgFBVV95cUxQTEpka0pETGp2REV6WXMtYmhSWHI2bm84UEZIWVd1X2xmazZBQmFaQ2I0a3NPazkyY0FubzAxOWJVQWR1am5XdHRvaTJWNEVGeUtWRUZ6MXdWY05rdFlnLVpsaWtBZXlEdUt2THpVallKVTI1elpDcWdJeVdKN3lPbW9TSTNwa09xUHpubE5JYnZkZ2daRUNPNGtBTHZiY3pHUFAweWE0b1BmQzc0VmdieVhsV3pCLV8zVm95Y0F0dDdaRVNFVVE?oc=5,Fitch Solutions,30 Sep 2026,,no,,,,no,yes,2,6
Lesotho,Governance,Death toll in South Africa bar shooting rises to 18,https://news.google.com/rss/articles/CBMinwFBVV95cUxNeTRXRHY1RDRZRE9DN0tzWVJJZVJoeHl4azVlX1k4Qzc3cmlyMGp0SGVPeEpmZVBPaTlwQXhZVmdfYjIzcVQ1LUI2LVBSVjVJeXkwTUhGNGh2dEdpZU9Pb0duU2doN2sxQnFqcGVrUjl5Vmc0Y0xPazUwbl9DSHRXYmVVb2J3LWs1NFViSDYzSWJwQ0tqQm11OXJTTHo1THc?oc=5,France 24,28 Sep 2026,,no,,,,no,yes,3,5
Lesotho,Governance,2027 AFCON Qualifiers: Morocco Defeats Lesotho (2-0),https://news.google.com/rss/articles/CBMif0FVX3lxTE83dWtJVHpFNXc4OXJzYVhFRUVLNFc0WUFQcXJnMzQzbWFpUmI5ZHRIMWM3cVEtd3dacFZTSjFNS0doRURXcmJhTXdhazc3NjJHalN1LXNqWmV6OFhzQU94VkZraXVqZXJIUzRHaHhJYm1oQ21mNVp4ZWJFWWpCU0E?oc=5,Maroc.ma,30 Sep 2026,,no,,,,no,yes,4,4
Lesotho,Governance,Call for Applications: Micro-Projects Scheme,https://news.google.com/rss/articles/CBMikgFBVV95cUxOajk2b1gzaDBYeDJ2WmpTV2RNalZqSUV0WlQ3b3ZpQURDWFh6Rm8wd2k2al9sMnk0bXhXODdrbUtzYktPMnF1ckt5cEFCbVA4TjJ0dWJ1NnVVclc3U2JfbFRVNmlKc1JYQTlBb2l2TGhCbVBYZDRlMWpPMjlQNjRNeTNQOHhGaWhVbEQ3aE9RWU1KQdIBlwFBVV95cUxPOUQ3S3A0bG4tTjBYQTFlN1Y5UUhrdkg4VUNtRUxKM1BSZkx6clY0LVlpeGhrQnlSSUVlRkJVa2k2bDJyMUxUS3VoNC05Zm1vSjE2Z3RJZXpVM3Rzd3lVTlNTQ3Z2bW1EX29IRFRWY3hHQ1M5ellmNVRLN3Y4U0t2a0JBYy1qS1pvclBCeFdpOU5uTlQ4aHBR?oc=5,fundsforNGOs,24 Dec 2024,,no,,,,no,yes,5,3
Lesotho,Agrifood & Climate,EU funds early drought response in Lesotho as El Niño threat looms,https://www.brusselstimes.com/eu-funds-early-drought-response-in-lesotho-as-el-ni%C3%B1o-threat-looms/,The Brussels Times,2 Oct 2026,,no,,,,no,no,0,8
Lesotho,Agrifood & Climate,Lesotho: Ecosystem conservation safeguards water supplies for millions,https://news.google.com/rss/articles/CBMilgFBVV95cUxPRGlIVGNkTkxZZUhxTFNHRF96bEtIYmpXRFF6ejQzWjRMRDFodFNVX1Zad0JXdFBGaDAyWEdTZWl5cEtCM2dWaVI0TXZFVlE0Tmpua0Z5R1RyM2dob3l6N0dhQXU2MHdnRkNtcjREWVI5U3p2WWtHX29mdUxxWThpcm9SRy0wTWM2S2FCOUE2WGNfS2JCSGc?oc=5,GIZ,28 Sep 2026,,no,,,,no,yes,1,7
Lesotho,Agrifood & Climate,"The European Union (EU) Allocates €150,000 to Activate Early Action Protocol in Response to Drought Forecasts in Lesotho",https://news.google.com/rss/articles/CBMi4AFBVV95cUxPM3JtcVlCNk84TzdQLXctYVlvUmNreG9CZUU1eHU3VnVvVVdDLXBLSWczaThockxFY19YUV9zTjIzTHdxVEt1ckhBbzFtakFtZ1FUWGJac0tlaUdJNXlmUFRaZ29BT2tOTnJ4WlVsdkZTZ2ZubWpxMlVmaEtpY1M3S2l0cUoyZU9KSUNrdDF2a2tzVGdwWmhuU1gtbXJiY0hyOEV5X2NFU21Ma1VtX1dvRHk4d2hpN25aSHo5N3AxcXlCOWJkNm1VSGt3c2xSVXlSVjJDb0ZSTzUwRXVrcWFtbQ?oc=5,Africa.com,2 Oct 2026,,no,,,,no,yes,3,5
Lesotho,Agrifood & Climate,Better forecasts alone cannot save Africa’s poorest herders from drought,https://bioengineer.org/better-forecasts-alone-cannot-save-africas-poorest-herders-from-drought/,Bioengineer.org,5 Oct 2026,,no,,,,no,no,5,3
Lesotho,Agrifood & Climate,AI: Lesotho Bets on Digital Sovereignty,https://news.google.com/rss/articles/CBMihAFBVV95cUxPX2NJeUdKLUR3aEhZNXhpNlBYWFNPOUNfYXZ6c3BaWUNQNk15cGtzU2ZuQXRUYkE5SndCaXNSQWR2aExsb3RjUFFtN0hoV1AwYUdIQXBoRzdRbFNOcDJhSy1uT3drNXNuTEVFcllrQmxQalZwd09PaDhrQkVVRFFqelhrUk7SAYoBQVVfeXFMUFFLMEl3VHFpMFdXMlNvckd0WXRoVWh6UGlvZUVmU3RLdnVETmNNMkVfOG9NNkQ4ZlNVa3k2TnRmSUdQYWRJWUxGRXFTSktyLW9mZktsSS00c2FCRzZxQUUycFVBa3U2XzR1VUdkdHYxWXJRZFhXZGxOc1l0ZlRxQjJ0NVowbmlwMTNB?oc=5,Powers of Africa,28 Sep 2026,,no,,,,no,yes,6,3
Lesotho,Workforce & Human Capital,"UN Child Rights Committee publishes findings on Kazakhstan, Lesotho, Slovenia, Tajikistan, Timor-Leste, Uganda and Tanzania",https://news.google.com/rss/articles/CBMivAFBVV95cUxPeXluWjBRQXBQU2hKcWxacXNmbVRsaHFrN2h0eEtkUHJUVGtuZDhoOGlvQmVCVTJ0OUpYZ3hCdzBaS1o4eUtxelJzQUpFcTB2LVI1T2trdy02cTBkUER1bUlBLURaNldUemUwZ19fMlZpbHpub2YtQVpOUlA0cnRXMHVWblFvVl96V21GQ0JkTDF2cjVzbGEzb1FrS3hmRzJPTGpBNjAyU1V6dGJsU1pGT01lZ3ZZbk42a1MxVQ?oc=5,ohchr,1 Oct 2026,,no,,,,no,yes,0,8
Lesotho,Workforce & Human Capital,What is celebrated on October 4 in Ukraine and around the world,https://unn.ua/news,unn.ua,4 Oct 2026,,no,,,,no,no,2,6
Lesotho,Workforce & Human Capital,"Roger Federer’s foundation has helped expand early education across Southern Africa; in 2025, one South A",https://news.google.com/rss/articles/CBMi2wJBVV95cUxQZEVLRjh3ZXkzVWFIMHA3NjJNbkxyUTZHYkZPdjVtYkNUbFlHbUNmU0tVMkl0WTBNZ2hlNC1ERmJwdkhodjcydlRJaUF6Nm42aExIUDIzY25QdVlXQW9vVUkxbXloX3lEOFp2dGZhajU2ZnZ4RjBxVDRrVzZTNXFScEpPMFVLemM3YXg4STNUM1A2LV9BTGJGd3lJTDBHYVU2UTM5ZDVWd2twREtLS2huRklFSkJkeEd3NGFDclpfZ0R1MlhzZkExbXVDTm1YN2FyTkFfbjQtNDRBNmJZck5jNzBiaXMyWmdmQlV4aTUtX1pscDd1bkdENVBXWV9yQ3M5SUFaRGNKRGI2c1Z3YTBJWTlXUlIzVkNOVUVod1RxaTE1aFUwV2NCbDJ5SVpYc1c1TXB2cTJndHBvdFFJbndvajJabGVJaEpqZU9JV3BTZ19uNFBKN1djZTdsSdIB4AJBVV95cUxPWlBHZUdfS0x5VWQ0NkRWYURCTGN4emZmdjNQU3R4N1FBclNzUWg4dUNxbGFWYTQxeTdjV1pwclJtcDlHenhvSE5LbmQ1cXpPS28zY2ZWUmIwYkNEZWI3eGJMMy1BXzhtQVVERU5ETXVtQzRjclFZTTVhNTdDdXhGSTRUXzJOZm9nNVRpN0pxX3JBcHZxeUQzOVltNm9rWElfa1VoX1RvRjVZUlNGdUFlU1VJMXV2TzVBRGM1QnBKQmw0UkhndTBRZTNPeVJIY1hpRHBFalU4SDFFNEMxMm5BbHRwd1YyY2FOQ0pVUlBXMGRUczF3TG11VkFRV1FlS1lZRmk4QXVXRVFIZWJ2Y0xzd0QtNHJudzRMZGZRbXYxOVlmZU53U053ZjRacW9nazVhUElobFV0WC1xd3R2bm9GanBJWXRxV2lieW1ZejRTWVd1SVdEWElxVG1wR1d3NlVC?oc=5,The Times of India,1 Oct 2026,,no,,,,no,yes,3,5
Lesotho,Workforce & Human Capital,"Lesotho shaped regional political and economic landscape, says King",https://times.co.sz/45507/news/lesotho-shaped-regional-political-and-economic-landscape-says-king/,Times of Eswatini,4 Oct 2026,,no,,,,no,no,4,4
Lesotho,Workforce & Human Capital,Lesotho learners get smaller meals after Trump’s US aid cuts,https://groundup.org.za/article/trumps-funding-cuts-have-shrunk-breakfast-portions-at-lesotho-schools/,groundup.org.za,1 Oct 2026,,no,"Malintle Tekane, one of three cooks at St Leonard Primary School, serves students pap and beans for lunch. There are no more fresh greens or eggs to fortify the meals. Photos: Sechaba Mokhethi","GroundUp has found evidence that Lesotho’s school feeding programme is offering smaller, less nutritious meals since the United States terminated its funding for the scheme last year.","After the cut in May 2025, Lesotho’s education authorities promised to fill the gap. Principal Secretary in the Ministry of Education, Ratšiu Majara, gave a firm assurance when asked about the termination last year: “I guarantee that children in Semonkong, Thaba-Tseka and Mokhotlong will continue to get their meals.”",yes,no,6,5
Mauritius,Jobs & Employment,Mauritius Rights Body Calls for Marriage Equality,https://news.google.com/rss/articles/CBMijgFBVV95cUxQcHhMXy1rN3plMlQ5R0JTNVd6VUg5XzlCTzd6Y0pGOC1SZEo1OEZWS0FVU3pwdERFd1NSVjlNeVVkVmJOUjVVMlJIdnVzdlN3eFl0TS1hVXhLa1Njc2RrSGduVGtyQXpXdldEbGpnMmY3bEV2b1NoTEpxcWQ4LW9ZYlEyUmZKMV8xRTU1aUFR?oc=5,hrw.org,1 Oct 2026,,no,,,,no,yes,0,8
Mauritius,Jobs & Employment,"Mauritius - Independence, Economy, Culture",https://news.google.com/rss/articles/CBMiZkFVX3lxTE93bFR5dFlHdzJCNU5nelI5alVMUDJfYUp0V193Z0ZvcUxUeGhGOE1EbUNiVEtrZWptMk5fSDM4NFhMenNNV1VaQ1pnd3kxcUZEU1ZaRnFGWlQ3Nlc0VlNzN2JoSG14dw?oc=5,Britannica,2 Oct 2026,,no,,,,no,yes,1,7
Mauritius,Jobs & Employment,United States Unemployment Rate above expectations (4.1%) in September: Actual (4.2%),https://news.google.com/rss/articles/CBMi3gFBVV95cUxOeElwTXFjUzM2NHcyR0lreDdhLVh5QmxzOGhmSzhISmxPblRHcmhuR20yRko1ci04VTYtQ1dfcTNWY3czcjRUSERBc2ZWQ3liLVAzRXRHdVhhM3JDRU4wQy1QNFh6M3hkdXNhMkdZYTN4eE9OYlBuVjN5Wk10eXdxVkNQT0ZmNnB6WHlFZk9CaHBvRjgzMktNRlVHRlVqQ1N2U2ZjVnF4ZDlkQXNMajJIWHFaRU4tbDBDNkR3ZnZ1SlAxUjk0WnNFejVfelQ2WDZ2OHh6MXdNTUVOWVdtN2c?oc=5,tmgm.com,2 Oct 2026,,no,,,,no,yes,2,6
Mauritius,Jobs & Employment,Top 10 Countries with the Highest Minimum Wages in Africa 2026,https://news.google.com/rss/articles/CBMiggFBVV95cUxOV0ZxZk80Qmc0a0NsZkJCZmM4dTJvRkZIb0FXT0pFbjhYQzFBcVFNVGZab3RNbG1FXzZxSVczUHI4V2MwSlF1SlFDYnVlVXJPMGZnLXlXUHJBM0ItaHZCakVmNUFLSE9jTm94OFZQNjNxdldYUTBQbFcwT0o0Y3k5NGhB?oc=5,africanexponent.com,30 Sep 2026,,no,,,,no,yes,3,5
Mauritius,Jobs & Employment,UN Volunteers in Seychelles and Mauritius sharpen career skills for future opportunities,https://news.google.com/rss/articles/CBMi1wFBVV95cUxPSERMRHY4WU1yd1RpcWhnU1EtVnBkTmxkWDd4b3pMa20tLW41ZWhEMnVnOHpBUTI5ZUotZWxRdEFKSFI5MVJha3JpM0FlRm9NRDUwLXZiVl90RlFLSmpFYUIzZkNMWmd2V2I1VXlUNkpnbmhvd19xZFg2djRtS1FsTkNpMl9rNVFYRF82RzNuYzBjbUh2ZDY2My04SHMxOExsV3d6ZTBjUU5qM3R2ck9HdWRWQVZPWkxpdnMtLURMNkhRX3ZrTnJlYXdGbHAwcDJ6S2xER210VQ?oc=5,Seychelles News Agency,1 Oct 2026,,no,,,,no,yes,4,4
Mauritius,Macroeconomy,Global Inflation Tracker,https://www.cfr.org/articles/global-inflation-tracker,Council on Foreign Relations (CFR),30 Sep 2026,,no,,,,no,no,0,8
Mauritius,Macroeconomy,US senator warns against China’s isolation tactics,https://news.google.com/rss/articles/CBMiekFVX3lxTE9RM2dtanprMEVXNWVmN0dWR0ZGZVhYZXR5QnBxNTNfSE0wZm5SMWtsU1dsbkNTSXpFZmhndkcxVDVEQkJ1dUZLcmJuR3hCQVJRMThXR1hRMTB6eTBrb2NUNktlakZUQTVGbklDaVlMODJwUHB5UEtFT013?oc=5,Taipei Times,3 Oct 2026,,no,,,,no,yes,1,7
Mauritius,Macroeconomy,MAURITIUS: New Processing Fee on Low-Cost Imports,https://research.hktdc.com/mauritius-new-processing-fee-on-low-cost-imports/,HKTDC Research,28 Sep 2026,,no,,,,no,no,2,6
Mauritius,Macroeconomy,Interview with… : Soorej Jose Puthoopparambil : “Immigration is essential to achieve the economic growth that the country aims to achieve”,https://news.google.com/rss/articles/CBMi3gFBVV95cUxQRjdIUFBpR3p0NS05UnZENldaMEp1cGI5Y1llMEJHbXNWMEFzNWtQeTRZbE5yY1V6SDdRcVJETVRpSldnaWF1c2FiM29KNFg5ZVlKOU9IdmFVODVBc21TeEcxbUJzNGYwWmVTMFUtSWY4cnY3S2lIMHhKenBTYU5qSzFucnlmOUMzWTVuRWVtRFRSZ19lZnFMWm5lS2NfWHpfdElBY0FHZk1VQXE0cWJtVnBlQWczSUhaM0VNbXlHRGJfNnJ6YjAxTmpqT2NrS0FXR0pHbERmcG84OUFsbVE?oc=5,lexpress.mu,1 Oct 2026,,no,,,,no,yes,3,5
Mauritius,Macroeconomy,Uzoka-Anite to headline sovereign credit rating event October 8,https://guardian.ng/news/uzoka-anite-to-headline-sovereign-credit-rating-event-october-8/,The Guardian Nigeria News,1 Oct 2026,,no,"Nigeria’s Minister of State for Budget and Economic Planning, Dr Doris Uzoka-Anite ,  is expected to provide insights into the policy, institutional and economic reforms required to strengthen sovereign credit profiles across Africa at the sovereign credit rating event slated for October 8.","Her speech will be focused on economic planning, fiscal management, sustainable development, public-sector reforms, investment mobilisation and the policy measures required to enhance economic resilience and investor confidence.","DataPro Limited, the event organiser, said with experience spanning public policy, economic management, investment, trade and fiscal matters, Uzoka-Anite brings a broad perspective on the structural and policy factors that influence economic performance, fiscal sustainability and investor confidence,”",yes,no,4,6
Mauritius,Digital Economy,Mauritius: artificial intelligence at the heart of the Forum on Internet Freedom,https://www.capmad.com/article/mauritius-artificial-intelligence-at-the-heart-of-the-forum-on-internet-freedom/,Capmad,1 Oct 2026,,no,,,,no,no,0,8
Mauritius,Digital Economy,"[Blog] Artificial Intelligence in Mauritius: Progress, Regulation, and the Road Ahead",https://news.google.com/rss/articles/CBMinAFBVV95cUxQQkR1QmFEalFCUEl1NnRtOFJzTFJfX08tQ2hNNnF1NTVON3JHMFIwQmUyNVM2bHRHUVdsakJXbWJNU0lrQm5VUDlha0FDdmFZb2xJNmxWdFBrUnJLZVAyLVRhSmtDcUhldkk1V08weEwtV2dTc3RaTDNrWGhvbFpvV1BmNkZNLXVRNWk3aUY2UG5oNTdLNHNkbERmX2w?oc=5,Defimedia,4 Oct 2026,,no,,,,no,yes,1,7
Mauritius,Digital Economy,Airlink launches direct Cape Town-Mauritius route,https://www.bizcommunity.com/article/airlink-launches-direct-cape-town-mauritius-route-070625a,Bizcommunity,5 Oct 2026,,no,,,,no,no,2,6
Mauritius,Digital Economy,African Fintech’s Debt Shift Comes With a Catch,https://launchbaseafrica.com/2026/10/01/african-fintechs-debt/,launchbaseafrica.com,1 Oct 2026,,no,,,,no,no,3,5
Mauritius,Digital Economy,"Kenya, Mauritius plot new corridor for capital, tech and investment",https://news.google.com/rss/articles/CBMiqAFBVV95cUxOVlpjcklQWnBlWTZzQ0gzVmg1T1ZtSHBxejZfbTM2Zy1MZU00Ym04OEJYcWJEdzZmd0dDNC1aeEdFMmVjT2lNU3FfbVgyNHNVcE9FeVR3MG90TDNLcGFtWDQxb2wxT3EyVngzVkNUcnZUcVZvT1JCVnNra19fMFpwdkszSTd4Y1BYU212cVJRQ2Nrb1hSLUJHbnowY0FwbmNweFI2dFRNY0w?oc=5,the-star.co.ke,29 Sep 2026,,no,,,,no,yes,4,4
Mauritius,Governance,"Mauritius - Arts, Culture, Institutions",https://news.google.com/rss/articles/CBMigwFBVV95cUxQUHlrVWtHbmtrcjZsNFNMWWpaVzRpUExhcG9FbVNIYW1fSVNmYWY3MHlXNVpLSzI2VGR4ekxDcERCczkxZ2F0TmN6NDdzbGs0Zlg4S1loQXB5TWFkOHZRaEZGbkE1Rk01S2UxaHhoN2hJdHZiRlIxejNwb2ozV0lSSnRoOA?oc=5,Britannica,2 Oct 2026,,no,,,,no,yes,1,7
Mauritius,Governance,Zournal Maurice mbc 29/09/2026,https://www.youtube.com/watch?v=zournal-maurice-mbc-29092026&feature=youtu.be,YouTube,29 Sep 2026,,no,,,,no,no,3,5
Mauritius,Governance,New look Shujaa set for Africa Sevens,https://www.standardmedia.co.ke/,standardmedia.co.ke,30 Sep 2026,,no,,,,no,no,4,8
Mauritius,Governance,DR KRISHNA GUPTA IS NEXT STATE ELECTION COMMISSIONER,https://news.google.com/rss/articles/CBMimwFBVV95cUxQS0pyQ3lZZ3VSOUJJWFkwVk1IVE52T0hPaXlJeWR3b1UtOXY3eXY1bDlsQ01ScWZlaENya0FXWXdiS2JWMFA5b1huVTZjZWpPaUNfcUhsa2tiUlloWTBsVHlXc2JqVWh3TkwyZXo3Szh5NnRIOHRTeXFLclE1NmJtVTRSOUxLckN4VEVhbTk5TjhSMnBwbTMzTWtMNA?oc=5,IndianMandarins,25 Jun 2026,,no,,,,no,yes,5,3
Mauritius,Governance,Trump shares map depicting Strait of Hormuz as ‘Trump Strait’,https://theindianawaaz.com/strait-of-hormuz-to-remain-closed-until-us-meets-its-7-conditions-iran/,The Indian Awaaz,4 Oct 2026,,no,"Iran has said the Strait of Hormuz will not be reopened until the United States meets seven conditions outlined in a June interim agreement, as Tehran and Washington remain at odds over efforts to end their conflict. Iranian state media today quoted Parliament Speaker Mohammad Baqer Qalibaf as saying that Tehran’s position on reopening the strategic waterway was completely clear and firm. He said Strait of Hormuz will not be reopened until seven conditions, based on the Islamabad ⁠Memorandum of Understanding are met. Separately, Iranian Army spokesperson Mohammad Akraminia said Iran would seek to extend the range of its missiles following its recent war with the United States. Speaking to a news agency, he said the conflict had highlighted the need for Iran to develop longer-range missiles and that the country had already begun taking steps in that direction.","Iran’s Foreign Ministry spokesperson Esmaeil Baghaei today said Tehran had conveyed its broad positions on the US response through mediators, while some additional points still needed to be communicated to Washington. Baghaei said, Iran was currently focused on the Strait of Hormuz and that restoring security in the strategically important waterway would require clear and concrete steps from the United States. The June memorandum helped to pave the way for a brief ceasefire between the countries, including provisions relating to the Strait of Hormuz as well as Iran’s nuclear programme.",,yes,no,0,10
Mauritius,Agrifood & Climate,El Niño will unleash multiple hazards in South-West Indian Ocean region,https://wmo.int/media/news/el-nino-will-unleash-multiple-hazards-south-west-indian-ocean-region,World Meteorological Organization WMO,1 Oct 2026,,no,"The strengthening El Niño is set to affect temperature, rainfall and tropical cyclone patterns throughout the South-West Indian Ocean region, impacting climate-sensitive sectors and indeed all aspects of society.","There is no one single regional impact scenario, according to the South-West Indian Ocean Climate Outlook Forum, which urged governments and communities to prepare for multiple hazards. The climate outlook covers October–December 2026 and January–March 2027.","Southern parts of the region need to strengthen preparedness for drought, water stress and food-security risks; northern and wetter areas need to prepare for flooding and landslides; while island States require a flexible multi-hazard approach encompassing extreme heat, heavy rainfall, marine impacts and tropical cyclone risk.",yes,no,0,10
Mauritius,Agrifood & Climate,Only two leaders from outside the Pacific attending crucial pre-COP meeting in Fiji,https://www.smh.com.au/environment/climate-change/only-two-leaders-from-outside-the-pacific-attending-crucial-pre-cop-meeting-in-fiji-20261005-p612u2.html,SMH.com.au,5 Oct 2026,,no,,,,no,no,1,7
Mauritius,Agrifood & Climate,"Video: Flash summary of october 1st, 2026",https://www.capmad.com/post/video-flash-summary-of-october-2nd-2026,Capmad,1 Oct 2026,,no,,,,no,no,3,5
Mauritius,Agrifood & Climate,Why Has the Maldives Inserted Itself Into the Chagos Sovereignty Dispute?,https://thediplomat.com/2026/09/why-has-the-maldives-inserted-itself-into-the-chagos-sovereignty-dispute/,The Diplomat – Asia-Pacific Current Affairs Magazine,29 Sep 2026,,no,,,,no,no,5,3
Mauritius,Agrifood & Climate,"Mauritian president, new Turkish ambassador explore avenues to expand cooperation",https://www.aa.com.tr/mauritian-president-new-turkish-ambassador-explore-avenues-to-expand-cooperation/,Anadolu Ajansı,30 Sep 2026,,no,,,,no,no,6,3
Mauritius,Workforce & Human Capital,Zirkle awarded Fulbright U.S. Specialist award to Mauritius,https://oia.osu.edu/news/2026/10/02/zirkle-awarded-fulbright-us-specialist-award-mauritius,Ohio State University (OSU),3 Oct 2026,,no,"Chris Zirkle , emeritus associate professor of workforce development and education in the College of Education and Human Ecology , has been awarded a 2026-2027 Fulbright U.S. Specialist award to Mauritius to research “Certificate in Polytechnics Training and Assessment (CiPTA).”","In October 2026 and January 2027, Zirkle will be working with the Polytechnics Mauritius Ltd (PML), a state-owned enterprise focused on higher technical education, to develop a Certificate in Polytechnics Training and Assessment (CiPTA). The program is designed to equip technical instructors and trainers with structured methodologies, tools and assessments that build the instructional capacity of faculty at Polytechnics Mauritius Ltd.","The Fulbright project hopes to ensure that Polytechnics Mauritius Ltd. instructors and trainers are professionally certified, capable of delivering high-quality technical education, and aligned with both local and international best practices.",yes,no,0,10
Mauritius,Workforce & Human Capital,Oracle Academy joins Game of Code hackathon to inspire digital innovation in Mauritius,https://news.google.com/rss/articles/CBMiuwFBVV95cUxNU2NGUS16cllQLWlhSk9FY2JXZTBiejQ2X1RNSVo5R0NHbTgyTUtocTB4THphcV9HaERjSnk5cGFUMC1zMlhFVnFPUFE3ZmhDd2JuckMwUmF5T0RKbHpBQkViOGtwTW5UTE9KY2ZxSEp0MFAtZmNlWFYwaHh5REVzQ3RndHk3SDU4MGJDVWRqc2xZb01Tbi1CV0lDazJ0MUxLakdoWm10RHpNZlJ2UEdxZUp0UjRHa1k4a1Y0?oc=5,Oracle Blogs,29 Sep 2026,,no,,,,no,yes,1,7
Mauritius,Workforce & Human Capital,Mauritius rings in Mid-Autumn with three-day celebration,https://news.google.com/rss/articles/CBMiggFBVV95cUxNMnFKalNNVGVlUHFBb1lmVjhNWm1Ycm1NdlVWSk96WVR0dk1sODNRQ0ZKeTJQajc4THFkVXhPeGhBci1abFIxbi1NZ0hEdFhUcVd5Y3dTb01keVNLOEY0LVZORHgxb01QV0M5SWViU2hFTzJwVW41eTRZRlZMQ3N6WnZ3?oc=5,China Daily Global Edition,30 Sep 2026,,no,,,,no,yes,2,6
Mauritius,Workforce & Human Capital,International Scholarships Programme in Mauritius,https://news.google.com/rss/articles/CBMilgFBVV95cUxPRkZxOFBDamQwQzJubDRIN1ZTdzlVRE50X0hDQW9OYjg2b182b0l6Ti1YMzFmQ0JBSUI3a2NJTC1iOGtVcnNZY1VfOHJoT1NvUGpEeHZBT29WYTFlNUg2b0s1cjR2YTY2TkN5WkJYTk9JRjl0T3FVd0VoVHRGU2pjTzlzbWdqWkoySjFVVDRtLW9DeDE2cHfSAZsBQVVfeXFMTjhaT0h0eFdKNGNsbVctSm1fUmptVThGc2xLeXJJdWdwTWlfYjhFekVpbmVCdkJKRHBfTXZlSkpEdVlreFdBSWJ1RVdia0w1WFNlQ1ByZS1ZNFFjVndfN3lfbjlCSVFQbUtmVzktc1prLU5rN3NCZ2ZCQmJFd0x1Z1RxQzQtM3UtVWlNbk5Dek94cnVyMU1RS0lUWFk?oc=5,fundsforNGOs,1 Oct 2026,,no,,,,no,yes,3,5
Mauritius,Workforce & Human Capital,"Catholic Bishop in Mauritius Calls for Action Against Isolation, Rejection of Migrants and Refugees",https://www.aciafrica.org/news/24395/catholic-bishop-in-cape-verde-calls-for-responsible-use-of-countrys-limited-water-resources,ACI Africa,28 Sep 2026,Refugees,no,"Bishop Teodoro Mendes Tavares of the Catholic Diocese of Santiago in Cape Verde has urged Christians in Cape Verde to value water and take responsibility for protecting the country’s limited water resources, noting that without water there is no life.","In his homily during the Perpetual Profession of Religious Vows of Sr. Ludmila de Jesus Correia Silver at Santa Catarina Parish, Bishop Tavares called for awareness of the responsible use of water, describing the global water crisis and water scarcity as serious challenges.","“Water is necessary for life, agriculture and the development of communities. Greater awareness about the use of this resource is important,” he said during the September 27 Eucharistic celebration.",yes,no,5,5
Sudan,Jobs & Employment,"Displaced by war, young Sudanese turn to entrepeneurship to survive",https://news.google.com/rss/articles/CBMisAFBVV95cUxNNFdDOUM3Y1BJc3ZnWm8yLV9kc2g2VVZrRFNzMlNib3FoX1dfY2l3N2pDUk5XU1ZHQVRKbDh5V3BjN3hva2lvMk4xV3dIb045bWYtUUl6NHhkblhUaElBeUFjUHJMQ1JDTW9ZREJXamw1Tm5IblJpOU85dXBHSW9BNkdsTHo3WU1KdU11cmsxUmlnSzFjdnZNcW1wb0VrR251VFQ4T011UWpJZ3V3VzJpTNIBtgFBVV95cUxOSERkbXc5LWI2VnRHdHFSVWxBWXc1YktOSWtDS05lTVd2X0dEajhPaHRLLTI2ZHlwSVgwSjJyRnZXc1l1SkVIRzZucFJxMmJmbWFmYUljdW9wRHRyRzFjd3BlQU1IaTVsblI2Wm9aTk1DQUtMQ2xxSW93SUJzazVhZ0U2RkFVOTg3VkFZRm9BOFZ5aVl4VTJVWUVsZnM1b3d5QVpCeGpjNkFJODg1Vm1IVjBMYVJyUQ?oc=5,Al Jazeera,30 Sep 2026,,no,,,,no,yes,0,8
Sudan,Jobs & Employment,"Women, girls make up 53% of people facing added food insecurity due to Mideast escalation: UN",https://www.aa.com.tr/women-girls-make-up-53-of-people-facing-added-food-insecurity-due-to-mideast-escalation-un/,Anadolu Ajansı,2 Oct 2026,Women,no,,,,no,no,1,7
Sudan,Jobs & Employment,"Women, Girls Make Up 60 Percent Of Afghans At Risk Of Food Insecurity, Says UN",https://www.afintl.com/women-girls-make-up-60-percent-of-afghans-at-risk-of-food-insecurity-says-un,Afghanistan International,3 Oct 2026,Women,no,,,,no,no,2,6
Sudan,Jobs & Employment,The State After the War: How Do We Build a Government Apparatus for the New State? (2-2),https://sudanhorizon.com/sdhorizonnew/?action=lostpassword&redirect_to=https%3A%2F%2Fsudanhorizon.com%2Fsearch-for-the-next-un-secretary-general-gains-momentum%2F%3Fq%3DThe%2520State%2520After%2520the%2520War%2520%2520How%2520Do%2520We%2520Build%2520a%2520Government%2520Apparatus%2520for%2520the%2520New%2520State%2520%2520%25202%25202,Sudan Horizon,2 Oct 2026,,no,,,,no,no,3,5
Sudan,Jobs & Employment,$1.2 Billion Uganda Pipeline Opens New Export and Jobs Opportunities for North Dakota,https://news.google.com/rss/articles/CBMiugFBVV95cUxNSmRCd05fM3RYSGNjOHRGd3RoYjA1YlQtenozYUdRQ0tjT2dFdU1EbXRCbGt5VDFzLVQtLTNXRTZLdkZXbEF6MmYxaUZILUFTYVM2dk1VNVg5YmZ2NE5OOVRrajRFTTdFeU9sbndBNlZIZ0N6b3JSUGIycDZUY2dNYjRCczdGeThiRi1sME1STjlrd01DNnJKdGFmS1ozTklZakdyNEx2T0JfNGtZSHFONU82N19oRzBZT1HSAc4BQVVfeXFMTUI0dld6WlpFb1lvZ3M2aXpDQmpLMWlmYkd3Mm1nQS1GZHllRWhXV1RNS2ZpZ1FSSmM1S1pXYWtlTzVJTklOdGJIdHJ6aDF3dzJxTGlTaDJYYUcxTkRCN25RUWt0ZS1qNGNaX2phRFg1RnJHQU1BLWpJbTZ3TkJnalRkYkdzNnhiZlUwV0MtSVVfcXdoeWVBQXFwNnNlYWZIWjl6OWZJVFRpQlpjTm8wVDNVanpzUVJ0WDN1dWRIQmJ1Q3UtQ21Yck5ORlhlN1E?oc=5,Valley News Live,28 Sep 2026,,no,,,,no,yes,4,4
Sudan,Macroeconomy,Air strike in Sudan kills UN aid truck driver: WFP,https://news.google.com/rss/articles/CBMilAFBVV95cUxPcGdJY0RKM21uSVQyekE0cDNYOXUwbWpobXlzU3dROTFUbFBIVmdTM3FpMHJWcWo0QU1yTkMzNGkyRFBTa2UtOHF6dmRxVDRSUjlyVlpfUWxLcmtXd2VCVUk4WnBuQzN2bXFQYUY0YXEtb1Y4NkNBR1dPZ0VzSVpQSUhIbEdCbmdrc1RuckdFMElPTUMt0gGaAUFVX3lxTE5IaTlGS3RpX2hELUt6SWlraEtLd2lEZUN6RTFidlNPS2k2bE9nVG5iTk1qOTdna1ZSZUtiZTYtU1lfWENhdXd2R3JkbjN5QndOUm5LNlEtcU1sNUo3NkUxRVZsLTVNM1hrbVpmcDNqNDRfOWY4bG15RkYtSUNvWWg3UlJYZjF3Uk5jTXliNDhRMWVjOGVLSjVneFE?oc=5,Al Jazeera,5 Oct 2026,,no,,,,no,yes,0,8
Sudan,Macroeconomy,"Africa’s Highest Debt: Sudan, Senegal and Mozambique",https://uchumi360.com/r/a/sudan-187-senegal-130,Uchumi360,5 Oct 2026,,no,"Sudan’s debt stands at 187.6% of GDP, Senegal’s at 130.2% and Mozambique remains above the danger line. Their ratios look similar, but war, hidden liabilities, arrears and financing structures have created three very different African debt problems.","Africa’s debt problem is not evenly distributed. The continental debt to GDP ratio may have eased from its recent peak, but several countries remain far outside the African norm. IMF data for 2025 place Sudan’s general government gross debt at 187.6% of GDP and Senegal’s at 130.2%, while the October 2026 debt map places Mozambique above 100%. These are not three versions of the same fiscal problem. Sudan’s ratio sits inside a war damaged economy whose GDP has collapsed. Senegal’s debt was dramatically revised upward after previously undisclosed liabilities were uncovered. Mozambique’s problem combines a heavy public debt burden with arrears, expensive domestic borrowing and an IMF assessment that overall public debt remains in distress. The ratios look similar because they are all exceptionally high. The economics behind them are very different.","That difference matters because debt to GDP is often interpreted as if it were a direct measure of fiscal failure. It is not. The ratio can rise because debt increases, because GDP falls, because previously hidden liabilities are added to the official stock, because a currency depreciates against foreign debt, or because several of these forces occur at the same time. Sudan, Senegal and Mozambique show why Africa’s highest debt ratios have to be analysed through the history of how the debt was accumulated and the capacity of the economy to service it.",yes,no,1,9
Sudan,Macroeconomy,"RSF 'executed' over 25 civilians in North Kordofan, violation of humanitarian law: Sudan's doctors",https://www.trtworld.com:443/video/13044925,TRT World,3 Oct 2026,,no,,,,no,no,2,6
Sudan,Macroeconomy,Sudan’s central bank to withdraw old 500-pound notes by year-end,https://news.google.com/rss/articles/CBMiUEFVX3lxTE9FSzhSbXZmWjJzaUtKblFER3I2YWpmTm8wV2tQWmw0ZXg5MW52VVVVU2xWS0dDbDRjam9QQm1OZTVMM0NrWF8wWUQ3NHNqRjBM?oc=5,Sudan Tribune,30 Sep 2026,,no,,,,no,yes,3,5
Sudan,Macroeconomy,Opinion: How capital flight is draining South Sudan’s economy,https://eyeradio.org/how-capital-flight-is-draining-south-sudans-economy/,Eye Radio,2 Oct 2026,,no,,,,no,no,4,4
Sudan,Digital Economy,"Separated by war, reunited by a phone call",https://news.google.com/rss/articles/CBMihAFBVV95cUxONlpodEljZlNQeFJvS3d6Uko1aEY4elRPX29MRldCNDlBMzJTQjhYaVBxWEJJbEVMWmFVMW02UUt2Y24zWGpyem90dURTVS1wcnFJVWt0OEpFU2FWcktOVk43bXQ4T3lnbXJCZHJyQXNwNGRGbE5IaC05WFMxWklwXy1BVms?oc=5,nrc.no,29 Sep 2026,,no,,,,no,yes,0,8
Sudan,Digital Economy,South Sudan ICT ministry backs Crawford Capital following U.S. measures,https://eyeradio.org/south-sudan-ict-ministry-backs-crawford-capital-following-u-s-measures/,Eye Radio,2 Oct 2026,,no,,,,no,no,1,7
Sudan,Digital Economy,Opinion: Take the telecom tariff dispute to court—social media cannot overturn regulation,https://news.google.com/rss/articles/CBMirwFBVV95cUxQMlZmZDZ1MktBSzZXanFQaGw4d0l6NlRDTHFabHlfTWJrWlRtaUlWMHFjNXlyUTVfSDR3QTRIZFF1WjJ3cTBkUi1kLUZSeE1JZnA1d3RKWlU0cjhmTDVoWlNtbzZkZ2gwV2MtNUhUNFZ5Zko1S056UV81VF9pektkeWs3SGZzbkRwWUdVLUxBUFFIdHIzSVVBLTJJTnI0ZnVfOTduSmNVV2RsRjB1OThv0gG0AUFVX3lxTE1EM0hZTFJrWjF4QXcybDZRZnFXWFNYWGVLQ0hEaW1vaVNfZ29FY3lEbnppeU1WMUIzVFRjWm84QURHS3Fhb1BLaWtreWpDV3VOaG9VaWhxTmxjTERzYmRQSUtSVkljcF9vZzZnZ3poRl9vT0YyRHByYUQ4Zmp3bDc4bHFsUHE3anpDN3lZdjROemE2ZmVMY21rOHlkQnNfQ2thV0ZYMDI3X2c3ZEdmUjNieV9RRA?oc=5,Eye Radio,3 Oct 2026,,no,,,,no,yes,2,6
Sudan,Digital Economy,Uganda's MTN Foundation expands digital connectivity in Palabek refugee settlement,https://www.telecompaper.com/ugandas-mtn-foundation-expands-digital-connectivity-in-palabek-refugee-settlement/,Telecompaper,28 Sep 2026,Refugees,no,,,,no,no,3,5
Sudan,Digital Economy,"Africa's growth story hidden in its payment infrastructure, regulation",https://www.standardmedia.co.ke/,standardmedia.co.ke,29 Sep 2026,,no,,,,no,no,4,8
Sudan,Governance,"‘Ballot must replace the bullets’, South Sudan tells General Assembly ahead of elections",https://news.google.com/rss/articles/CBMiV0FVX3lxTFBJNUNmODZ5Q3AyaFpPQzZBRUhtb1l6OUJNa28xa3BLUXo1V0RfV0JwcXhwRVlma0xSWU5YRFdLTGYzTHBacFl6eHFkMFVYN1M2d0ZJN25kWQ?oc=5,UN News,28 Sep 2026,,no,,,,no,yes,0,15
Sudan,Governance,Will elections happen in South Sudan?,https://news.google.com/rss/articles/CBMihgFBVV95cUxPYUFYbnBaaFBKR3pZMktTNnBCODY3UjBqbldaa09Qbk1tY3dBdE9nSnlNZFBCQVJ5Y1Q5czZqNnVRRWl0SnNyejRaTDdoalA4RDZab1ItdDNRT0JyaEpVNTBwTEhwWEhwN2tMZlVDZ0gxNGRIWVBvSFNabmJ3UTBYcXpFVTl0QQ?oc=5,dw.com,3 Oct 2026,,no,,,,no,yes,1,12
Sudan,Governance,Sudan pro-democracy leader warns army against restoring Islamist rule,https://news.google.com/rss/articles/CBMiUEFVX3lxTE54QmNmcDZyaEp3X3VsOGRHdUFrb0xxblQ0OHpUNW5remNFbUpYeUNoNGZvQ3I0Njc5OGtpbmxMeE1XVWJPN2ViczBiNktlNTFM?oc=5,Sudan Tribune,4 Oct 2026,,no,,,,no,yes,2,6
Sudan,Governance,SUDAN: ‘It’s Shocking to Be Forced into Silence Simply Because You Are a Refugee’,https://www.globalissues.org/news/2026/10/02/44240,Global Issues.Org,2 Oct 2026,Refugees,no,CIVICUS discusses life as a refugee with an exiled Sudanese civil society activist who has asked to remain anonymous for security reasons.,"Over three years into Sudan’s war, millions of people have been displaced, both within the country and beyond its borders, and the numbers keep rising. Fighting continues to force civilians from their homes, while those who reach neighbouring countries struggle to find safety and stability. Civil society warns that, despite the scale of the suffering, Sudan’s crisis isn’t receiving the international attention it deserves. Exiles document violations and advocate for democracy and peace.","What drew you to human rights activism, and how has exile changed it?",yes,no,3,7
Sudan,Governance,Sudan's Pro-Democracy Leaders Take Their Case To Washington,https://news.google.com/rss/articles/CBMijgFBVV95cUxNZVJ1WlJteGt4UktZaEx1NXU5ZTZVd1NqSjRybDhXclBFMWk1MUZHZmYtUXJzNFB6ckdKYUpadDN5X2MtNDVUNmJvM3pFeXBkLWJULWYyMVNHdEVNZFJCM19jR2UycnI2NW9lRVN0QjkxVWZiSFJoUW9Tb19kTUR5WTRicDMxWjJORV9oLVVR?oc=5,MEMRI | Middle East Media Research Institute,29 Sep 2026,,no,,,,no,yes,4,4
Sudan,Agrifood & Climate,"Global Weather Hazards Summary, October 01, 2026 – October 07, 2026",https://news.google.com/rss/articles/CBMingFBVV95cUxNaXQ0SUFvSUlmbmNtb0NwSVVkZTlSSW1NTlVpLUtSOW5HU2RmLUdYTmk2b1dDVHhxcHFQTHZnSFV0T1hsamdCLWNsalcwZG16a050eGc5Q1RVc0RncW54N1NjengwUHJYVWN3dmZLeGgyQUxkTS1zektDbWhQRzFHV3BUYkZmQlZGekhqTFhRQzVVX0YybzFhMmlvQ3JuZw?oc=5,ReliefWeb,30 Sep 2026,,no,,,,no,yes,0,8
Sudan,Agrifood & Climate,Unlocking private sector engagement to restore Sudan’s food production and economic recovery,https://news.google.com/rss/articles/CBMi0gFBVV95cUxOLXBvUGlyaHVGRnNxaFl3bHZLY2dLMWotZ0l4cGQ4WFZIWU8xcUdicUw2dEQ2dkRZM0ViZlp0OV9UYnluSXZOSldRSzhtSzBNWHNfeUJFZ1FGNnBlSW0tU1M1cmJLZGxqNXFtZ0gzM0xXMkM4NlQxeGhTNnFTV2FKMVdnY3p0M2R2Z180TW1BWTNyTHdfbHpRbkpRdkx3ME9XeVdYSFNUbXZpOTB5TlhxeDd5QlpCQWJDaV9TQS1paV9heGJORzZxSTF3U0x4bW1uS1E?oc=5,United Nations Development Programme,1 Oct 2026,,no,,,,no,yes,1,7
Sudan,Agrifood & Climate,FAO urges more funding for Sudan as El Niño threatens food security in the region,https://news.google.com/rss/articles/CBMifkFVX3lxTE5qZko0N0RJMWg0YUJ5RGpKblRQdkl2M1YxZTJLTHJoRjRTYWQ5UE1DaTVNRXFIZXVuN3lBek5ZVDNNYTBLa0dkalpBdlU5bDBDS2wzcGVkbTVwX05TSVhIRG96c0l4ekIwcmtrVkhmOE1aTFQzdS1zMWF0Q24wQQ?oc=5,China Daily,29 Sep 2026,,no,,,,no,yes,2,6
Sudan,Agrifood & Climate,"Sudan signs basic export credit deal with Belarus to finance agriculture, infrastructure",https://news.google.com/rss/articles/CBMiUEFVX3lxTE9aam0zUjEwZUs4QlphNVRObXVTQm1JV1ZKNmI2bmZnRHRRT0hFTDNGVnlVUWVsaDdCQWd5c0hCQzVzbFVaY0E3cFRDcEpwUkM4?oc=5,Sudan Tribune,2 Oct 2026,,no,,,,no,yes,3,5
Sudan,Agrifood & Climate,"Today's top news: El Niño/CERF, Democratic Republic of the Congo, Sudan, Occupied Palestinian Territory, Syria, Haiti",https://www.unocha.org/news/todays-top-news-ethiopia-sudan-democratic-republic-congo-occupied-palestinian-territory,OCHA,29 Sep 2026,,no,,,,no,no,4,4
Sudan,Workforce & Human Capital,"South Sudan - Education, Literacy, Schools",https://news.google.com/rss/articles/CBMiZEFVX3lxTE1fYThmYks5SUNObGh1VkFWajdBeEFPdmluOERUSF9kVXU5aW5MOXllMUpIaDV0T01pUlNXX0x5R18wdVlWY2xWUTRPT2Rha2J1Qy1XRVJ3VUsxRjRXTzRpMDNlMTk?oc=5,Britannica,2 Oct 2026,,no,,,,no,yes,0,8
Sudan,Workforce & Human Capital,"When others turned away, Türkiye stood with Sudan",https://www.dailysabah.com/opinion/op-ed/when-others-turned-away-turkiye-stood-with-sudan,Daily Sabah,4 Oct 2026,,no,,,,no,no,1,7
Sudan,Workforce & Human Capital,Mariam’s journey back to the classroom,https://news.google.com/rss/articles/CBMidkFVX3lxTE1meDZkN0tidnQwM2Q4WHl6NzZYb1Y0bFVaVlJldW55SVdFS3YyOE9yZVVOWlpnLS0yVEJza3dabFV5OUUzd3V1NC1sbDgtMkxCRms1bXBGOWlyNlNkc0lvaFk3d25BUU85SDFudUhwNW1kY2V6TGc?oc=5,UNICEF,30 Sep 2026,,no,,,,no,yes,2,6
Sudan,Workforce & Human Capital,Sudan: 'I Have Not Lost My Dreams' - Refugee Education Funding Cuts Threaten Millions,https://news.google.com/rss/articles/CBMiW0FVX3lxTFA1eVZWcG5WZjFRckVzdldxZENTM09BVWRWb3o2SXVqdFdQMElfYm5QRUJucXlHNVBsN0V0VEZUb2VNYWI0V2x2c2JfMjc3dDl1dUpmcVRvdXppVTg?oc=5,allAfrica.com,2 Oct 2026,Refugees,no,,,,no,yes,3,5
Sudan,Workforce & Human Capital,Strengthening Teacher Leadership in South Sudan through Mentorship Programs,https://news.google.com/rss/articles/CBMipgFBVV95cUxPVmlpbFJiaXU5Y0RnUzg0Y1dRRTJ5UXFjcDNkSWNFX0F2Zm9TVVA2cWIzV2F6M19zZ0hZSkZHMVNrSkV2M29rQXlTSVZ3QWVyZ1BqZmN6bGpWSFVjaWV2c0dMSHVoa2g0OWdlLURDWTE2SGEwMGJfMHhwMWh0RjFKSmJhaGVKZ3l2WkNPOW0ta2g0V050VERMSXZ0OXEzYlFEdDA1Wld3?oc=5,Oxfam,1 Oct 2026,,no,,,,no,yes,4,4
Eswatini,Jobs & Employment,Read@Home Program Improves Child Literacy in Eswatini,https://news.google.com/rss/articles/CBMiY0FVX3lxTE4wTGpfcDg3ODdnQUhUc0JqemloMlRGUU5GVUs1MnZmVTVmdHJLQjFKaTVrRzRsYjNSUlg3UmMzeUFZVlllWnE1dXg3U2FHZnEtQzdlcjd4V1pCNlVUQkQ5LXV5dw?oc=5,The Borgen Project,29 Sep 2026,,no,,,,no,yes,0,8
Eswatini,Jobs & Employment,Welile Sigwane: Eswatini Job Seekers Demand Overseas Jobs Refunds,https://news.google.com/rss/articles/CBMiuAFBVV95cUxNVG5zVXA0cTJUM1lrc0ZEZ0dSdURzRkhYSjF4WDRwZnpNYUtyZ0NLZ1Y2RVFvOVBOY3NKVUtuR1Rsc1d0MEV0Q1puWHJFWW9aR0lRUGE3cjF2ZFBlbmJWZXVRTTUtNmNXelM1NXRjWDZNMllGQnp3WUxQSzROdnZEb2ZjSHAxbF95aG9aMUx3bDQtcWlZdnF2b0tqMVFsamwxejgwYnptc09iVEQ0QURBWTNqNVNqSXRC?oc=5,Wansom AI,30 Sep 2026,,no,,,,no,yes,1,7
Eswatini,Jobs & Employment,Maziya urges women to prepare for AI-driven jobs,https://www.pressreader.com/maziya-urges-women-to-prepare-for-ai-driven-jobs,PressReader,2 Oct 2026,Women,no,,,,no,no,2,6
Eswatini,Jobs & Employment,Eswatini now imports building blocks,https://times.co.sz/45480/news/eswatini-now-imports-building-blocks/,Times of Eswatini,4 Oct 2026,,no,,,,no,no,3,5
Eswatini,Jobs & Employment,Eswatini Police: Maliyaduma Murder Charge in Fatal Stabbing,https://news.google.com/rss/articles/CBMivgFBVV95cUxQNUpocGc4c1Bva2EzSzZfeHQ1LW10TnZyYnZ4cFJiaHZhXzFOZjVzZHVvMnlFcTFlX0Q3b0hOOXNqM2RCWWs0bWFhdEFoX2xJb19BZ1RyQnRQMnh3RFhvVlM3NkRPck5Obmo0cWhRUzZDa2JhNnMyX2RwMHhoaVlzNzRBRDZ5QzJYam9wTThrbEtyX0FWcEFDUWNrNDlaSDFmel9KWTVrSTE3NnE4TGpMUkQzeG5pOVVyeDNBakJn?oc=5,Wansom AI,30 Sep 2026,,no,,,,no,yes,4,4
Eswatini,Macroeconomy,Eswatini Central Bank Hikes Rates for First Time in a Year,https://news.google.com/rss/articles/CBMirgFBVV95cUxOV3dtbmF1cTdZMGpBWElLWERaMXB2ck9NeTd3dE5Bc3Yzb0xaWTRMM2JBcEVKb0FYLTA0cmFnclhMMnBjbVZGOExubUFNZDItMTFEd0dUSWNZZVVUZ3h6OFJlSUdRYkNiQUc1SE1WaFRaVjlaSHk0UHlNY1V4Y19JM3QyR3BfVnJ2bmU1emVTTG85UDNTNjE5VnhLTXk0UmFFSVpISjFyeFdzZGpVZUE?oc=5,TradingView,29 Sep 2026,,no,,,,no,yes,0,8
Eswatini,Macroeconomy,US senator warns against China’s isolation tactics,https://news.google.com/rss/articles/CBMiekFVX3lxTE9RM2dtanprMEVXNWVmN0dWR0ZGZVhYZXR5QnBxNTNfSE0wZm5SMWtsU1dsbkNTSXpFZmhndkcxVDVEQkJ1dUZLcmJuR3hCQVJRMThXR1hRMTB6eTBrb2NUNktlakZUQTVGbklDaVlMODJwUHB5UEtFT013?oc=5,Taipei Times,3 Oct 2026,,no,,,,no,yes,1,7
Eswatini,Macroeconomy,Ranked: The World’s Most and Least Taxed Countries,https://www.visualcapitalist.com/ranked-the-worlds-most-and-least-taxed-countries/,visualcapitalist.com,1 Oct 2026,,no,,,,no,no,2,6
Eswatini,Macroeconomy,AfDB: Eswatini Informal Sector Formalisation to Boost Economy,https://news.google.com/rss/articles/CBMitgFBVV95cUxNUzNHaXRtekdHOGpHdklVbHBIVHVkZUJUVHdYODRISVlaTUJIWVZhck1BZF9laGFqZzBvbUdHS3dDSmhnbS1leGFCdDhhYklkVndtZjFrMDlEZGNGa29kWlJkblFJYnRjQ1dYUDBWdjlMXzZSaDd3OTFwN0dfZU1EcDFPd0NUb3NPQzdaQ2l1LTZ5bXVPZUM1Tk85RDVXbThqZlNFXzE1UmlzV1Uwc29ubjdVZHNmdw?oc=5,Wansom AI,1 Oct 2026,,no,,,,no,yes,3,5
Eswatini,Macroeconomy,"Economic growth rebounds, resilience remains fragile – AfDB",https://times.co.sz/45117/business/economic-growth-rebounds-resilience-remains-fragile-afdb/,Times of Eswatini,30 Sep 2026,,no,,,,no,no,4,4
Eswatini,Digital Economy,MTN urges businesses to turn AI into practical value,https://www.pressreader.com/mtn-urges-businesses-to-turn-ai-into-practical-value,PressReader,2 Oct 2026,,no,,,,no,no,0,8
Eswatini,Digital Economy,ESCCOM Eswatini: Online Child Trafficking Warning Issued,https://news.google.com/rss/articles/CBMivAFBVV95cUxPTVViMXlMYU5KaFM4c3BjZHFLVUpwRl9OMlBsOVUxanJUWWpYM1pHb3NlMFBPVzRSYjVPZ01YN1hYRWNjQmlJazFIUGtZbENPRjdwaERGdkZhTF9FWFV1X0pFOTItaHJqZHJtWk5TTXpndlJNaEdDOU54MWE5dDl6M3JqbjI1djlUUkhseVA4TXA1LWJwNWhKbFVHUDFaQ2Fsd0hRNVdGMEpha05IdTBzZEFHMnk3UzRoNGRLZQ?oc=5,Wansom AI,28 Sep 2026,,no,,,,no,yes,1,7
Eswatini,Digital Economy,ESCCOMenga­ges journalist­s on,https://www.pressreader.com/esccomengages-journalists-on,PressReader,2 Oct 2026,,no,,,,no,no,2,6
Eswatini,Digital Economy,MTN ESWATINI CALLS FOR EVERY DIGITAL USER TO ACT SMART AS CYBERCRIME RISES,https://eswatinipositivenews.online/mtn-eswatini-calls-for-every-digital-user-to-act-smart-as-cybercrime-rises/,Eswatini Positive News,1 Oct 2026,,no,,,,no,no,4,4
Eswatini,Digital Economy,ESWATINI NOW HAS SATELLITE IN SPACE – MINISTER SAVANNAH MAZIYA,https://eswatinipositivenews.online/minister-savannah-honoured-by-mtn-as-esteemed-partner/,Eswatini Positive News,30 Sep 2026,,no,,,,no,no,5,3
Eswatini,Governance,An immigrant deported by the US and held in an African prison for more than a year has been released,https://news.google.com/rss/articles/CBMi6wFBVV95cUxPX1VXWm1FcEpMay03U0pQc3I0OF9UMHJUVFNXajlBN0ZGbVBRV2l0M2hiY2FCZ3NnQTY2OFU1Zk9jUzA2RkZtYklaZXRudjEtbGRTNUZJQmRXVzhrX0pvQXJzcU92eWVMQkNNT0xoOEIyTXVCR1E2eTFzWWZMaDBDRDBFSUFBdTJiejhNdWxQMmdqS1Q3QnBTalhpMlJ0THZjMWZmZWFkUWNnMDljWWxqcGtleUd2U1BxTVJ2WmU3M1N0cElERTRjNEFoWmFEYjlNZGZMUGhXOEg4M0hQQlZJWjVZaHhCZE1DQXNF0gHwAUFVX3lxTE5YYWdHYnVVNDAxM3JiZDNZZHBwT2ZaeHcxRGpnWEF5V2ZzQUN3TmhzNmM4V2JYSWM3Zk5vNTl3WHZZZll5Q2VhcW9GSEdQWS1KV1owMlo1RTdiQVJHVEtMTldZem5wUFYwQ2g5NXFocEoyVm1BOVY2NS1fZHJFTzlEQXRibU1YOUVKM3V0RU1QWVp4eEg5SnpzRmZWS3RUSl9KeUc3QzQxNzVPWkw1dFA5ODAydC1FTFlNQmtNZXpySEwwTXZCTjNSdE1Kc3NFcXZtZEFPZEgzOEFMTXYxMUVxZUJxaDF5MVJpMWJXVEc1WA?oc=5,fox5sandiego.com,4 Oct 2026,,no,,,,no,yes,0,8
Eswatini,Governance,US diplomat says Madagascar’s previous decision on Lai flight undermined sovereignty,https://www.taiwannews.com.tw/news/6451298,Taiwan News,3 Oct 2026,,no,,,,no,no,1,7
Eswatini,Governance,Seven vie for one position in Manzini by-elections,https://times.co.sz/45431/news/seven-vie-for-one-position-in-manzini-by-elections/,Times of Eswatini,3 Oct 2026,,no,,,,no,no,2,6
Eswatini,Governance,"European Politics: Security agencies face dilemma after victories for far right, far left | Eswatini Observer",https://news.google.com/rss/articles/CBMijAFBVV95cUxNNnB4Q2RjYzV0T1J4WFZHVXVSa3UwRjRla2taVHI3VE5SeHpGR00wVS0xZVY4YkoxbTlGWmdvN01ua1QwUWZZQms1U3hvdjhPb19FaXBBeW4xM1R0bS1CN1BXODBqZWdOVTBjOWZtczV5bWR1M0c3d0F1TlhSUU52ODRKeEJ3UjBUM3ZFeg?oc=5,PressReader,29 Sep 2026,,no,,,,no,yes,3,5
Eswatini,Governance,Lamola urges UN to renew fight against racism,https://www.pressreader.com/lamola-urges-un-to-renew-fight-against-racism,PressReader,30 Sep 2026,,no,,,,no,no,4,4
Eswatini,Agrifood & Climate,Lao man deported by the US to Eswatini is released after more than a year in prison,https://www.wsls.com/business/2026/10/04/an-immigrant-deported-by-the-us-and-held-in-an-african-prison-for-more-than-a-year-has-been-released/,WSLS,4 Oct 2026,,no,"CAPE TOWN – A Laotian citizen deported by the United States to Eswatini under the Trump administration's immigration crackdown was released from a maximum-security prison in the African nation on Sunday after being held there for more than a year, his lawyer said.",Phone Chomsavanh was among five immigrants deported to Eswatini — where he has no ties — in July 2025 in the early days of the Trump administration's secretive and highly contentious third-country deportation program.,"Chomsavanh's U.S.-based lawyer, Tin Thanh Nguyen, said in a statement announcing his release that he had only been informed that he was being deported to Eswatini shortly before a military cargo plane carrying him and other deportees landed there more than 14 months ago.",yes,no,0,10
Eswatini,Agrifood & Climate,Rural Women’s Assembly,https://rightlivelihood.org/the-change-makers/find-a-laureate/rural-womens-assembly/,Right Livelihood,4 Oct 2026,Women,no,,,,no,no,1,7
Eswatini,Agrifood & Climate,Better forecasts alone cannot save Africa’s poorest herders from drought,https://bioengineer.org/better-forecasts-alone-cannot-save-africas-poorest-herders-from-drought/,Bioengineer.org,5 Oct 2026,,no,,,,no,no,2,6
Eswatini,Agrifood & Climate,Eswatini heading to Japan’s Green Expo,https://www.pressreader.com/eswatini-heading-to-japans-green-expo,PressReader,2 Oct 2026,,no,,,,no,no,3,5
Eswatini,Agrifood & Climate,African leaders who hosted Wicknell Chivayo in 2026,https://peopledaily.digital/news/african-leaders-who-hosted-wicknell-chivayo-in-2026,peopledaily.digital,30 Sep 2026,,no,"Zimbabwean businessman Wicknell Chivayo spent part of 2026 meeting some of Africa’s most powerful political figures, with his travels taking him to presidential residences, State Houses and royal palaces across the continent.","Between January and September 2026, Chivayo publicly documented meetings with leaders including Kenya’s President William Ruto, Tanzania’s President Samia Suluhu Hassan, Malawi’s President Peter Mutharika and Eswatini’s King Mswati III. The meetings ranged from investment discussions to courtesy visits and private engagements.",Ruto was among the African leaders Chivayo met most frequently during 2026.,yes,no,4,6
Eswatini,Workforce & Human Capital,"World Vision Donates Computers Worth Over E300,000 to Edoropeni Primary School",https://www.wvi.org/search?search=world%20vision%20donates%20computers%20worth%20over%20e300000%20to%20edoropeni%20primary%20school,World Vision International (WVI),29 Sep 2026,,no,,,,no,no,2,6
Eswatini,Workforce & Human Capital,‘DEAFCOMMUN­ITYDESERVE­S EQUALRIGHT­STORESOURC­ES’,https://news.google.com/rss/articles/CBMijAFBVV95cUxQMVRod1U3XzhSTHQyOWZkN0UtU09GS1ZOZHNfNklRTjBfOElLNjE2aE5GVlNPQ2pmTmRwWHpERzF0bzZGWFpzNnJqZUxvenM1bktENWM4OWpIbElHSVlPQlNVaWl1S3BvdjhxRFV5eWhTdGN3Ulg0ZFNBMHJyOGtReUgwYl9oX0I4SVFWRQ?oc=5,PressReader,2 Oct 2026,,no,,,,no,yes,3,5
Eswatini,Workforce & Human Capital,Mark Bettle: Gogos keep Eswatini’s families moving forward,https://tj.news/saint-john-south/mark-bettle-gogos-keep-eswatinis-families-moving-forward,Telegraph-Journal,30 Sep 2026,,no,,,,no,no,4,4
Eswatini,Workforce & Human Capital,Regional artists gather in Eswatini for theatre festival,https://times.co.sz/45425/news/regional-artists-gather-in-eswatini-for-theatre-festival/,Times of Eswatini,3 Oct 2026,,no,,,,no,no,5,3
Eswatini,Workforce & Human Capital,Iran’s children return to school,https://www.pressreader.com/irans-children-return-to-school,PressReader,29 Sep 2026,,no,,,,no,no,6,3
South Africa,Jobs & Employment,"South Africa’s manufacturing sector lost 45,995 jobs in two years",https://news.google.com/rss/articles/CBMiowFBVV95cUxOeDR3ajBTN0VoUS14WGpLbEdJeUJtT01JSVlvVko1REFGT01WaXB2NXNJUkxBNEY5Q0wxTzlEeVVaV0gtTk1FZ2N0LUpTS1pzQXNCVUJORWI2a1pEYWxXV3ZQYlViaHJGbHlkcmFPazRsQ2lLM1JDVHpfWVhmODFhNVlEQWFqdWNfVXFidks0UzJXWmsxcHBVeXJBc1ZjcWRjR0Qw?oc=5,newsday.co.za,5 Oct 2026,,no,,,,no,yes,0,8
South Africa,Jobs & Employment,DAAN STEENKAMP & AIDAN HORN: Growth stalled — as did South Africa’s jobs market,https://fm.co.za/opinion/2026-10-04-daan-steenkamp-aidan-horn-growth-stalled-as-did-south-africa-s-jobs-market/,Financial Mail,5 Oct 2026,,no,,,,no,no,1,7
South Africa,Jobs & Employment,South African rand steady as markets weigh mixed economic data,https://news.google.com/rss/articles/CBMiswFBVV95cUxObDR6ek1ibjMyd3NQZTRjZkhKa1BwOHdxd2duaGFEelEyQUtRM1FMR1FZSWNpZUpmNTRMNF9pWW5rZDQ0TFhPZnBNRm5rR2JyejRiVm14WlloaWg3S29vM3BMLVdvaUxzcjhMeDY1MDNFYUI5M0I5cGI1Rkl4Ym1XNE1OMjlaWV9VMTVkODg3R25XMmpjSk9tdmcyZWNiQUpEekxjRlVxQUtKTmZwWXpGMTdRTQ?oc=5,Reuters,29 Sep 2026,,no,,,,no,yes,2,13
South Africa,Jobs & Employment,Independence and decolonization in Southern Africa,https://news.google.com/rss/articles/CBMioAFBVV95cUxQNTJsQzY0ak5Hd0FlSTZ0NUhxbXZRbnJMdjMyUnRHRjhnVUU3S3hNU3dOTG1keUwxdmZiVW9jYnoybTZCa2YyZFBfd2R0aHg0SjNkSFg4WGtsSTV0ZmdZbEh0cWs4MVFjdkNkM1B5RUR5OFpBelBCa0tDZm5mTXA3WUhJbzF5M1FZMnJvSktXNGdjcThBNjFoWmo3dTFoZFlF?oc=5,Britannica,2 Oct 2026,,no,,,,no,yes,3,5
South Africa,Jobs & Employment,South Africa Loses 435 000 Formal Jobs as Real Wage Bill Shrinks,https://www.thecommonsense.co.za/Economics%20&%20Policy/south-africa-loses-435-000-formal-jobs-as-real-wage-bill-shrinks,thecommonsense.co.za,2 Oct 2026,,no,"South Africa’s formal non-agricultural economy has lost 435 000 jobs since June 2023, while the purchasing power of its total wage bill has fallen, according to the latest employment data from Statistics South Africa (Stats SA) and an analysis by The Common Sense .","The Quarterly Employment Statistics (QES) from Stats SA show that formal non-agricultural employment stood at 10.425 million in June 2026. That compares with 10.509 million in June 2025, 10.716 million in June 2024, and 10.860 million in June 2023.","Employment has therefore fallen in each successive June reading, leaving the economy with 435 000 fewer formal non-agricultural jobs than three years ago, a decline of approximately 4.0%.",yes,no,4,6
South Africa,Macroeconomy,"Good Harvests Help to Keep Food Inflation Low, But War and Weather Could Intervene",https://news.google.com/rss/articles/CBMifEFVX3lxTE5DU2VYbjBxLXF2bnR1bUF0N1kzYlUwNndmaVEyRGw4dC04a2pTTVFTLUJldVlqNG5FMHJ5QjBNRzNkV2ZRcnRncWpmYks3d25hRjdsa0RhTHk5V2Zsd3JyM2VkbVJXODJhbm5XTThwbDVUN0JrMktjSjVET1c?oc=5,Wandile Sihlobo | Substack,3 Oct 2026,,no,,,,no,yes,0,8
South Africa,Macroeconomy,South Africa's foreign direct investment inflows pick up in Q2,https://news.google.com/rss/articles/CBMiqwFBVV95cUxNTzYzTThtQktqd2dXLTBpVnFORkFLTzNvWHdEd3Z1b3phS0VIQk1vZFRsTW5XbmNia2xZT0w5VzBiNkdsbElLQlJZU25xbzdHYnc1Yk1BalNVblJwZFR2UklkNzVtN3YyRnRqNjg1WEZqQWcxUGNKVEpXTlA5WllndnlKY0JyMndTNTVkdmlzTkZ6TDJaZlBBUmRTcVRwZ0lIZEx3Ylp5eEVlWjA?oc=5,Reuters,29 Sep 2026,,no,,,,no,yes,1,14
South Africa,Macroeconomy,"South Africa Producer Price Inflation Eases to 5,0% in August 2026",https://www.indexbox.io/blog/south-africa-producer-price-inflation-eases-to-50-in-august-2026/,IndexBox,2 Oct 2026,,no,,,,no,no,2,6
South Africa,Macroeconomy,"Capitec Profit, Dividend Hit Record as Clients Top 26.6 Million",https://news.google.com/rss/articles/CBMiswFBVV95cUxPZGJBLWd5bV9Fencya2hHdUJlWjNqRUdhd0FkNUtnaDVMV2x5ZEVNSEJrbmtUT1VfNG9Qa2NNQks3c0hoN3RmVEdWb1NXZ1lHT1Z5M2liTkxoeWhOSV9CVk0xY00yRi1uZjVCLS1wNllwcUFUTW5pR3ROMWVJX2stREYxV1RBaTlwbGYzV2VkaENYZlN6Z0dNbmZ2UnRobXZxNGVUNkl3U2kyVzJONk1YVTdXZw?oc=5,Bloomberg.com,30 Sep 2026,,no,,,,no,yes,3,12
South Africa,Macroeconomy,South Africa sells 1 billion rand of inflation-linked bonds at auction,https://news.google.com/rss/articles/CBMi1wFBVV95cUxNdEZoa0J1YjkzNWdBUUFhSGRYQ0IxTHlHVUR1MWlaSklMMEdKcGh5NW5NSlJtNi1NSW0wRzVJMGFONWFaYjI2T0Fqa2tSSzRGajVGdFhVTzlmc1R6QUxmM2VubUtOSEMtSjBmUUVKcXdXSVdZaUkyMUdXSHZJWVFJNy1JXy1KVWtJQ0dmYjUtV2dBbmc2WllXN2NrcWJFYmZsb09ZWGloOXpEd1RXejM1S1M4cXpldTRkVDFaU0luLXNWQzVqT1prZWxISk9oMWg0NFVMX3VJMA?oc=5,TradingView,2 Oct 2026,,no,,,,no,yes,4,4
South Africa,Digital Economy,South Africa’s Telecommunications Investment Expands Digital Infrastructure- Expert View by Spherical Insigh,https://www.sphericalinsights.com/blogs/south-africa-s-telecommunications-investment-expands-digital-infrastructure,Spherical Insights,4 Oct 2026,,no,"South Africa’s telecommunications investment accelerates digital infrastructure development, with major capital commitments supporting 5G, fibre, spectrum, data centres, broadband connectivity and broader digital-economy growth.","South Africa’s telecommunications sector is entering a new investment phase as operators increase spending on mobile networks, 5G, fibre connectivity and digital infrastructure. Rising data consumption, enterprise digitisation and demand for reliable broadband are increasing the need for network capacity, while regulatory developments are creating a framework for future spectrum use and next-generation technologies. The sector is also becoming increasingly connected with data centres, cloud computing, artificial intelligence and other digital services.","At the 6th South Africa Investment Conference in March 2026, telecommunications emerged as a major component of the country’s investment pipeline. InvestSA reported that MTN committed R21.8 billion (approximately US$1.33 billion), placing the operator among the largest company-led investment commitments announced at the conference. The broader conference recorded R889.8 billion (approximately US$54.2 billion) in pledges across 81 projects.",yes,no,0,10
South Africa,Digital Economy,Africa Tech Festival 2026 puts the conversations shaping Africa’s digital economy in focus,https://www.techinafrica.com/starlink-south-africa-2026-pricing-roam-residential-speeds-order/,Tech In Africa,30 Sep 2026,,no,,,,no,no,1,7
South Africa,Digital Economy,Good news about mobile data prices in South Africa,https://news.google.com/rss/articles/CBMikgFBVV95cUxONjhjZ1k4YzR0UjZJU0ttX3pQdjhHU1VWbXBVRWJMbkNWQk5UVTJaa2Jqek9ZbUdwNHpsUEdiZEg2d21UNkxCdjdwLVRocEtGRVNOemRET1VZeU9xcHlzQ3hULXhtRGJ5aWJYODA3SkJULUFzN1FyOFBOVXZnb0tpeU9tS3dhTUo0d1lzUWtHblFzQQ?oc=5,newsday.co.za,3 Oct 2026,,no,,,,no,yes,2,6
South Africa,Digital Economy,Africa Tech Festival To Spotlight Africa’s Digital Economy,https://trendsnafrica.com/kenya-digital-economy-acceleration-project-3/,trendsnafrica.com,30 Sep 2026,,no,,,,no,no,3,7
South Africa,Digital Economy,African Fintech’s Debt Shift Comes With a Catch,https://launchbaseafrica.com/2026/10/01/african-fintechs-debt/,launchbaseafrica.com,1 Oct 2026,,no,,,,no,no,4,4
South Africa,Governance,Protesters against illegal immigration in South Africa call for more deportations,https://news.google.com/rss/articles/CBMitgFBVV95cUxNY0daaWNiNkFZZlpnMUF4M0pLbkZyVmhRYVdyVHItMEZfSWhaUG9FRDc4VUdJZHVhMW5PU0lLLXVLejViQUJhcnFzUlBseTBSbGF6R09yWTVYME5xWV9hNkZzaDRWSjlFSWZfaTVkTEFhRi1kWHItZ0Fmcm9QOHBUZVlZNUZmWEFhRjF0RDdXSy1SYm1JM3plbHpqU3c2clBRenc4cUF2amJEYzFZQmFxRVdSUFJBZ9IBuwFBVV95cUxNMjZXUEdqQ3FpTXBnYjhwUUNjWl9Lbi1rOVozSUM1S0hjSHQyTkU4b2Y2c0lWZ3NwQS0ydlJzUWtQclhSZ2Ffa3ZOVG1laGFpOFZ1RW1KZmJoUWpwZHh6MXlrcnQzcG9FUDdmV2hZUVJBOVpsOVVqbjh5OWt0M3JHNVZWMEluNkRKcjQ1Y21NTEVxVEpFSDZkXzdhMDVpUXpXRHhZMVdzQ21uMkJoZllKV3R0Q2FET2MycWF3?oc=5,"ABC News - Breaking News, Latest News and Videos",30 Sep 2026,,no,,,,no,yes,0,8
South Africa,Governance,March and March immigration protest: South Africa anti-migrant group protest against gender-based violence and illegal migration,https://www.bbc.com/news/articles/cmrly809n8p6o,BBC,30 Sep 2026,,no,"About 150 anti-migrant demonstrators gathered in a south coast town to stop a group of migrants, who had crossed the English Channel in a small boat, being brought ashore by the RNLI.",Some flares were set off and there were a few scuffles with police during the stand-off at a marina in Gosport that lasted into the early hours of Monday morning.,The Home Office said 149 migrants were picked up in a mid-Channel rescue operation by the RNLI alongside a French vessel.,yes,no,1,16
South Africa,Governance,Targeted killings and South Africa’s 2026 local government elections,https://globalinitiative.net/analysis/targeted-killings-south-africa-2026-local-government-elections/,Global Initiative against Transnational Organized Crime (GI-TOC),2 Oct 2026,,no,"This report assesses the main patterns in targeted killings in the first nine months of 2026. Political killings and mass killings are counted to 30 September. While it focuses primarily on suspected political assassinations, it also places them within the wider context of organized crime hits, minibus taxi-related murders, personal/domestic murder-for-hire cases and mass murders linked to criminal markets.","By 30 September, the GI-TOC assassinations database had recorded 205 targeted-killing incidents for 2026 (see the next section for how the data is compiled). The figures point to a significantly higher-risk period before the polls. A number of developments warrant closer attention:",,yes,no,2,8
South Africa,Governance,Veteran white politician nicknamed 'grandmother' shakes up Johannesburg mayor race,https://news.google.com/rss/articles/CBMiyAFBVV95cUxPVUVkTVJvdldiN1dKZEZjckJqaFpway1yMi1mZEMwVW5zREoyR18tcHhYNGRXLXhlcGUzUzdHUGNQclMzYm9uSEFaVVluSjh3dnlVdzhydDBrZXV6WE1KQ3o4WTY5ZlBvTl9uVm9ydUlKVko5cmpLSWZ0dGJFdTk2R0xodGhyV3hrNTR1MzVvYXlia1RxWFU1QTNsRU51OFpMcXVGbUJ5QUQ5MkNBZDVuOU9IRU5OTjdGX2xNdkpwd1BLTktrZ2hTVg?oc=5,Reuters,30 Sep 2026,,no,,,,no,yes,3,12
South Africa,Governance,Nigeria-South Africa Rift Deepens as Anti-Migrant Protests Renew Tensions,https://politicstoday.org/nigeria-south-africa-rift-deepens-as-anti-migrant-protests-renew-tensions/,politicstoday.org,1 Oct 2026,,no,,,,no,no,4,4
South Africa,Agrifood & Climate,Better forecasts alone cannot save Africa’s poorest herders from drought,https://bioengineer.org/better-forecasts-alone-cannot-save-africas-poorest-herders-from-drought/,Bioengineer.org,5 Oct 2026,,no,,,,no,no,0,8
South Africa,Agrifood & Climate,"Sorghum, sugarcane and used cooking oil: how agriculture could help fuel South Africa",https://www.africanfarming.com/2026/10/03/sorghum-sugarcane-and-used-cooking-oil-how-agriculture-could-help-fuel-south-africa/,African Farming,3 Oct 2026,,no,,,,no,no,1,7
South Africa,Agrifood & Climate,"South Africa - Soil Types, Climate, Regions",https://news.google.com/rss/articles/CBMiYEFVX3lxTE1zQ2EzQnZURG9BdjAxbzRPMi1mZHpIUlZVTVNsems4clRGV0s4dnF1M3hJeE5OeUpXQU1uNnhvdFNmSlFpNmpWVV8wRjlfWjRkdERJRXVMRDJ0MWYwQkVQbw?oc=5,Britannica,30 Sep 2026,,no,,,,no,yes,2,6
South Africa,Agrifood & Climate,"Marnus Labuschagne ends 11-month century drought, finds his form days before first Test against South Africa | Cricket",https://www.hindustantimes.com/cricket/marnus-labuschagne-ends-11-month-century-drought-finds-his-form-days-before-first-test-against-south-africa-101791172186991.html,Hindustan Times,5 Oct 2026,,no,,,,no,no,3,5
South Africa,Agrifood & Climate,"Q&A: Joyce Kimutai—Climate Change, Africa's Food Systems, and a Failing Global Response",https://www.talkafrica.co.ke/qa-joyce-kimutai-climate-change-africas-food-systems-and-a-failing-global-response/,Talk Africa,4 Oct 2026,,no,,,,no,no,4,4
South Africa,Workforce & Human Capital,Zimbabweans struggle to rebuild after fleeing xenophobia in South Africa,https://news.google.com/rss/articles/CBMiswFBVV95cUxQc2R2SERRbWtrS1YzVkxQS1N0SEM0cmtIbmhLeWlaX0hnMVlRb3U4RVdoc1FzRTFFVzdhVHRaU2U0dVFBY2FyTDNvSEtaSGp5Z1pCYk54czVKN0M1ak04Z09wR2N0LVJmZ1Mtc2pxLW1wOUNvNmVJeTU1Z3VoVnR3Y3VxOGZFX0dUSF9XWnRvR18tNHF5dmsxUEFObUNFbmxxUEJZaU9MVXRKLW9ITkRTajVJWdIBuAFBVV95cUxNdktQc3IzRlhvQ0lBRTJFdF9jWkxUeWs0bzk3c3VmcDNTQ2FWVXRnSTVLS3RrX09xTDR2QU9ZcHlsdjdwdVlGSndWM0ZsTmo1Nndvc0w1amhRTWtzVzVSSmQyb1hlM3BpaXJXS2FudlNoZkZnM3BuVFA0LWtLM0ZxVEdUTEZTVXZ5MWZLcFc1bnJoZE16MFdOcG5TQkZrTGFqVHVtenBpS2pEV2pmQTF0eGhIeEpQZkp6?oc=5,Al Jazeera,5 Oct 2026,,no,,,,no,yes,0,8
South Africa,Workforce & Human Capital,"LA28 Athlete Ambassador Jamal Hill Takes 1 Million Swimmers Mission To Soweto, South Africa",https://swimswam.com/la28-athlete-ambassador-jamal-hill-takes-1-million-swimmers-mission-to-soweto-south-africa/,swimswam.com,2 Oct 2026,,no,A landmark Los Angeles–South Africa partnership uses sport to advance aquatic inclusion and build connections that can extend all the way to 2028. Current photo via Local Action Marketing,"October 02nd, 2026 Africa , Industry , International , News",,yes,no,1,9
South Africa,Workforce & Human Capital,"10 best universities in Africa, according to latest ranking (2027)",https://africa.businessinsider.com/local/careers/10-best-universities-in-africa-according-to-latest-ranking-2027/nq63xkb,africa.businessinsider.com,1 Oct 2026,,no,"Africa’s universities are gaining greater visibility in the global race for academic recognition, even as North American and European institutions continue to dominate the upper reaches of international rankings.","The Times Higher Education World University Rankings 2027 show a broader African presence, with the number of universities from sub-Saharan Africa rising from 55 to 69. The University of Cape Town led the region, climbing to joint 147th globally, up from joint 164th in the previous edition.","South Africa remained the continent’s strongest performer, while institutions from Morocco and Egypt also featured prominently.",yes,no,2,8
South Africa,Workforce & Human Capital,South Africa’s technical talent takes centre stage at National Skills Competition,https://www.engineeringnews.co.za/article/south-africas-technical-talent-takes-centre-stage-at-national-skills-competition-2026-10-05,Engineering News,5 Oct 2026,,no,"The most cost-effective way to access all our Research Reports is by subscribing to Creamer Media's Research Channel Africa - 
						you can upgrade your subscription now at this link . For a full list of Research Channel Africa benefits, click here","South Africa’s future is being built by skilled young hands, and technical excellence deserves the same celebration as academic success.","This was the message at the 2026 National Skills Final Competition Awards Ceremony in Johannesburg yesterday, where the country's emerging technical talent took centre stage.",yes,no,3,7
South Africa,Workforce & Human Capital,"The most valuable resource in our education system is dedicated, well-trained teachers",https://www.dailymaverick.co.za/opinionista/2026-10-04-the-most-valuable-resource-in-education-is-dedicated-well-trained-teachers/?dm_source=blocks-list-item&dm_medium=card-link&dm_campaign=inform&dm_position=15,Daily Maverick,4 Oct 2026,,no,"On World Teachers’ Day, South Africa honours 485,000 educators — celebrating their impact while calling for less bureaucracy, better support and safer schools.",Siviwe Gwarube is Minister of Basic Education in South Africa’s government of national unity.,,yes,no,4,6
WAEMU,Macroeconomy,Bank rates: BCEAO updates data across WAEMU,https://www.capmad.com/article/bank-rates-bceao-updates-data-across-waemu/,Capmad,28 Sep 2026,,no,,,,no,no,0,8
WAEMU,Macroeconomy,AES: Towards a Common Market,https://news.google.com/rss/articles/CBMidkFVX3lxTE9tUUpRTDJ0cGhjLVNRZVlhY1ZTVmtDTGFZZENodW9vUWl4VXp2c2diQkV4em5PWW12b21qWVVSWGhEVlcwNGF4aC1fSHl5VlVVYXY0eUxmeUlwMWN1MkZ1TkJjZlpEdEktaF9ucnFnQ25wZ1pNYXfSAXtBVV95cUxQVklhWmNLR0E0ZUVqQ1BKYjY0ZERSSWhWUkxjalp3ODZXOV83SmV0VGIzZzZHVnZzWnBOYjF3bGl4WVNRbVhOX1lzQ0xacWl6RlFSQzZvejc4VXBFUXdMVWpXZHdtV1RocFQ0T2QzRDBFeFF6OXEwRUtZX1k?oc=5,Powers of Africa,29 Sep 2026,,no,,,,no,yes,1,7
WAEMU,Digital Economy,"Ollo Africa, Ecobank Launch Digital Family Savings Account in Togo",https://www.togofirst.com/en/finance/2809-20191-ollo-africa-ecobank-launch-digital-family-savings-account-in-togo,Togo First,28 Sep 2026,,no,,,,no,no,0,11
WAEMU,Digital Economy,Cotonou fintech forum to test whether digital payments create value,https://news.google.com/rss/articles/CBMimAFBVV95cUxNX09CN0R3QjlzZkVVdXdfblR6UWZBQW1qQXE2eFN1V1ZIa1VWRGtlTkdqR1pmUjNSQWlMT3kwVUJnek9mLWxxTElEOHpMRmU5emFDQlAxY0JKS0wweVNvTWpLeWVtRkZXWDk1LVZyOVVjVm5MX0RxSElUaGRvajdQX2tTbjJmRGFQLXZ5YWk0clJXSEhrTEdoZw?oc=5,newsghana.com.gh,29 Sep 2026,,no,,,,no,yes,1,7
WAEMU,Governance,Tobacco taxation: A new simulation tool implemented to help the government maximize revenue and public health,https://www.seneweb.com/auth/login?redirect=%2Fsearch%3Fq%3DTobacco%2Btaxation%2B%2BA%2Bnew%2Bsimulation%2Btool%2Bimplemented%2Bto%2Bhelp%2Bthe%2Bgovernment%2Bmaximize%2Brevenue%2Band%2Bpublic%2Bhealth,Seneweb,30 Sep 2026,,no,,,,no,no,0,11
WAEMU,Workforce & Human Capital,"Constitutional Council, WAEMU directive, Court of Auditors: The Minister of Justice lays out his arguments to legally secure the system",https://seneweb.com/auth/login?redirect=%2Fsearch%3Fq%3DConstitutional%2BCouncil%2B%2BWAEMU%2Bdirective%2B%2BCourt%2Bof%2BAuditors%2B%2BThe%2BMinister%2Bof%2BJustice%2Blays%2Bout%2Bhis%2Barguments%2Bto%2Blegally%2Bse,Seneweb,1 Oct 2026,,no,,,,no,no,0,11
Burkina Faso,Jobs & Employment,"Burkina Faso - Population, Migration, Urbanization",https://news.google.com/rss/articles/CBMickFVX3lxTE9qMlRzZFYzWEZ4RU5sLWhJMm4wSXByYkZ0QjYzOGNlcVdzRmxISG4zbFJQRUsweE1LNGVrVDdLZHB1clhiZ2dROGRBbE9OZTJLZm04WkV6ejloQkhaVlF2QzE3aGZOSkFpdXg1UU9zcC11QQ?oc=5,Britannica,1 Oct 2026,,no,,,,no,yes,0,8
Burkina Faso,Jobs & Employment,Burkina Faso: Ibrahim Traoré opens first gold refinery in push for mining sovereignty,https://www.theafricareport.com/431964/burkina-faso-ibrahim-traore-opens-first-gold-refinery-in-push-for-mining-sovereignty/,The Africa Report,29 Sep 2026,,no,"Burkina Faso inaugurated its first gold refinery on 28 September, in the presence of the junta leader, Captain Ibrahim Traoré, according to a statement from the presidency.","“ Burkina Faso has taken a historic step in its quest for economic independence,” the presidency said in a social-media post.","Construction of the Burkina Faso National Gold Refinery, Raffinor-BF, began in late November 2023. It has the capacity to process 164 tonnes of gold a year, with plans to raise this eventually to 515 tonnes, according to the presidency.",yes,no,1,14
Burkina Faso,Jobs & Employment,Burkina Faso opens $19 million gold refinery as Traoré pushes to keep mining wealth at home,https://africa.businessinsider.com/local/markets/burkina-faso-opens-dollar19-million-gold-refinery-as-traore-pushes-to-keep-mining/d0xl082,Business Insider Africa,29 Sep 2026,,no,"President Ibrahim Traoré inaugurated the Raffinerie Nationale d’Or du Burkina Faso in Ouagadougou, saying the country wanted to move beyond extracting minerals and develop the full value chain locally.","Built at a cost of about 11 billion CFA francs ($19 million), the state-backed refinery will initially process 164 tonnes of gold annually. A second phase is expected to increase capacity to 515 tonnes a year.","The facility will handle refining, assaying, certification and secure storage, allowing activities that have largely been carried out outside Burkina Faso to take place domestically.",yes,no,2,8
Burkina Faso,Jobs & Employment,Argentina vs. Burkina Faso Lineups & Confirmed Team News- Is Lionel Messi Playing Tonight?,https://news.google.com/rss/articles/CBMiigFBVV95cUxOUDh3bUdyMzh3bkJoUE0xYzNpYWYxNkJDTXhRYmZjTTA4b1QxUVQ2TnkzLVhhSDJWOWZvMG9XMGl4S1RFdW5GRGs3emJnaGpJMmU0TEg4RHppbHk3TDdjRTNIRUN3VDF2ZC1iNXc2aWFfMkh1WDcwbFhSQW1EQWdibHhqd09XSkRzVUE?oc=5,Yahoo Sports,3 Oct 2026,,no,,,,no,yes,3,5
Burkina Faso,Jobs & Employment,Why isn't Lionel Messi playing for Argentina against Burkina Faso?,https://news.google.com/rss/articles/CBMi3AFBVV95cUxNNFNNWno0b1QtRGVSQ2RsQnFaMVRtSEM5amktLWRVdUNzTU9fdGJ0c2ltWVhIaUMwVWdWNUs2bGdIZkFDSGNRdTRPVS15YzFKaHZiY0p3RFpfNUZiekEwdGRoTThCaFdRM0o3R195UExySmlleTZXOGZkZ0xiTEZoWXhFYzVEb2FkaXRDV1c3aDJpV1JvRThYZGhfOG9aRFhKMTFLemZmZlI3REhFVjRMenVkYk9LT3ZxMVJRbUI3OWhtdWl4QjhKcGFmV2h4ZkJZZ0NNUkx1aEVnNUM2?oc=5,usatoday.com,3 Oct 2026,,no,,,,no,yes,4,4
Burkina Faso,Macroeconomy,"Tracking the ""America First"" Bilateral Health Agreements",https://www.thinkglobalhealth.org/article/tracking-the-america-first-bilateral-health-agreements,Think Global Health,29 Sep 2026,,no,,,,no,no,1,7
Burkina Faso,Macroeconomy,Argentina Burkina Faso Soccer,https://news.google.com/rss/articles/CBMiwgFBVV95cUxPZzdfRXdzRmJrWjVtSnR5TnFqOHhFMlRyUm5QYmJlcjFUWGZXLTgzZEdkUEFoVEJkbjFQMUR1NS12NlJESUcxTm8tYlhiUkEwbXhUdXo3RXIxMVBRZ0hIcm83MmZaMXlHdU1JYlpPRmVJU20yenBqYzlLVmM5ZWxkNUhqSWNCbGtjWktCeUdXQnNabXFZcWF0UDZycDNFUlVadXdNdjd3eFlCeFFrVVdTY1JQS2dqZEViZG5NU1FYQ0cxUQ?oc=5,dailyrecordnews.com,4 Oct 2026,,no,,,,no,yes,2,6
Burkina Faso,Macroeconomy,How Burkina Faso's military junta successfully expanded state control over gold,https://www.intellinews.com/how-burkina-faso-s-military-junta-successfully-expanded-state-control-over-gold-472070/?source=burkina-faso,IntelliNews,1 Oct 2026,,no,"Burkina Faso has put its first gold refinery into service, with the plant representing an investment of more than XOF11bn ($19.1mn) and an initial refining capacity of 164 tonnes per year, according to a government statement on September 28.","The opening of RAFFINOR-BF in Ouagadougou extends a broader expansion of the state's role in gold since Captain Ibrahim Traoré seized power in the country's second military coup of 2022. Mining rules have been rewritten, state participation in privately operated projects has increased, the state mining company SOPAMIB has acquired producing assets and the government has sought tighter control over artisanal gold marketing.",Foreign miners nevertheless continue to develop and expand projects. Burkina Faso's emerging model combines greater state ownership and control over trading and processing with a substantial privately operated industrial mining sector.,yes,no,3,7
Burkina Faso,Macroeconomy,"In Burkina Faso, deaf dancers have a unique way to follow the rhythm and fulfill their dreams",https://www.greenwichtime.com/in-burkina-faso-deaf-dancers-have-a-unique-way-to-follow-the-rhythm-and-fulfill-their-dreams/,Greenwich Time,2 Oct 2026,,no,,,,no,no,4,4
Burkina Faso,Macroeconomy,"Burkina Faso Tells NGOs: Spend 80 Per Cent on the Ground, or Else",https://news.google.com/rss/articles/CBMilAFBVV95cUxQZHNFc1pmcnlaMHVKcUM4SmZmU29pMzI4a0RyQUlEM2lTSUVOa294X0FkbVEwbGpidDBONnYzZFdBODBIQkpoQ1ZMSXlqZHlid1QwZjhhZmpFYTBJMTB0ai1ybzdaOVBQRUNITGVSZFllUmYyU0Q1SHB5TGdqT0tZUHVaVHF3bjRnV3pUdGRzV0VHTEc3?oc=5,Modern Ghana,29 Sep 2026,,no,,,,no,yes,5,3
Burkina Faso,Digital Economy,These 5 FG projects are set to roll out in October; here’s how they’ll affect the $1tn digital economy,https://news.google.com/rss/articles/CBMigAFBVV95cUxOQnhrNHVWd01wT3lrUU5ZVjhrSmcyNHhJR2ptZkhFeWlHNnFvZFJiMzF1U0ZQMnE5T3VCenJlYlNnNUFtTHNzWllaTmpxOFM4eG1lWk83SVRZZnYwbjU1Q0lVbXB1bkxiemxVWlE0aUJrNGt1UzV6TnVXSEZmNTMwZw?oc=5,technext24.com,1 Oct 2026,,no,,,,no,yes,0,8
Burkina Faso,Digital Economy,Fintech Unicorn Wave Caves to Regulators as BCEAO Holds Firm on West Africa’s Payment Deadline,https://launchbaseafrica.com/2026/10/01/fintech-unicorn-wave-caves-to-regulators-as-bceao-refuses-to-blink-on-west-africas-payment-deadline/,Launch Base Africa,1 Oct 2026,,no,,,,no,no,1,7
Burkina Faso,Digital Economy,FDC Summit Paves the Way for the “Cairo Document for Trust and African Digital Integration” and Will Present Its Outcomes at the El Alamein Forum for Africa,https://eleqtisadenews.com/en/fdc-summit-paves-the-way-for-the-cairo-document-for-trust-and-african-digital-integration-and-will-present-its-outcomes-at-the-el-alamein-forum-for-africa/,الاقتصادي نيوز,4 Oct 2026,,no,,,,no,no,2,6
Burkina Faso,Digital Economy,"Qamrul Islam ‘shouts, protests’ during testimony at ICT",https://news.google.com/rss/articles/CBMingFBVV95cUxQd3VnX0E0QmczZ3JoeVpOX2ZCcmlyY2ltTFp6R3ZSZW5qRFdkVHJoQ211UG9yTkhJbGZsbGpvYllWQ2k3bk9nUUUyemtUMTNfVWE0SkNDdl93cmlIZ3plX2VmLXF2WmplbDBoRUd1b1FPNThCUS1qR1hibWhTdXZTUFJ2OW1ld1lSQWdBSm1DeS16T3FYYVJQXzRwX24wdw?oc=5,New Age BD,28 Sep 2026,,no,,,,no,yes,3,5
Burkina Faso,Digital Economy,Mali inaugurates a Tier III data center,https://www.connectingafrica.com/data-centers/mali-inaugurates-a-tier-iii-data-center,Connecting Africa,3 Feb 2026,,no,"During its third annual Digital Week, Mali opened a new Tier III data center as part of efforts to strengthen the country's digital sovereignty.","The facility, known as the National Data Centre, was inaugurated by the Ministry of Communication, Digital Economy and Modernization of Administration, under Minister Alhamdou Ag Ilyène, at a ceremony attended over the weekend by digital economy ministers from member states of the Confederation of Sahel States (AES).","The AES is composed of the West African nations of Mali, Burkina Faso, and Niger.",yes,no,4,6
Burkina Faso,Governance,"Too young to run, old enough to protest: West Africa’s unfinished democratic bargain",https://globalvoices.org/2026/10/05/too-young-to-run-old-enough-to-protest-west-africas-unfinished-democratic-bargain/,Global Voices,5 Oct 2026,,no,"A section of young delegates at the West Africa Youth Democracy Conference held in Dakar, Senegal. 8-10 September, 2026. Photo by Legis360. Used with permission.","This post is part of Global Voices’ September 2026 Spotlight series, “ Protest in Democracy .” With this Spotlight, we seek to explore the many forms of protest, the tactics states use to delegitimize and suppress them, and the complex relationship between protest and democracy. You can support this coverage by donating here .","In 2018, young Nigerians won a fight that had taken years to organise. The Not Too Young To Run campaign helped push through a constitutional amendment lowering the age limits for several elective offices. Eight years on, the legal victory has not made politics much easier for them. Party nomination and expression-of-interest forms can cost as much as 100 million naira (USD 75,000). Earlier this year, one Nigerian state set the nomination fee for a local government chairmanship at NGN 30 million (USD 22,000), reportedly more than the office’s official earnings over a full four-year term.",yes,no,0,10
Burkina Faso,Governance,Exiled Burkina publisher tells RFI of repression and fear four years after coup,https://news.google.com/rss/articles/CBMiuAFBVV95cUxOME1JYmQ1cVlQeFJud3p5WDBIa2RTRk9lY2pvVWE4U1R2WTVwZEZUR0U4VU0zN0h4VEZWYlRyTlA4Zi1DSlJNaUpzTFJ5bk1ud1pWNUF1LWlqakVTZjdnc2VvWnlKSGF3Nzc1U04zeWRDcko2U25VTVZqMjc3S1dPcERielZQUVlwa0piT3AwSTFCSW1KOWVIdFVFR084Q21YZlhqQUxGNTB2MHgzaFMwZlBQMXNxMTAz?oc=5,RFI,30 Sep 2026,,no,,,,no,yes,1,12
Burkina Faso,Governance,The Raging Information Battle in Nigeria,https://africacenter.org/spotlight/the-raging-information-battle-in-nigeria/,africacenter.org,29 Sep 2026,,no,"Foreign actors are targeting Nigeria with manipulative information operations to erode trust, deepen polarization, and shape security narratives to gain greater leverage over Nigeria’s political and economic trajectory.","Network map on Nigerian social media topics shows detected coordinated inauthentic behavior (in red) closely overlaps with accounts spreading pro-Russian narratives and those promoting military-led governance. The accompanying bar charts show the most influential accounts in this conversation across two 6-month periods. The leading amplifiers in both periods are documented or suspected malign information operation (IO) assets, illustrating how a relatively small number of coordinated actors can exert disproportionate influence. Over time these narratives are increasingly picked up and shared by authentic accounts. Click the graphics for a full size image.","Nigeria is facing a host of coordinated and deceptive foreign information campaigns intended to shape public perceptions of insecurity, governance, and Nigeria’s regional partnerships.",yes,no,2,8
Burkina Faso,Governance,Ibrahim Traoré: Burkina Faso gold refinery open for Ouagadougou,https://www.bbc.com/news/articles/c61mvdlk0327o,BBC,30 Sep 2026,,no,Burkina Faso has opened its first gold refinery as the military-led government seeks to process more of the country's mineral wealth at home and tighten its control over one of its most important industries.,Junta leader Ibrahim Traoré said the move was part of a wider effort to end the country's reliance on exporting raw materials for processing abroad.,"""We want to refine all our metals on site... we want to have the entire value chain on site,"" he said at the plant's inauguration in the capital, Ouagadougou, on Monday.",yes,no,3,14
Burkina Faso,Governance,"Côte d’Ivoire - Disputed Election, Political Standoff",https://news.google.com/rss/articles/CBMiqAFBVV95cUxPdUREWTlUNFFwcUlWM0pXUE5kdnlPejJzQ2NrcUNyV0lDcXhfS3lOSWd3eTFpUFYzTlJRZU82bUprdEFmb0dGT3g0cWtiZkhHQURpUjhrS0QtclFBSHMzb1V0aERWNGNjVDJMTnF2MS16UUVMQzloSGRKN1BvbEhMUmFoQXUzWmlxVDVHd21tWHpxcEIzOGx4NzF2Z0xkNHhjYnQ2UXk3TmE?oc=5,Britannica,2 Oct 2026,,no,,,,no,yes,4,4
Burkina Faso,Agrifood & Climate,Sixty-Year Farming Experiment Reveals How Rotations Tame Weeds in the Sahel,https://bioengineer.org/sixty-year-farming-experiment-reveals-how-rotations-tame-weeds-in-the-sahel/,Bioengineer.org,4 Oct 2026,,no,,,,no,no,1,7
Burkina Faso,Agrifood & Climate,Rethinking readiness: enhancing the foundations for climate finance in fragile and conflict-affected states,https://odi.org/en/publications/rethinking-readiness-climate-finance-fcas/,ODI: Think change,29 Sep 2026,,no,"Over the past decade, the international community has invested heavily in strengthening climate finance readiness. This report examines why these efforts have delivered uneven results in fragile and conflict-affected states.","Drawing on case studies of Burkina Faso, Chad and Somalia, supplemented by evidence from other fragile and conflict-affected states (FCAS) including South Sudan, Niger and Yemen, the report assesses readiness support across two interdependent dimensions: access-focused support - which builds the capacities needed to secure finance - and delivery-focused support - which strengthens the capacities needed to use finance once it arrives.",The findings reveal a consistent pattern across different countries.,yes,no,2,8
Burkina Faso,Agrifood & Climate,"Russia, Burkina Faso Strengthening Economic Cooperation – OpEd",https://www.eurasiareview.com/03102026-russia-burkina-faso-strengthening-economic-cooperation-oped/,Eurasia Review,3 Oct 2026,,no,,,,no,no,3,5
Burkina Faso,Agrifood & Climate,"Flash flood watch in effect as rain, cooler temperatures move into drought ridden Central Texas",https://news.google.com/rss/articles/CBMihwJBVV95cUxPQVN2eDdTNnNQQWZKTUoxcDR3Ui1zYjBmcHpBa0swdk9MeHgyRkhNendmcV9reUxKOVE1clNYUEFWVElkajd3dTQ3SEZxOWdGRERvVkdGaWg0bV94YzFHMnAyU3pOZGt6eHNXMC1HMWRlRUFkMUk0RWhjM1l4Z0hpNHNXMS1mVGVGc0lXQVVoUVNyX3A2Z3JYSWtVbVljbkZ0LVZ2bGdFZTZZZ1R2MUQwWWNfbU8xVkVCN0x5dDVFaW5tV1gxcFJUSXF0bFBxbTZrS1RvazJJbUJZS184WDc2NjdVWXRsN2RyWXExb3FPRG5jaFp1N1JsREFoTWZKX25rVEFsZklrdw?oc=5,The Killeen Daily Herald,1 Oct 2026,,no,,,,no,yes,4,11
Burkina Faso,Agrifood & Climate,‘Money alone won’t get us there’: UN steps up aid for 12 forgotten crises,https://news.google.com/rss/articles/CBMiV0FVX3lxTFA0X3dZeTNTZnVGQmdpU3ljeVE2LUJIbmtTaV8tRTltbTJ2eUwtRXg0Tzk1a3QyeExSUGpjb2JPbXRmZ1NuNC1VQkhzTzlHMWJxa0pqeFFvMA?oc=5,UN News,2 Oct 2026,,no,,,,no,yes,5,3
Burkina Faso,Workforce & Human Capital,Burkina Faso deaf dancers use special technique to follow rhythm,https://www.africanews.com/2026/10/02/burkina-faso-deaf-dancers-use-special-technique-to-follow-rhythm/,africanews.com,2 Oct 2026,,no,"Adama Sanou is ready for another dance session with colleagues at Au Déla de l’Handicap (ADH) headquarters in Bobo-Dioulasso. He's deaf, but that doesn't stop him taking part in an activity that relies on music.",These hearing impaired dancers use the Vibra-Signe technique to feel the rhythm. Dance in the West African nation has become a tool for empowerment.,"It's especially important here, where limited government support and resources have made it challenging for deaf people to thrive and socialize.",yes,no,1,13
Burkina Faso,Workforce & Human Capital,Joseph Ki-Zerbo,https://rightlivelihood.org/the-change-makers/find-a-laureate/joseph-ki-zerbo/,Right Livelihood,29 Sep 2026,,no,"Education: Institut d’Études Politiques, France (Honours Degree in History, 1955)","Joseph Ki-Zerbo (1922-2006) was a scholar, historian, and writer politically active in Africa, especially in his country of origin, Burkina Faso. As a historian, he focused his work on endogenous development, founding the Centre d’études pur le Développement Africain (CEDA). One of his primary goals was inspiring other Africans to pursue development projects which integrated ecological preservation, social praxis and cultural identity. CEDA was the base from which Ki-Zerbo conducted his intellectual crusade to re-found African development goals and methods.","The three strands of Ki-Zerbo’s life and work – historian, action researcher and advocate for endogenous development, and politician – were closely linked. His profound understanding of Africa’s past was the bedrock for a political philosophy that sought to establish the framework for a different and genuinely African path of development.",yes,no,3,7
Burkina Faso,Workforce & Human Capital,Thomas Sankara,https://news.google.com/rss/articles/CBMiYEFVX3lxTFBmNkRWNEJNREhlclN1MjI5czJyenpkRWo5UF94Smc1cHdBdTlPckVrS2lBbUk1aDRsN1p4Y0JJcHRtdGs2YTEwX2pUcEJCcnBnQnV3XzFQUWF6MFh3THFXbQ?oc=5,Britannica,1 Oct 2026,,no,,,,no,yes,4,4
Burkina Faso,Workforce & Human Capital,Burkina Faso 1-0 C. African Republic | AFCON Qualifying,https://news.google.com/rss/articles/CBMiswFBVV95cUxQYlFRTmpmWHY5S1JMNzhXUGJwWmxYZHpjSEtLamJVN1dlZ2xVNERHY1ZLblo3RElKdHlzNGNiV3E1b3F2aWJsd3VQR3ZucHlvZHYyZG1xRDdXQjBMYWtOeXhTdmVNRHlNa3BtOGF6VURxdGJ6eFJqZ1NENTh6bGhBU01nQU8xU2RqVkNsNlFqMFU2YnBRWlRLM21sZE13VDRIUDdRMUpiSklOcGxNajgxTXdMWQ?oc=5,247Sports,28 Sep 2026,,no,,,,no,yes,5,3
Burkina Faso,Workforce & Human Capital,Mastercard Foundation Unveils $500M AHEFT Prize To Advance Africa's Higher Education,https://news.google.com/rss/articles/CBMif0FVX3lxTE1raVVzWmZFNXd1LXByTkZPZlR6TEp6ajR0YVV2cno1Rms0TlNNXzROa1dtT1JOZ0w5SXJ2eEhxT1EtU3RsM1FFdkdhRzBYY3FmWmNFd3NWdExZRU0xMG04VW40S1pCRmhTWTFTYWlSMXR4ak4zTWFTblBneC1SMFE?oc=5,techbuild.africa,29 Sep 2026,,no,,,,no,yes,6,3
Congo Brazzaville,Jobs & Employment,Dealer Network Expansion and New Distribution Structure Across Northwest and Central West Africa,https://news.google.com/rss/articles/CBMirwFBVV95cUxOWFl1V08tOFRpdi1NZVNjb2JaTmg1dktBdWdkTmZURDZJeHJhQnllMTZfY1FKTWc0RmwtNE45RGNKa212c2lBYXo2bWxhZ04wbi1saGFOQ1hrTkxnM2ZTeC1HZ1d2VGZyYThWWDFjNTl6LUVUOFRWRm4yM1NuWlZNb08yQmI2TXFkaDV4b0hBcnBKYVozNGdKdHdqdm9vejBJSE1meEN0bzJtUHNkeklv?oc=5,hitachicm.com,29 Sep 2026,,no,,,,no,yes,0,8
Congo Brazzaville,Jobs & Employment,Tshisekedi Pledges Compensation After Deadly Incident with Congo-Brazzaville Forces,https://news.google.com/rss/articles/CBMirgFBVV95cUxOM1VnWUl0OWxqYnN0cnNMMGo3UzhIdnZLTWZCYXllZndoYkpqMkY5RGt1ajFjTzhzenNOd0lpRjk1RTFGNUl3Nm9RSnZpeG1TZkNfeXBhQnh4MUs5OVRYTWtYTGN2U0FNdFVoeDRpTjVtc2FaYlZ2TG4wdXBXSHFGY09PYThFUndpRmJWeW5sZVI5SUdXOEZOQmYyVjFUXzZGRVhKNFRycDdMeWtGU0E?oc=5,ChimpReports,4 Oct 2026,,no,,,,no,yes,1,7
Congo Brazzaville,Jobs & Employment,Vally Amisi family demands answers over extradition of main suspect,https://www.africanews.com/2026/09/28/drc-vally-amisis-family-demands-answers-africanews-today/,africanews.com,28 Sep 2026,,no,,,,no,no,2,10
Congo Brazzaville,Jobs & Employment,Violence Disrupts Ebola Response in DR Congo,https://allafrica.com/view/group/main/main/id/00098320.html,allAfrica.com,2 Oct 2026,,no,Congo-Kinshasa: Ebola Response Faces Setback As Transit Centre Burns Down in DR Congo Camp,The enormous challenge of halting the spread of Ebola in the Democratic Republic of the Congo (DRC) just became even harder after a key transit centre for patients requiring… Read more »,Congo-Kinshasa: Early Access to Care and Oxygen Decisive for Ebola Patients' Survival - WHO,yes,no,0,10
Congo Brazzaville,Jobs & Employment,Republic of the Congo – National Day 2027,https://www.awarenessdays.com/awareness-days-calendar/republic-of-the-congo-national-day/,Awareness Days Calendar,28 Sep 2026,,no,,,,no,no,1,7
Congo Brazzaville,Macroeconomy,Imports: Congo-Brazzaville increases external purchases by 5.9%,https://www.capmad.com/post/imports-congo-brazzaville-increases-external-purchases-by-59,Capmad,1 Oct 2026,,no,,,,no,no,0,8
Congo Brazzaville,Macroeconomy,MTN MoMo launches remittance service in Nigeria,https://www.connectingafrica.com/fintech/mtn-momo-launches-remittance-service-in-nigeria,Connecting Africa,30 Oct 2024,,no,"MTN Nigeria's fintech business, MoMo PSB, has introduced its new outbound and inbound remittance service, allowing customers in Nigeria to transfer money to 13 different African nations.","This service will allow Nigerian users to transfer money directly to Benin, Cameroon, Congo Brazzaville, Côte d'Ivoire, The Democratic Republic of Congo (DRC), The Gambia, Liberia, Malawi, Rwanda, Sierra Leone, Togo, Uganda, and Zambia.","Furthermore, Nigerian users can also receive money from six African countries including South Africa, Rwanda, Uganda, Zambia, DRC, and Mauritius.",yes,no,3,7
Congo Brazzaville,Digital Economy,"Angola, Kenya partner to strengthen ICT",https://www.connectingafrica.com/partnerships/angola-kenya-partner-to-strengthen-ict,Connecting Africa,3 Nov 2025,,no,"Kenya and Angola have signed a memorandum of understanding (MoU) to collaborate on technology advancement, satellite networks, ICT training, digital economy, rural connectivity, cybersecurity and digital literacy.",The MoU was signed on the sidelines of the Luanda Financing Summit held in Angola late last week.,"According to Kenya's Principal Secretary for the State Department for ICT and Digital Economy, John Tanui, the agreement was made between Kenya's Cabinet Secretary for National Treasury and Planning, John Mbadi, Angola's Minister of Telecommunications, Information Technologies and Social Communication, Mário Augusto da Silva Oliveira, and Kenya's Ambassador to Angola, Joyce Khasimwa M'maitsi, to expedite Kenya-Angola ICT cooperation.",yes,no,0,10
Congo Brazzaville,Digital Economy,Ex-Digicel exec Stephen Blewett re-joins MTN Group,https://news.google.com/rss/articles/CBMinAFBVV95cUxQMU5hRHg0UDRnaFhlMWUtMGcyVFdBb0RtakZLRnFEelcwWXo0bENLS3RHOTE1NHRwM0J1MWpQYWN0OVhzb2xWaEF1dVd5dUpvMkRJWlM5OUpkYTVpNkdreXQ4RXdFUHFsSjFwQ3VKRTZucnJnd0JHTkU3SzBaQ1VGQV9JeFRtWjlIdm5nb0I3OEtnVk8zZG1UNFY0UkE?oc=5,ITWeb Africa,13 May 2025,,no,,,,no,yes,1,7
Congo Brazzaville,Workforce & Human Capital,"Ndola demands Ilampi as power cut affects march Zambia defeated Togo 2–0 in their Group I Matchday 2 fixture of the 2027 Africa Cup of Nations (AFCON) qualification campaign on September 29, 2026.",https://news.google.com/rss/articles/CBMi4wFBVV95cUxPYlVSZFJMSEtSSDZFTDRVM0RwUmlNWUhjUk9paVA5VlEtYlFWNUlMTUt6azl4clB4RzhXYU9icFljNVhxenI2WEJrSE15RTQyVlJXZU1YMWxPUGl0MjhNR3pKWTI4U2x3M19kWEpmVS0tREtNcjgxVU84OHdMQnVXcXBNRXFfOHFTV3lmQVJEY3VtN3QteGYzc3RfRUxUUHhNZEVZQl9SdzVwUUpTSnNDY09BdG1jellJVFh4ZVUweE1RcFZncnlsNFlIa0E1bjE1QTNDVS0xTlMxZTFFMFA3b3AyVQ?oc=5,facebook.com,29 Sep 2026,,no,,,,no,yes,2,6
Congo Brazzaville,Workforce & Human Capital,NIGERIA @ 66: CELEBRATING 50 VISION-DRIVEN PROFESSIONALS ADDING VALUE TO NIGERIA'S ECONOMY,https://guardian.ng/news/nigeria-66-celebrating-50-vision-driven-professionals-adding-value-to-nigerias-economy/,The Guardian Nigeria News,1 Oct 2026,,no,NIGERIA @ 66: CELEBRATING 50 VISION-DRIVEN PROFESSIONALS ADDING VALUE TO NIGERIA’S ECONOMY,Dr. Sandra Nkechi Uzodimma: Championing Maternal Health and Purposeful Parenting,"Through visionary leadership, strategic advocacy, and social impact, the founder of Mom of Boys Nigeria and Maternal Health Initiative for Mothers is transforming family wellbeing and building the foundation for national productivity.",yes,no,3,7
Congo Brazzaville,Workforce & Human Capital,Ebola at State House? 14 staff quarantined as Ruto's Congo trip shelved,https://www.standardmedia.co.ke/,standardmedia.co.ke,25 Jul 2026,,no,,,,no,no,2,10
Eritrea,Jobs & Employment,"As Iran War Smolders, Shunned Eritrea Looks to Come in From the Cold",https://news.google.com/rss/articles/CBMivgFBVV95cUxPQWFHOXh1VHR0QUFlTjI1ZkkwX3hlRy1reVJ1THQyaDd1UkNpNWRxSmxUWEwwX3FDRHh4N3hfc1VVbVNadVRnbHNLT1FXaFZtc0FDTHRKYzBQYjBwTHlPdnVqR2Mzdnp6eVUyOE9PY3JFdk1URFRFbFo0YUkzanZoMFFjYTVsekgydnlsTzF5TEFFZl9fNzZzNFJ4enFLelc3Z1dQcWtCRGt5OUt6R3MxWnpBdW5iYVBjTDJvLTlB?oc=5,U.S. News & World Report,5 Oct 2026,,no,,,,no,yes,0,8
Eritrea,Jobs & Employment,Egypt hosts four-way summit as tensions with Ethiopia escalate,https://www.thenationalnews.com/news/mena/2026/10/04/egypt-hosts-four-way-summit-as-tensions-with-ethiopia-escalate/,thenationalnews.com,4 Oct 2026,,no,"The leaders of Egypt , Eritrea and Sudan – three nations accused by Ethiopia of aiding an anti-government rebellion – plus Somalia met on Sunday to shore up their loose alliance.",The Egyptian presidency said the summit was designed to “co-ordinate and consult on regional issues of interest” to the four countries.,"However, sources said the meeting would announce several measures to consolidate the alliance of the four nations, including wider military co-operation.",yes,no,1,9
Eritrea,Jobs & Employment,World in Brief: Thousands arrested in French protests; bond sell-off eases,https://news.google.com/rss/articles/CBMilwFBVV95cUxPcG15ZV9SczYySF9lVEJ6RVRBeHA3dWhjeGs1RW5BQU5tQUJJZHF5WmdiV0lsTWRkdUxpQVRFUnhHS0VjMmVBNnhFM1N6SkVWMnE2aUtQTE5PRk9SM3FEeEVFUDVoa1NuYm9DOEdIYktLNU5oVWFTX202OG9Zcm9BNm50eTRoaXN1VmRpWW5HdDBUbHJJYXNz?oc=5,The Economist,2 Oct 2026,,no,,,,no,yes,2,12
Eritrea,Jobs & Employment,"Diplomacy, not escalation, must guide Ethiopia, Eritrea and Egypt",https://capitalethiopia.com/2026/10/04/diplomacy-not-escalation-must-guide-ethiopia-eritrea-and-egypt/,Capital Newspaper,3 Oct 2026,,no,,,,no,no,3,5
Eritrea,Jobs & Employment,Ethiopia–Eritrea Crisis Deepens as Diplomatic Ties Collapse Amid Renewed Fighting,https://sunatimes.com/articles/6632/EthiopiaEritrea-Crisis-Deepens-as-Diplomatic-Ties-Collapse-Amid-Renewed-Fighting,Sunatimes.com,2 Oct 2026,,no,"Tensions in the Horn of Africa have escalated sharply after Eritrea severed diplomatic relations with Ethiopia, marking one of the most serious breakdowns between the two neighbours since their historic rapprochement in 2018.",Eritrea rejected the accusations and responded by announcing the termination of diplomatic relations with Ethiopia. Asmara has denied Ethiopian allegations that it is supporting an armed opposition alliance led by the Tigray People's Liberation Front (TPLF) .,The diplomatic confrontation comes amid renewed heavy fighting in northern Ethiopia between federal forces and armed opposition groups.,yes,no,4,6
Eritrea,Macroeconomy,U.S. urges restraint as Ethiopia-Eritrea tensions rise,https://www.garoweonline.com/en/world/africa/u-s-urges-restraint-as-ethiopia-eritrea-tensions-rise,Garowe Online,4 Oct 2026,,no,"Washington, Oct 4 (SANA) The United States urged Ethiopia and Eritrea on Saturday to exercise maximum restraint and return to dialogue as fighting in Ethiopia’s Tigray region heightened regional tensions and raised fears of a wider conflict in the Horn of Africa.","Ethiopian federal forces entered Tigray’s capital, Mekelle, on Saturday, according to a humanitarian source cited by AFP, while residents reported that Tigray People’s Liberation Front (TPLF) forces had left the city. Telecommunications disruptions have made developments on the ground difficult to independently verify.","U.S. State Department spokesperson Tommy Pigott said the rising tensions between Ethiopia and Eritrea could affect the entire region, warning that the Horn of Africa could not afford another military conflict or humanitarian crisis.",yes,no,0,10
Eritrea,Macroeconomy,Eritrea Cuts Ethiopian Ties as Horn of Africa Tensions Flare,https://news.google.com/rss/articles/CBMitgFBVV95cUxQM0w2U2tiNjRpTlRZdzhkRkhWMmJycGFCOVYycjBmVFlzWmFjbWh5WFk5MVZnX1N5UEY2bXFiaXZDOGxLZG4tdTg3Wld3eF9ZSkFzQ3o3OWFGNy1wanVEdU1YTnh4RVlYWEF0MXF0akt6WGFKdU9oVU1TWDZPSjFGQVBOR3c1clhqeUUtRnR0UEsxT2dzWVNaWkF3V2VEbWM5dkZURGNGRlh5aHpobEE2WVZfQzhpZw?oc=5,Bloomberg.com,2 Oct 2026,,no,,,,no,yes,1,14
Eritrea,Macroeconomy,"Egypt, Sudan, Eritrea, Somalia issue declaration on Red Sea governance, state sovereignty, water rights",https://eastleighvoice.co.ke/africa/408340/egypt-sudan-eritrea-somalia-issue-declaration-on-red-sea-governance-state-sovereignty-water-rights,The Eastleigh Voice,5 Oct 2026,,no,"Thanks for listening. Continue with a related story, or tap the speaker icon on the next page to listen.","Egypt stresses Red Sea, Bab al-Mandab Strait security amid Yemen tensions","In the El Alamein Joint Declaration issued following the quadrilateral consultative summit in Egypt's New Alamein, the leaders rejected interference in the internal affairs of the region's states ""under any pretext.""",yes,no,2,8
Eritrea,Macroeconomy,"US urges Ethiopia, Eritrea to show restraint",https://www.devdiscourse.com/stories/us-urges-ethiopia-eritrea-to-show-restraint/,Devdiscourse,4 Oct 2026,,no,,,,no,no,3,5
Eritrea,Macroeconomy,France demands belt-tightening in 2027 budget as investors sour on its debt,https://news.google.com/rss/articles/CBMiugFBVV95cUxOZjZCanpUMWhNWjhycHpyRjFxbnZ2Rng4aXlpbHhUaFhCd1o5LVc3bkZXQkdjejVZZ0o1cjhINGstVEdYYnVQM21pWldmcGlSaW9aZ1l6di1uR1VCVUVYWDBOdDQ5Vzh0SUtzTXR1ZlE0NTBfOWZBOFR2dGZaVWFiWmowY1owSnZfb2tvWW8yb2RrcFVHMm1HVlNGVUFrT3BzQjM2NTNWZ044bWpNMGxZV0hZZGlVX3VmTVE?oc=5,France 24,1 Oct 2026,,no,,,,no,yes,4,4
Eritrea,Digital Economy,Former U.S. Envoy Nagy Calls Eritrea’s Situation “A Tragedy”,https://www.ena.et/web/eng/w/eng_9673423,ENA English,29 Sep 2026,,no,,,,no,no,0,8
Eritrea,Digital Economy,Renewed hostility between Ethiopia and Eritrea raises tensions in the Horn of Africa,https://news.google.com/rss/articles/CBMitwFBVV95cUxPRWFLa3JRaUVBb2NuWmZNbUpzb2NUUTVXdkxQQ041MmhlWUlwUmI5STdyTzZKRUZpR29ZU1RUa3locHVLSzYwRU1KcEExcTVYdGNCN3ZkTXJGLVhyM01IQkxJcE5kRE5TbmJTekhuTmotTF9XUFM2MGFrOEs5MzY0ZjJaWWprV1BWaTBuUi1wSDVILWhiWHZwcVpBU29VeVdtUG1RWHFTU0tOdUVFRUpLZGJVVVJxVEE?oc=5,EFE - Agencia de noticias,3 Oct 2026,,no,,,,no,yes,0,8
Eritrea,Digital Economy,Ethiopia and Eritrea break diplomatic ties over conflict - Eye on Africa,https://news.google.com/rss/articles/CBMijAFBVV95cUxQeHlyV0hHVUpFaXVLUzN3V1loVW5HUjNacUwycFFPREg4WkZ6WG14NDJ3U09QT0ItUTVBYVFuYTV4UXg5bHNNTjYzZ2tQbGZXVl9oakVucm1mbDRpNjM1T1J6dXBuT2doalFNX2JiWHZVRTNXZU9XM1N1cmh5Y25CY0pMX01QcmxPNXc1bQ?oc=5,France 24,1 Oct 2026,,no,,,,no,yes,2,6
Eritrea,Digital Economy,"Eritrea - Red Sea, Horn of Africa, Conflict",https://news.google.com/rss/articles/CBMibEFVX3lxTFB1U2hxenFHZ2FOTVBTSkNldTR6MS1qcGtZZW42ZWFOS3Z4ajBmNFF0MW1lVUwxcE5CbFhoNDJ3eThodTlaYUlxUXFEWXFwdFpJN3NFMjg0ZUM2S2RrNEw1X3dDVWJDTURsY0VxQg?oc=5,Britannica,1 Oct 2026,,no,,,,no,yes,3,5
Eritrea,Digital Economy,Ethiopia and Eritrea cut diplomatic ties as northern conflict escalates,https://www.bbc.com/news/articles/crpd0d0jl0y0o,BBC,2 Oct 2026,,no,Ethiopia and Eritrea have severed diplomatic relations as renewed fighting in northern Ethiopia raises fears of a wider regional conflict.,"On Thursday, Ethiopia announced it was closing its embassy in the Eritrean capital, Asmara, and ordered 10 Eritrean diplomats to leave the country within 48 hours, accusing them of activities that threatened national security.","Eritrea responded by cutting diplomatic relations, saying Ethiopia's decision had left it with no choice but to take reciprocal action.",yes,no,4,13
Eritrea,Governance,Ethiopia and Eritrea Sever Diplomatic Ties as Tigray Rebels Claim Drone Strikes on Addis Ababa,https://www.democracynow.org/2026/10/2/headlines/ethiopia_and_eritrea_sever_diplomatic_ties_as_tigray_rebels_claim_drone_strikes_on_addis_ababa,Democracy Now!,2 Oct 2026,,no,,,,no,no,0,8
Eritrea,Governance,Ethiopia and Eritrea sever diplomatic ties as northern fighting escalates,https://news.google.com/rss/articles/CBMiwwFBVV95cUxPVmRQeE0yUmJiQkRnMnlqS0pNZWRPcVZNWkxIS25CY0hELWxzbFRqUHl5cF8tYmZjOHpxOGVmc2ZxdXNCMmxFMUJSRkJ5NkU2MHhablJHb3pTdVJyNXVNUWVMTGwyb1lJdXdzek5yV2dGcHNzc0JndGFkdnN4bm5HMFJxdHRicWFHQVNTVUh5Q2RVbDVCbnIxR1dwN2d3ZzhQNVNERnc5dVNzZ1V5UkJtclFFRlYweERicGpLRTE3SXBHOE3SAcMBQVVfeXFMTVlGQ1kwdHB0VzlwVDBUa3hJWXBsMW1IdlJITkJ2YlVGYkF6SlpQUGVqUGx4UlcwWFZ1LUM0aHdYamZJVlJTMzV3cEFURWhrdm96NFpnMXZoOXZrZFNrYXMyeHlEUnR4YU8wUkVudXpwZVV0STRTS0pSMEk0Z1JRRWZmSHNXTEs4ZV9maWVaWmQtSC1RaW1EOG5PSzRIeHVKbTE2cUVlTW1ZYkF3dlAzaG5hc3p1T1ZiaFNiZFAwT1ZjcjQ4?oc=5,South China Morning Post,2 Oct 2026,,no,,,,no,yes,1,7
Eritrea,Governance,Ethiopia and Eritrea cut diplomatic ties as kasala burst between dem,https://news.google.com/rss/articles/CBMiXkFVX3lxTE91V2tGTlBOdGM5ZVNYZWVSTGNqemYtVkptWFQ2MWJKa1ZiWndnekExSTdIYWlQd0FfY0U2U1hwUndzMDVzakdzenVrTjR1RWlFNkRyTkxoYlhkd2JlSHfSAWNBVV95cUxNRTdzc29UcV9wdmJqTmo0QkhyYXFsM2RKOXl6VjJscTlabXBQYU0zWlZwQ0FrTzhaMW56TGpWQjNwNF9QNFhIUnozZUVZSkVIVE0zeDgxbWk1MkNXUXRiOXlKc3M?oc=5,BBC,2 Oct 2026,,no,,,,no,yes,2,13
Eritrea,Governance,Abiy Ahmed,https://news.google.com/rss/articles/CBMiW0FVX3lxTE9tckhXSzZkNEpMYmExSE5kQVJnX2RPUW1odTNfOHpUX3hpejZFd3BBYi1MaWxJdUdmYUl5WWM4OUlRWHdBMFNndExTaXdIZmxiOVNQbnptYVRNX2c?oc=5,Britannica,2 Oct 2026,,no,,,,no,yes,3,5
Eritrea,Governance,Eritrea breaks diplomatic ties with Ethiopia,https://news.google.com/rss/articles/CBMiWEFVX3lxTE5pVlBYOHh6b1ZCZEpmS0RtYUJENTFxUl9CTThTQnBIMEIybXo1TlByUFpGZE5LYWRjU0tJa0xKRkN2bWF1TWw2N3dhemttaHl2UmhHNVpKUWc?oc=5,TRT World,1 Oct 2026,,no,,,,no,yes,4,4
Eritrea,Agrifood & Climate,"Eritrea - Christianity, Islam, Animism",https://news.google.com/rss/articles/CBMiXkFVX3lxTE4tck9DMVdLVnlOaUhyYnZBRUxfWDFWTF8yXzdvSHhycUhzU3RDWEgwU1NTbWpKei1wN1liRTdjRGIxMkI4NHpjTFZYSUFlcFFxNTlyV0NmZW1DT1ctYVE?oc=5,Britannica,1 Oct 2026,,no,,,,no,yes,0,8
Eritrea,Agrifood & Climate,GIEWS Country Brief: Eritrea 30-September-2026,https://news.google.com/rss/articles/CBMiigFBVV95cUxORDBuaUlVLUluQkR4YzV4X1N5UEo5UzN6aGtoU2NxRklxVWM0MjM1cDd4Y3VpZXY0SDZPYnRPeFhiZGxkVWpnNHN0Mkx5dHZtSWIxbXhYMzZzUDVON2pMUU5Nd2hjVDgyV0FkcHZUcTVuUHp1WFZ0Qm5LTC00cGtzVzBCdi1XTGNWRUE?oc=5,ReliefWeb,1 Oct 2026,,no,,,,no,yes,1,7
Eritrea,Agrifood & Climate,Eye on Africa - Ethiopian army pushes back Tigrayan rebels,https://news.google.com/rss/articles/CBMipAFBVV95cUxQd1QwbVlCM0ljTXlpOGRqLWtGQlJkVUJ4SVhTREZITWdCTVo2QkNiQ0xLX25Qa1Y1M3Y1a3BMRkNESXhOdkJhcXQ1SUlOTkgwbUNTMDFnaFJza1NqZDJTUElEcUxKbWFPeTNmc3RpXzZ5ZmtiUlhySmFmNkplamx4cnZMM1ZWcndCb01lczZmZUFNZ25NelJmLXU5SEk2cUUxVXhWdw?oc=5,France 24,2 Oct 2026,,no,,,,no,yes,2,6
Eritrea,Agrifood & Climate,Eritrea: Effort to introduce small and productive farms plots,https://news.google.com/rss/articles/CBMiiwFBVV95cUxNcWVQQXRHYzZUQ2hNdlRHc3BOSThRaWhfd0FPTlFFc2ZPcUlhcTlGQWN4OTF0Vi1UVG5EcWRRNVlONnZSYi1hdk80enNoWWVOd3MwS1dXX2pPc1VVNVdSMzFHOEt5Y3psQms3U3c0QmxwRE9Bdkh3Snl6ZlZRU01pSmNVUE43bHNiMW5F?oc=5,Africa.com,30 Sep 2026,,no,,,,no,yes,4,4
Eritrea,Agrifood & Climate,"Ethiopia closes embassy in Eritrea, expels 10 diplomats",https://somaliatoday.com/,Somalia Today,1 Oct 2026,,no,,,,no,no,5,3
Eritrea,Workforce & Human Capital,"The Wider Image: As Iran war smolders, shunned Eritrea looks to come in from the cold",https://news.google.com/rss/articles/CBMihwJBVV95cUxQSXFMS1JqTTFWaUI1bGhCa3BxX3FvV2NEejljSkszbG5GMnRtTVc5X0NROFRvZGF1c3pJMEY1dmQza3Fqb0tUYUYzVm81Vl9JVXRMWGpSQ3VCSVFLVXVLajhrZ2FZTkxnYzZZLXUxLVlOMkk4a1Exb01HRkw0YU1wbXZ1QWpYdHhXbTE0ekxEWlRzckZDUmdiNjR2bVBWRk9MbGNvc29qLXpfVEV1RnJyVE1NOG9FcDQwdHVzQkt0em5DbVJ3NzJZNWJGSnN1dkh3b0Z4Q1RZU1VnS00wcllyOVVOVEZrUGw3RWlKSDlRNHI1cXBxUFRHZlZBcEUwODhrbXk5cXltdw?oc=5,The Lufkin Daily News,5 Oct 2026,,no,,,,no,yes,1,7
Eritrea,Workforce & Human Capital,"African Union urges restraint as Ethiopia, Eritrea and Egypt tensions rise",https://www.turkiyetoday.com/world/african-union-says-it-did-not-blame-egypt-for-ethiopia-tensions-3229621,Türkiye Today,2 Oct 2026,,no,T he African Union Commission said Sunday that it had not intended to blame Egypt or any neighboring country for developments inside Ethiopia after Cairo objected to an earlier statement on regional tensions.,"The commission said it had taken note of Egypt’s objections to its Oct. 1 statement, which urged Ethiopia, Eritrea and Egypt to exercise maximum restraint, keep communication channels open and resolve differences through diplomacy.","“Under no circumstances” was the statement intended to assign responsibility for developments in Ethiopia to any neighboring state, the commission said.",yes,no,2,8
Eritrea,Workforce & Human Capital,Former students of the Revolution School visit ‘Zero’,https://news.google.com/rss/articles/CBMiiwFBVV95cUxPRzBlSmVRa1VpVkQ5ZnJqZkpXcEZCN0swZzl2Y1F5Yi1RNmoxVkhnbVJyLUgzVWdjRnowS3QybE5sWFFPaDdjR0hQM3pRbC12MnU2dlRMd1laMkh4NFZVWG54Y2ZpQ05aQmVrSjRMRkNuc0ZocnZTekNQc0NYaHNFa1p4WUpDVWpzVU9N?oc=5,Eritrea Ministry Of Information,3 Oct 2026,,no,,,,no,yes,3,5
Eritrea,Workforce & Human Capital,"Ethiopian federal forces retake Mekelle airport from Tigrayan fighters, residents say",https://news.google.com/rss/articles/CBMiqAFBVV95cUxONm5rUDN6ZU5qdEhORzRUb0t1dVBucXUzdkhnaFAxdzAzcVFlc3NxQnF2Tm9SSlhYQ2RtRzc4T0JIb2Z5U1dyaUg3THhvU0l5VGdLb19DY0VNQWUwQkNFUzh1ZlM0dE9Kemc5bHpCSEl6ZWJ5TU12UVBRY3NFWGh2TWtwNk1KMlhvQWlLMDh3aVN4V1FtNjJZampIeTFTM1o5REtTLTVTMng?oc=5,lmtonline.com,3 Oct 2026,,no,,,,no,yes,5,3
Eritrea,Workforce & Human Capital,Ethiopia expels 10 Eritrean diplomats as tensions between neighbors escalate,https://news.google.com/rss/articles/CBMizAFBVV95cUxQNHo5Qzhtd2VsQ2psRm1BSkpESFVUbE15dXZscjAwLU5jamRHa19iT0h4R1NGeGVTMGtMZTJGbXpDbUU0LThQY1ByakV5c1lhZ1RuQ3dqdFFSbzlwMkp3OUdEUFlzdGNtd3FHOTJKNy1QZ0NWbWo3Q3p6bFJoV3dDcUxBOVdxMUVtbERRM3Fncm9LMXY1YTFhbnBWSGZvRjVfNE13N0RtSmMzbkJxelRGcmtCbTZVUUIzUW5rUGtSMFJOcHFqdWFvRjNLU0M?oc=5,WKMG,1 Oct 2026,,no,,,,no,yes,6,3
Guinea-Bissau,Jobs & Employment,Guinea-Bissau military leaders bar ousted president's return,https://www.genocidewatch.com/single-post/guinea-bissau-military-leaders-bar-ousted-president-s-return,Genocide Watch,3 Oct 2026,,no,,,,no,no,0,8
Guinea-Bissau,Jobs & Employment,Guinea-Bissau military government blocks former President Embaló’s return,https://news.google.com/rss/articles/CBMitgFBVV95cUxPQUhfZmprcVh6dHNYaVl6SjdHSFhwSmk0cDJNU0I0OHJndDhFUVNxeEZmSTRFeHZqaHI2eVlqb3FYbFVfSl9wMTBjS1o2QlhIRmpZRzVkV3ozMnBJdndjaFZyem0tM3d3NWR4NEtEd0ZPdlg1aVVYRnZfY0VjRjZBVjhROUtKbl9iS2FJdVMwNC1vNmZNdWRLdDVfRERRd2llWHhtcFVRSUFGaHpOdjc2OVBRSmlyQQ?oc=5,The Seattle Times,2 Oct 2026,,no,,,,no,yes,1,7
Guinea-Bissau,Jobs & Employment,"Havana event discusses Cuba, Africa independence struggle",https://news.google.com/rss/articles/CBMilwFBVV95cUxPdjlJb3VZNXI3NGpBa0Q1SHBGeWtubGR0TmFvbDlQTDh4Q0I4SThjU3hKQUVIN1U5eXNZNUJYY2Y4bE1DdVczWUZUSUs3Z0JpekpkTUhXanhYTGsxSkRrU2FTaURTaUxPLUFCOG14bnNiREVpdXh4LW5lTTdTUnNMMzBTUFMzdDZTbTFPNG12NVJIM0FvSmZF?oc=5,The Militant,2 Oct 2026,,no,,,,no,yes,2,6
Guinea-Bissau,Jobs & Employment,"Guinea-Bissau junta blocks Embaló’s planned return, citing security concerns",https://news.google.com/rss/articles/CBMiswFBVV95cUxQejdMQjRWZU5seVNWX0laVVMyNlROZWxyTnN5RDdLTjVzcmRaNTdqbVRDNmJhQjlWUGhOR1BfQlNFZmZncUtMcmh5TEtHaTJwdUs1SUVFM0R6cms4eUw4SkpzalZEWV9PcVdyTlQ4N2w2UUV0OW02ZmRKeUhGVXhYUE4zNURtQTVBbFdzeFpKM0Y5SGdKTjVrYklJcGdpYnh3cWFvekhaU25xV1p5LWU3ZkJPUdIBuAFBVV95cUxNY3RtcmJ1S3lISjZEVW5kakd5YjdpdGREZUZ4MksyWjh0VWdhbjlxU1FOazc1bFhxd2xoMXJVenJFenBtcE5vREt1dVN5LUxQUDhFaEZWa3gtU2RtSFhBTTZieWxGNGpfMXBVVUF4RHo5Z2JZTXNPWEx4V3RhUVZMcnpGTm16LVF1bDEtem4tRTFMOTdVaGg0dFRqTG1qN0lVQ01rNTUyS3U0QVRHMDQyaWQyNkU3eDM2?oc=5,africanews.com,2 Oct 2026,,no,,,,no,yes,3,9
Guinea-Bissau,Jobs & Employment,Nigeria XI vs Guinea-Bissau – Predicted lineup and team news,https://news.google.com/rss/articles/CBMiggFBVV95cUxQRDZxM2NpZW55YWVRME9MbktqbnZ2RWc0emVTblJYRHpqUVFHZklYOUQ2dXU4TzFHajhmV0p0anhfLU5fRlVBbS1VQ3JMTnNQSllRcWR6cVBmTkVEQk5SeVUydnBzR1JHYnd2OVNoSDB1QUlNSW9UV1BuLUdXQko5Ti13?oc=5,Yahoo Sports,29 Sep 2026,,no,,,,no,yes,4,4
Guinea-Bissau,Macroeconomy,Senegal: Oil and Gas Drive Growth,https://news.google.com/rss/articles/CBMifEFVX3lxTE1WQzk5ZnZqWjYxcHZoYjk4dndDanBLRlVxN0FnMjRPM0VIU1QwZmpueldySHNwSHhXbnJ1Szl4VkZjUUF0VWFuYzFsVkt3VzNKb2M4MHdieVBoUlZGUkpxbnNyOUhuc2ZVQzdUWU5TUURTZm95bTl0NUhxMFPSAYIBQVVfeXFMTkhwSDVCNVRDVkwtQWVmOWZmeEtoQ1hoU1lURTMtNG5KRVZ1VUE2YjNyZlhUN1RfRFJhM2RBeWgzZ2FELXVwNXhoWXlxMDRTdUxHb09wdS1ZZlo0Mno2akJJUVRqR1RTcmlVWEl5b0lCb09XQWlRQ2xra0tRNV9MMmpVdw?oc=5,Powers of Africa,29 Sep 2026,,no,,,,no,yes,1,7
Guinea-Bissau,Macroeconomy,Guinea-Bissau Humble Shambolic Super Eagles 3-0 In AFCON Qualifier,https://thewhistler.ng/wp-login.php?action=lostpassword&redirect_to=https%3A%2F%2Fthewhistler.ng%2Fsearch%2FGuinea%2BBissau%2BHumble%2BShambolic%2BSuper%2BEagles%2B3%2B0%2BIn%2BAFCON%2BQualifier,The Whistler Newspaper,30 Sep 2026,,no,,,,no,no,2,6
Guinea-Bissau,Macroeconomy,"Nigerian Newspapers September 30: Tinubu Returns, 2026 Budget, Eagles Thrashing, Others",https://www.tvcnews.tv/nigerian-newspapers-september-30-tinubu-returns-2026-budget-eagles-thrashing-others/,TVC News,30 Sep 2026,,no,Newspapers across the country report on a variety of issues ranging from the return of President Bola Ahmed Tinubu from his vacation in the United Kingdom and France to the issues surrounding the implementation of the 2026 budget to the 66th Independent Anniversary Celebration and the Economic challenges facing Nigerians....,Newspapers across the country report on a variety of issues ranging from the return of President Bola Ahmed Tinubu from his vacation in the United Kingdom and France to the issues surrounding the implementation of the 2026 budget to the 66th Independent Anniversary Celebration and the Economic challenges facing Nigerians.,Other issues like the thrashing received by the Super Eagles Of Nigeria at the hands of the Wild Dogs of Guinea-Bissau in an AFCCON qualifier also got prominent mention.,yes,no,3,7
Guinea-Bissau,Macroeconomy,Zambia cuts interest rate to 10.75% as inflation eases,https://news.google.com/rss/articles/CBMilwFBVV95cUxQZTlHMmhxSzFGVFR0X2xycUhHenFSeE9xM0hJekgyeGIxalpzQXFXcWhUNXJSdzFtOS1XRzlfbG9ES0hqTEpZTW9KMHV0UUpJeWFPOWRvM0dHR18tTUJCT19OOGo4ZC00dVhmU09YRHB2RXhxQ3VkSy1LUEZFb3l5OC1DeDFuLVF1enhDNjZYeXloZ292NGFF?oc=5,Business News Nigeria,30 Sep 2026,,no,,,,no,yes,4,4
Guinea-Bissau,Macroeconomy,AFCON 2027 qualifier: NFF preaches focus as Super Eagles face Guinea-Bissau,https://news.google.com/rss/articles/CBMinAFBVV95cUxNblcwWmtSWGVOU21OaEVueE5neUt6eVliRUVmWXg4YVBLWWEzVVBKamJEcG5kWS1zUmtEXzBjS2R3UHZFQ3hPRkxSajBCdXF0OFpJbERQWGpDam9OUUJkajdJNUNPeFhOb0QyaVJZTFBsUXdYNXFKczI1T0pHQThOVzBuREllMWxUU2FENk1hakdfUmZuYzJJYVE4OWM?oc=5,Blueprint Newspapers,28 Sep 2026,,no,,,,no,yes,5,3
Guinea-Bissau,Digital Economy,Moroccan Sahara: Guinea-Bissau Reiterates Its Support for Morocco,https://news.google.com/rss/articles/CBMipwFBVV95cUxPV0Rmbk9OcFZBQkFMX0M1SjlNV2VqYm13Zkt4amxCQlVzSGQ2QTBqSHFMUFZBYUd0dGtrUmk5U0ZwR0NPZlc0bG1qdVlZbzF5Ylp0Zi1sNGVfZm1LRnJHV2U4NkgzRURKOWthclJvYTE1THJjUW1MUl9JMl80RVAxTnlVc1J2Nm5ZTzVFYlBZcWUyNTlXLVkzYldod3JCOW1GVUJ3ckI5VdIBrAFBVV95cUxNTmRHMUJvZWV0RDBMNWtVanJhVGcwUHYwYXo3UE5XR2dyRWNXQnZxSkwybmc2bVR2amdxSnBaR1lFdTRtdUFNVTRwZ3dHbS1hYXh2NVYyTHRmaUZDSTNYV2V3a1pGRlR2V3Q4TUVuaWktcnB0OW1YWFpkbXJWMlFqZWVOSjNTWjhNVndaSW41QkZlUnZ3ZTBXVnBGaU5GZ2RrVjRqMVl1TEdzbHNp?oc=5,Powers of Africa,29 Sep 2026,,no,,,,no,yes,1,7
Guinea-Bissau,Digital Economy,"Ousted Guinea-Bissau leader to run in December election, source says",https://news.google.com/rss/articles/CBMirwFBVV95cUxQQnQ4dldvUXJ4ZUNUTmppSUtqNktkX2JMSmRXTUhGV3Vyd2hlZmdRMVAyQ1MzRTlET3VNYngzdnNCelRwbTlTZ1hpSFkyOVdHRmhDQWVtQm1WSzFyWXUzQ09iSlpGTHl5TWo0NV9tUDM0Ukk5QW10cndiZU5sTUxVeW96WjRwMTRnNDBDREpkVkFFYjJJU3JoZVVRV0Y1aGdHVEFQMmVhY0l5RWxqXzRF?oc=5,Reuters,29 Sep 2026,,no,,,,no,yes,2,13
Guinea-Bissau,Digital Economy,Guinea-Bissau Stuns Nigeria With Crucial Victory In AFCON Qualifier,https://www.youtube.com/watch?v=guinea-bissau-stuns-nigeria-with-crucial-victory-in-afcon-qualifier&feature=youtu.be,YouTube,29 Sep 2026,,no,,,,no,no,3,5
Guinea-Bissau,Digital Economy,Guinea-Bissau military blocks ex-President Umaro Embaló from returning to country,https://eastleighvoice.co.ke/africa/407609/guinea-bissau-military-blocks-ex-president-umaro-embalo-from-returning-to-country,The Eastleigh Voice,2 Oct 2026,,no,"Thanks for listening. Continue with a related story, or tap the speaker icon on the next page to listen.",Guinea-Bissau approves new constitution expanding presidential powers,The decision comes just days before Embaló was due to return to Bissau. He announced on September 29 that he would return on October 4 and contest the presidential election scheduled for December 6.,yes,no,4,6
Guinea-Bissau,Digital Economy,"otter ai automation Download for Windows, Android & Mobile",https://news.google.com/rss/articles/CBMiTkFVX3lxTE5CTm9yTzEtY05HTEY4SHpZNDZ6QjlMTTFFLTFvSF83bXhPLVNuODRxcHpoUE5DVEdtZWtWeENjbVQzdERIRUlmN3BiM0NoZw?oc=5,Học viện Nông nghiệp Việt Nam,30 Sep 2026,,no,,,,no,yes,5,3
Guinea-Bissau,Governance,Mixed reaction in Guinea-Bissau after ousted president barred from returning,https://news.google.com/rss/articles/CBMitgFBVV95cUxPSzdBb2NqUlpPY1lkcUNfb2IxaG9rWm94Y01kTUxWeS1nM2Npa3lHb0daSHFfQ1FraEEwY2E5dm5hUTZIRTZmdF9kaGJvY0kxSzQ2MjhtTnpObG9SUjlfcWgtQXNCeXVOdThydWFFeW9ZQjN5NVhldFR2MWpMRVFNWkZNTUJ6LUZha1B4UXM4WlRZSU9Tem9oRlFwT3ZuTHBtS1FFdXJPWmZrbGZQWjJrNThGQW1zZ9IBuwFBVV95cUxOcXd5YlJkQjd2djh2LXpfV3J5MkN5a200ckhBYTBOOVQzXzI3Z1ZEZmVnaTZaR1I1NThDbVgwMHd0dFZaUGlOYUttaU5FQkNsSXUtSmp4Y3M1aGw0Mk13N2xzMXd6cUhiaFFXdUtmNjAyb3pPZy1DQXlIOGZLazZlb0FWX25sTlgteW5jZTl5dGxNQjlxUWVBdVB2OWIxdDlhZDFEbWE3S2tURTZ0VUR3bnA0YkttRkNXd1N3?oc=5,africanews.com,2 Oct 2026,,no,,,,no,yes,2,10
Guinea-Bissau,Governance,What Guinea’s €269.5m from EBID adds to a grid that already exports,https://energy-news-network.com/industry-news/guinea-ebid-financing-power-exports/,Energy News Network,1 Oct 2026,,no,"Guinea signed three loan agreements worth €269.5 million with the ECOWAS Bank for Investment and Development in Conakry on 10 September, covering health, transport and energy. The country already sells 1,174GWh a year into Senegal, The Gambia and Guinea-Bissau under bilateral contracts.","Guinea’s hydropower already leaves the country, with EDG contracted to deliver 1,174GWh a year to Senelec in Senegal, NAWEC in The Gambia and EAGB in Guinea-Bissau at around $0.11 per kilowatt-hour under three bilateral agreements.","Those exports run over the OMVG interconnection, which moved Guinea-Bissau off rental power entirely and cut The Gambia’s thermal consumption sharply.",yes,no,4,6
Guinea-Bissau,Governance,Guinea-Bissau military blocks ex-President Umaro Embaló’s return,https://news.google.com/rss/articles/CBMinAFBVV95cUxNV2tqSk5LVE5QTnVNVnhjWEJLcTVaN2ZJRVdyVndUeHNxbVd1ZkpONl84Z0ZaUFM2QURDMXo4UE56aTdqMzVVQXREODEweVNtTFFKUW1iQWsyOTZXT3dBRGltb0R3SmIyblBRb0dSY0hwcGFNSEtuQmVBZ0JQcXFmbTRaQy1BcmQ3NzhPUnJBUDR2eTBEMWF5TkpNUEY?oc=5,People Daily,2 Oct 2026,,no,,,,no,yes,5,3
Guinea-Bissau,Governance,Guinea-Bissau Junta Blocks Ex-President Embalo’s Return,https://von.gov.ng/guinea-bissau-junta-blocks-ex-president-embalos-return/,Voice of Nigeria,2 Oct 2026,,no,,,,no,no,6,3
Guinea-Bissau,Governance,The board holds that there are no security guarantees for the return of former president Embaló.,https://news.google.com/rss/articles/CBMi1AFBVV95cUxQdEtNRmwtSnBlSi1kaTdXUE5jSThjSF9Udm00cm9jXzFnOFJmd1NoaWlJamhCUXh6RnZLOEVEZHJ6MlpWeU9acFJDdlZJQXJUY2VMZk8wc2xZM3pPMHFfSk0zTDFKNzBTckd4ZEFWdHkxMTluVVBNRkV6cGFBcXVld2wybTVrNEVGT1VYZFNqMFhObGw0R21ZZi00MDhHYl9vWllONzhSX1JCYWkwRlZXdzEtaHR5T09MbU1xSGlETVdLX3M4a1B4UlNDX2otYjNlOE5DRtIB2gFBVV95cUxOcC02NDJUSzlsUVJGaFR1eDJUVmJNMzZNLXRhcmJRQ1c5RDBEUDZDODl6Z0F0LXZoVjkxQnNJZk9SakJYOXAwZFNhd00tSjJOZ0U4UnQ5dXNpcC1odGp5SGhlaFVwVXBOTXNZSF93TEdXUl95dklHRnNPTlBOeC1sN3JyVHEtTlUwNldleWlUOG5DWnpCQjBpNGpxMDRvV3ZsLXdyTy1VanhJZWtBRlNXODhmRldyV05IeGRIMmtnQl8xWF9PazhfZ0RPUHdzYUZMdFdXd2kzMUJCdw?oc=5,Demócrata,2 Oct 2026,,no,,,,no,yes,8,3
Guinea-Bissau,Agrifood & Climate,"Global Weather Hazards Summary, October 01, 2026 – October 07, 2026",https://news.google.com/rss/articles/CBMingFBVV95cUxNaXQ0SUFvSUlmbmNtb0NwSVVkZTlSSW1NTlVpLUtSOW5HU2RmLUdYTmk2b1dDVHhxcHFQTHZnSFV0T1hsamdCLWNsalcwZG16a050eGc5Q1RVc0RncW54N1NjengwUHJYVWN3dmZLeGgyQUxkTS1zektDbWhQRzFHV3BUYkZmQlZGekhqTFhRQzVVX0YybzFhMmlvQ3JuZw?oc=5,ReliefWeb,30 Sep 2026,,no,,,,no,yes,0,8
Guinea-Bissau,Agrifood & Climate,"Burkina Faso - Population, Migration, Urbanization",https://news.google.com/rss/articles/CBMickFVX3lxTE9qMlRzZFYzWEZ4RU5sLWhJMm4wSXByYkZ0QjYzOGNlcVdzRmxISG4zbFJQRUsweE1LNGVrVDdLZHB1clhiZ2dROGRBbE9OZTJLZm04WkV6ejloQkhaVlF2QzE3aGZOSkFpdXg1UU9zcC11QQ?oc=5,Britannica,1 Oct 2026,,no,,,,no,yes,1,7
Guinea-Bissau,Agrifood & Climate,"GCF Regional Dialogue in Accra seeks to scale up climate investment across West, Central Africa",https://news.google.com/rss/articles/CBMiyAFBVV95cUxQZDFOaFRMWWl2M01GR3lmY0VKOFFqLXVobFpxUDIybk9XS3ZpSG01UzB2Wkpjb1JIWXNkOTBpZVZCUVltUWQ1ZngzcHpiZXd3WFdNY2dKTnNhdWJCRS1ScU1CVjdnQTUwNjd0MFozd21SN1NNcXRiREZaRmlsRjY0YUpETFQtYU03V2I3WVQwbjBEbW8xTEU4c0N3VkdBcjdROUJxbTdBSkQwSFYyWGhyT1U1YkxDT0pfU3h2SGV1cjBpYnNsR2k1bQ?oc=5,EnviroNews Nigeria,4 Oct 2026,,no,,,,no,yes,2,6
Guinea-Bissau,Agrifood & Climate,Namibia Launches Its New Climate Plan,https://news.google.com/rss/articles/CBMigwFBVV95cUxOYWVlaHRiNFRaaVNjeW9rN0pvaF9VanRtTlN2V3VnYXYxcmtXTGpCYWoyMWhOS1FJalBwaDRXMlZfckY5dlJDWmIzVzBSQ21JNkhyTHZRaXJFeGI2aG9TdVJkWWhTLUp0V1dmTTRtTUpTNHE0dTZlcXQ5TjQ0RmRKWktfY9IBiAFBVV95cUxNb25jcHdQWUE2OWs1d3R2OUdLT3puVEs0NTNyaEpqTHhyaGtYalQxY3RoVnZUY1ZVYmcwc1NUWE53QlBtMFNxT1FzRzF5cjdJUFBtVWt0WTgwdURRZHhMWEdIZmxhaDhia0s3X2hFTGtZb05oSDlrQ1dyYmtWaFVJMk44Rm96YVlK?oc=5,Powers of Africa,30 Sep 2026,,no,,,,no,yes,3,5
Guinea-Bissau,Agrifood & Climate,Nepal faces grim DNA puzzle to identify flood dead,https://kuwaittimes.com/article/50821/world/nepal-faces-grim-dna-puzzle-to-identify-flood-dead/,Kuwait Times,2 Oct 2026,,no,,,,no,no,4,4
Guinea-Bissau,Workforce & Human Capital,Iran vs Guinea-Bissau friendly cancelled,https://www.tehrantimes.com/news/530634/Iran-vs-Guinea-Bissau-friendly-cancelled,tehrantimes.com,2 Oct 2026,,no,"TEHRAN - Despite efforts by the Iranian Football Federation to arrange the match, the proposed friendly between Iran and Guinea-Bissau has been canceled.","As a result, Iran’s national football team will conclude their current schedule with two matches against Uzbekistan and Russia.","In recent days, there had been considerable speculation over the identity of Iran’s third opponent, with Guinea-Bissau emerging as one of the leading candidates. The Iranian Football Federation was working to organize the match in either Turkey or Qatar and, as part of those efforts, proposed hosting the game in Istanbul to the Turkish Football Federation.",yes,no,1,9
Guinea-Bissau,Workforce & Human Capital,Exiled Guinea-Bissau President Embalo signals return amid political tension | Connect Africa.,https://news.google.com/rss/articles/CBMiZEFVX3lxTFAzWldtb2NaSzlrOUcwYjNCR1lnRWNqR3lza2MyS3JlTzB2dDBFcjZhaGQ1NnhJZ3RrSUk0ZEROdldFT2t5SXFnaDF4MFZ1and3UmtMSlJHa0tCS1R4MkExM3ZKbmzSAVxBVV95cUxPSHVpWm9FWjEtX0JqakxhQmxSUm5yTmpaaVh0QW0yTEVBTlJtWlVJNjAtc3IyeUNmYkN5M2RVV1BYektnbmZJWU1MbnJweVpucGRFS3kzYVlMaEgxVg?oc=5,Modern Ghana,29 Sep 2026,,no,,,,no,yes,2,6
Guinea-Bissau,Workforce & Human Capital,Akor Adams urges Super Eagles to respond against Russia,https://news.google.com/rss/articles/CBMinwFBVV95cUxOdmNPOS1NZjZlUkpuU2owdG1yUHg3d3JIcUo0NjNVWFZiX0E0bzB2UUY4a1RfdzBRY0xQRWEyN05UWWNFMnRXRFd5TTBId1ZiVU5wYzBVOFBZYnd6R2lBZHpYOGxBRXR6UXpvWHRDLThXcUFOZlJDb25iazZMSE9HSWNIcXExSzB5aFVUMy1OUldmWG5MY1c5ekYwVWZBOTQ?oc=5,Business News Nigeria,4 Oct 2026,,no,,,,no,yes,7,3
Guinea-Bissau,Workforce & Human Capital,Guinea-Bissau Junta Blocks Embalo’s Return From Morocco Exile Over Security,https://www.moroccoworldnews.com/2026/10/340507/guinea-bissau-junta-blocks-embalos-return-from-morocco-exile-over-security/,Morocco World News,2 Oct 2026,,no,,,,no,no,8,3
Guinea-Bissau,Workforce & Human Capital,Rapper in controversial Luxembourg schoolyard video apologises and contacts police,https://news.google.com/rss/articles/CBMiyAFBVV95cUxQTk9TbnZwOUpaUXJYcnNZU1VGd21WSkN1Um9ERVpYNXgwN1VLZWhwMC1SLXVJMlEweHZLNHJTQ2diOUYxOEJ5Rzh6MEhPRl9iZjZrLTFvWU1QTUFLT2dwTFRQSktESE5xYmprN1hRRVJDNFl0b0RPdXptU001cXRWdU1hYW83VWNWY1hiM0tXamZPRjlmYVI0eUlobm9YcWhHUG0wVVY4aHJOUUpycElBT0NUakV6OWswNDExZ0s2eVc3TERhc3AtQg?oc=5,Luxembourg Times,2 Oct 2026,,no,,,,no,yes,9,3
Morocco,Jobs & Employment,Beyond the Budget: Turning Public Spending into Results for Women in Morocco,https://news.google.com/rss/articles/CBMiqgFBVV95cUxQV1NYcEVnV0tRY1kxb3k2elVPOHpYVWdVMmFEWV9NMGlGTlViZlloS21xRlBEdmd4c2Y2aHprYkFSMk4ybk1VNjVWWnBwaXp6ZTAweGlodkdITFZ0eGZWVENQeElIZjVrYkVQU2l6b2JGVWdoTk5NSk9TNGhqS2VpbFNfOGxVckhYRXAzUW9OeDRmbzBnUFVZcWJNVGtJZnJVcldrSmhURldhUQ?oc=5,World Bank Group,2 Oct 2026,Women,no,,,,no,yes,0,8
Morocco,Jobs & Employment,Nizar Baraka’s Message to Morocco’s Next Government: Credibility Must Follow the Ballot Box,https://news.google.com/rss/articles/CBMi9AFBVV95cUxOb21Cd3JYTmtvVmxHRGtDdnhsb3B3TVhPMFZSQzFScFZESE5jRmZBeXpFNDdibXZ0YzFUbWdWSzNxY3ZTc29LMGFIUDh3SlVFQkpJaGQ1OURnemREUnIteEIwRkFFMXRuYnFCWTk5eC0wNkpSeGdTRTNPbWo2NmF4bWZqY1l4cEczMUx0WXBNVGRRNC1wVEpLREZtaVRWS3dXY2ZKdGZXWG41VU1RaDZjSzIxNFl1NXhKSWVwY2VBZG9VMzRXUG1QNjVKcDhBOTZWUF8wYnF5bGpwTU9BcUcyZHlUV2VMMVpYNHVrbjRwU0hGN1Ri?oc=5,Atalayar,4 Oct 2026,,no,,,,no,yes,1,7
Morocco,Jobs & Employment,Morocco’s Mansouri-led gov’t faces major challenges ahead,https://news.google.com/rss/articles/CBMijAFBVV95cUxNbVVrdGNqbTY0R0JsUERGZXUwYS05SFlLaHN4WndMZkQxbnY3bmF4X3JJaUtWSkxGOUJRUzRmUENhT0hEQVpZeHRWYmFLbEFHeWNYNlRSS2lNRHBnZTNGU3ZlVmc0OE1qSU1IRlIybjNFRm9vM1hTZ1lLYlJDcGRmUVZ5RzJEWTVzQ0hoNQ?oc=5,The New Arab,1 Oct 2026,,no,,,,no,yes,2,6
Morocco,Jobs & Employment,Morocco Election Programs Put Social Promises Ahead of Political Reform,https://www.moroccoworldnews.com/2026/10/340598/morocco-election-programs-put-social-promises-ahead-of-political-reform/,Morocco World News,3 Oct 2026,,no,,,,no,no,3,5
Morocco,Jobs & Employment,New French law leads to thousands of call centre job losses in Morocco and Tunisia,https://uniglobalunion.org/news/new-french-law-leads-to-job-losses-in-morocco-and-tunisia/,UNI Global Union,30 Sep 2026,,no,,,,no,no,4,4
Morocco,Macroeconomy,"Morocco - Agriculture, Tourism, Manufacturing",https://news.google.com/rss/articles/CBMiXEFVX3lxTE9FWC1lMGR6d0dwNThDRDl3QXNqdUJUaDZwMGVJakFaUmlMTmZrc2d2b3lJSHpPUFlORnFwOHFieGJwbW45NDc3bVJDN3pZT3FMamg0UkNkbTFjLXA0?oc=5,Britannica,2 Oct 2026,,no,,,,no,yes,1,7
Morocco,Macroeconomy,Jordan growth accelerates to 3% as Morocco sees slowdown in Q2,https://news.google.com/rss/articles/CBMipgFBVV95cUxNLU1HRTZNNjVfWlQ4MWt5cjYyNDMyRnRPekRHSng0M0ZJazI2TVB4OXhjbUZlb3ItazF4QmM4V3FQZGRxeldSdXY1Yjk5VE5tcmliVml5LXB0Y3R0NmFuSTRsSm9XMDE1cHlGVGlwem9JOUpKZjFlN0RYNnZHWjdmd2xDNjJ4UE91eHVxS3hkVU1lcklVOFFtQUdKVDR4OXljWlBvSmp3?oc=5,Arab News,1 Oct 2026,,no,,,,no,yes,2,6
Morocco,Macroeconomy,Morocco GDP Growth Stays Robust in Q2,https://news.google.com/rss/articles/CBMikgFBVV95cUxQOHFsenpBUnY1RmdoZldSWmd4c3MycnBkWHdUSjFiNEw3Rkl4RmZwMWVUYU1nbmxxV1FrdDhCbVFiVVJWUHJZSy1EaVphODZMRnZpT0Z1TS1ZWUJ4MXdsVUc4WkhEemx2eFlNdGw2U195THlVRlUyaUU3eENxZHAxcERrU1hHNzdGeVpNajhISW1ZZw?oc=5,TradingView,30 Sep 2026,,no,,,,no,yes,3,5
Morocco,Macroeconomy,Morocco’s next government faces Oct. 20 deadline to reshape inherited 2027 budget,https://en.hespress.com/146697-moroccos-next-government-faces-oct-20-deadline-to-reshape-inherited-2027-budget.html,HESPRESS English - Morocco News,5 Oct 2026,,no,,,,no,no,4,4
Morocco,Macroeconomy,Morocco’s Upcoming Cabinet Inherits an Ambitious Social Agenda and a Tight Budget,https://northafricapost.com/100699-moroccos-upcoming-cabinet-inherits-an-ambitious-social-agenda-and-a-tight-budget.html,The North Africa Post,2 Oct 2026,,no,,,,no,no,5,3
Morocco,Digital Economy,The iron wall in Rabat: Why Morocco’s political shift won’t touch the Abraham Accords,https://news.google.com/rss/articles/CBMibkFVX3lxTE1QbFhkS1BIRUREZWUxY3MyclhoczBVUGJWaEU3V3hYOVNsa3JaVTVNZXNWWGVwLXhJTkhySmpybzJXd2NFSmFtbjltNnNqRXFGSWlyYmJmQzJvT21YTkxpZDdEVzdVT05wbG8tVC1B?oc=5,Ynetnews,29 Sep 2026,,no,,,,no,yes,0,8
Morocco,Digital Economy,How to sell digital products online in Africa [2026],https://news.google.com/rss/articles/CBMijwFBVV95cUxPNVRsZnl0eDRnQWxrbXdyNW9VLUFzLW5zX0lBdWxvbU9Zdl93YTBvelZNNi1GOGJkLXV4a21VSGxwXy12eGJsY2stRlpFeVZGWi1kUzctc3RMcUxwXzhlYXYzZm8tLXVGUmpfNUljZ1Fnd2lka01icTY5bExrZl9qR0dCRjBHb2dsbnJHbFplQQ?oc=5,WorldFirst,30 Sep 2026,,no,,,,no,yes,1,7
Morocco,Digital Economy,"Industrial policy for the battery age: Lessons from China, Indonesia, and Morocco",https://www.pubaffairsbruxelles.eu/opinion-analysis/industrial-policy-for-the-battery-age-lessons-from-china-indonesia-and-morocco/,PubAffairs Bruxelles,28 Sep 2026,,no,,,,no,no,2,6
Morocco,Digital Economy,"Cash Plus, Damanesign Partner to Ease Access to Qualified E-Signatures",https://www.moroccoworldnews.com/2026/10/340409/cash-plus-damanesign-partner-to-ease-access-to-qualified-e-signatures/,Morocco World News,1 Oct 2026,,no,,,,no,no,3,5
Morocco,Digital Economy,CBUAE and Bank Al-Maghrib sign two MoUs to strengthen supervisory cooperation and Islamic finance and interlink payment systems,https://fintechgate.net/cbuae-and-bank-al-maghrib-sign-two-mous-to-strengthen-supervisory-cooperation-and-islamic-finance-and-interlink-payment-/,بوابة التكنولوجيا المالية,3 Oct 2026,,no,,,,no,no,4,4
Morocco,Governance,Morocco’s pro-Palestine protests challenge Rabat’s deepening Israel ties,https://news.google.com/rss/articles/CBMisAFBVV95cUxOUzdsRGNQQWszdEMwTkVKOXNvajBLakt4d3JmOV9MaDJaQUoyZjUtck1Wb1RDVGpQQ0FUVDVOUXhwQTJmb3c3ZVBIcnctWTdTZTRUMFVWN1cwd3ZNeDdqWnBRVlRsMzFldGhDWTBXblYxbmxqMGlFd1FsWmRqOVYzb1FtZlJUNFJZRkN5WXdpNlZnX1BoWFpYbXhGdEFIZ3RVUWx4QWRxbUo2N3I5ZlZoX9IBtgFBVV95cUxPYWtOQkFoTmVESHZyOFJLSkVBeFpGbzhPbXRfaGhpQ0hReDV2bDNtU25ydHJiZl9RV1phemtfSXk1ZFZsdUd3eThQS0xaNzlYVGZkYXhVWGU5T3hHTWpQcFZwbFBsZzFIdFp0SExWdVZ2ckNETFRibHJDUTVIa1RucmFvUjBYSUFEU0RBYWR4Y21Sd0c3a2pYa1IwS0dHeHVuM1VQdFc3RG9HRlFyREtlX09SLWp5Zw?oc=5,Al Jazeera,30 Sep 2026,,no,,,,no,yes,0,8
Morocco,Governance,Fatima Mansouri: Morocco's first female prime minister?,https://en.majalla.com/node/333396/profiles/fatima-mansouri-moroccos-first-female-prime-minister,Al Majalla,5 Oct 2026,,no,,,,no,no,1,7
Morocco,Governance,Morocco’s Elections in a Time of Despotism: Why Ballot Boxes Don’t Produce Liberation,https://internationalviewpoint.org/Morocco-s-Elections-in-a-Time-of-Despotism-Why-Ballot-Boxes-Don-t-Produce,internationalviewpoint.org,4 Oct 2026,,no,"Einstein defined insanity as repeating the same experiment with the same tools under the same conditions while expecting different results. Today, I believe that Morocco is experiencing a form of political insanity in the Einsteinian sense. The elections on September 23 showcased the same familiar faces that have worn thin on the Moroccan public, accompanied by the same broken promises and poorly executed theatrics. Furthermore, it is the Ministry of the Interior that oversees the entire electoral process—from drawing constituency maps to organising the vote itself. Despite these circumstances, both old and new mouthpieces of power persist in trying to persuade us of the necessity of participating in this appointment to construct a new Morocco with the same old system. It is as if the sheer number of electoral lists could create genuine pluralism: 28 parties, 1,850 lists, 7,288 candidates—more than 18 candidates per seat—yet the political offerings remain fundamentally poor and largely unchanged.","Contrary to what various forms of disinformation would have us believe, we are not voting in an imperfect democracy that merely needs “improvement”. We are voting in an absolute despotic system in which legislative, executive, and judicial powers are effectively concentrated in the hands of the king and his advisors—what might be called the real shadow government: unelected, unaccountable, and absent from any electoral platform. Parliament legislates only within the margin it is allowed. The government carries out decisions made elsewhere. The judiciary has only as much independence as it is granted. In this context, political parties do not compete to serve citizens; rather, they vie for a better position within the system by presenting themselves as the most capable of implementing the neoliberal policies that are devastating social and economic rights, the most skilled at “managing” popular anger, and the most devoted to advising the regime on how to prevent the next uprising. The winning party is not the one that wins voters but the one that convinces those above it that it can absorb the shock and delay the explosion. Nothing illustrates the situation better than the declarations heads of government routinely make upon taking office: that their essential mission is the literal execution of the royal agenda.","These are rotten parties, in the direct moral and political sense of the word, given the involvement of several of their leaderships in financial and administrative corruption scandals—and rotten in the figurative sense too, meaning that their shelf life (périmé) has expired. They are no longer even fit for the role they were created to play: camouflaging authoritarianism and lending legitimacy to a fictitious multiparty system that functions, in practice, much closer to a single-party model, despite the multiplicity of names and symbols.",yes,no,2,8
Morocco,Governance,Morocco's king appoints first woman prime minister following election,https://news.google.com/rss/articles/CBMiswFBVV95cUxOUW1pZ1hkUzRiU3k3UTFjenJBS1FDSHhDV21HbUJKc1dHVjJaeEFKT3d0SEI4VGtxVVVma2gzbkgtRFdtRnRtLWZGdUs2LS12X1JWQ0lpUTBuVXhYbDdNS3hpWTFfZzJXdnl6d2RObXRfS0JLb2t5T3p5RGNCZ212OUg0bUZWYnBvVVh2bF9XZkJkcWRVTXRxN1hZa3RPenNwWmQ0R19CUDlaVFBfMXFmamVWNA?oc=5,Reuters,29 Sep 2026,,no,,,,no,yes,3,12
Morocco,Governance,Morocco’s Historic Gender Equality Moment That Won’t Move the Needle,https://carnegieendowment.org/emissary/2026/10/morocco-female-prime-minister-el-mansouri-power,Carnegie Endowment for International Peace,1 Oct 2026,,no,"Acting Co-Director and Senior Fellow, Middle East Program","Carnegie does not take institutional positions on public policy issues; the views represented herein are those of the author(s) and do not necessarily reflect the views of Carnegie, its staff, or its trustees.",,yes,no,4,6
Morocco,Agrifood & Climate,"Morocco : 17,000 hectares of forest are degraded each year",https://africa24tv.com/morocco-17000-hectares-of-forest-are-degraded-each-year/,Africa24 TV,2 Oct 2026,,no,,,,no,no,1,7
Morocco,Agrifood & Climate,Morocco Calls for Stronger Arab Cooperation on Climate Resilience,https://www.moroccoworldnews.com/2026/10/340483/morocco-calls-for-stronger-arab-cooperation-on-climate-resilience/,Morocco World News,2 Oct 2026,,no,,,,no,no,2,6
Morocco,Agrifood & Climate,Morocco among African countries most exposed to climate change risks,https://news.google.com/rss/articles/CBMioAFBVV95cUxOM2VWbFllbk1OdHJselBMaGdJZDk0b1h4YnQ5QWl5ZU54czhaM0gycFVxMGJJVWhMdmozVWlyR1hGUnpLdV90bEQtSEZmem9lLUd5czBKMllHT3lYWWVsM1BFSFladHlJV3l2akpGbUVYZ1VCb1M2aEhYX1NlRUNrdE5obHpDREFTU2VpUUdkT0dYUFdoQmNaOUxOb3h5dEJP?oc=5,middle-east-online.com,28 Sep 2026,,no,,,,no,yes,4,4
Morocco,Agrifood & Climate,"Morocco sees civil nuclear energy as natural extension of its energy strategy, PM says",https://news.google.com/rss/articles/CBMijwFBVV95cUxQVHVLWFo1Y25uVF9XbzJuLVpGbDcyV0FUY0MwNEw0cmc3N3J5LVo5ZzBzbHR6RV9XX25pbjZBcVpHcWh2ZEhXSi1GMjJzaXFDYTJta1BWRDY1amVtN1dVS1M3TDRmdy1mREI5Wm52eF9COWtUWXlGM1B6clM5aWsyeEI2ZTVpQVRoTmw3eHdlYw?oc=5,Yabiladi.com,4 Oct 2026,,no,,,,no,yes,5,3
Morocco,Agrifood & Climate,Heavy rain floods parts of Morocco’s Oriental region as more rain forecast,https://en.hespress.com/131072-flash-floods-force-evacuations-in-taza-as-heavy-rains-pound-northern-morocco.html,HESPRESS English - Morocco News,4 Oct 2026,,no,,,,no,no,6,3
Morocco,Workforce & Human Capital,Oxfordshire teenagers help build road for primary school in Morocco,https://www.heraldseries.co.uk/news/26596880.aureus-school-students-complete-morocco-challenge-trip/,Herald Series,5 Oct 2026,,no,Six students took part in an unforgettable 14-day adventure in Morocco.,"The pupils, from Aureus School in Didcot, took part in a World Challenge trip that saw them trek through the Atlas Mountains, build a road for a primary school, and immerse themselves in Moroccan culture.","Other activities included exploring the souks of Marrakech, watching a clifftop sunset, and even spending a night sleeping under the stars on a rooftop.",yes,no,0,10
Morocco,Workforce & Human Capital,Varsity Football North Newton High School - 10/02/2026 | Live & On Demand,https://www.nfhsnetwork.com/events/dunbar-high-school-baltimore-md/gam4b369de5b8,NFHS Network,30 Sep 2026,,no,,,,no,no,1,7
Morocco,Workforce & Human Capital,"Despite the appointment of a female prime minister, Morocco's glass ceiling for women remains",https://news.google.com/rss/articles/CBMihgJBVV95cUxOMHpaaXZ1ZmVTWWJFcGxFWk9UaUxlMElnN1hVNlRQVVdsSy1EbG1jejUxUFhQandrSnRfSHlYeGFsTTZwdUI1VWplMmx6ZTdKME9zNUJuN3RSTmpPYkZrWmF4Q2p1MmdsdUhqVkk3T2VCMENFUTdwWWppbHJ0Mmk3TzUtRWc2cUk5XzlHQkFHX0tBYWRvbEdPZW9CXzZ2cXVMVG5IUEhuWGdwY0FaZGlSekc4RXhQeVJUUzhyQ3BhaDZaYm9OOTh6OFhodkxwd1Nic2laRGhVOWRqOTVBR1U5RjNjNnZaOHJjZEduRVJqTzJrY3hYNzUyTHA0LUs3bGZoSjBDMWVR?oc=5,Le Monde.fr,1 Oct 2026,Women,no,,,,no,yes,2,6
Morocco,Workforce & Human Capital,Fatima Zahra El Mansouri named as Morocco's first female prime minister,https://news.google.com/rss/articles/CBMiW0FVX3lxTFBsMFZrUXpSU2tnV1dZM0haNmtnd1d5cFd2a0NfR1BlU3ZDbHVWTXBROXNaM0lNTmdXREJkbW95MlV3Z0VKcXJVRkJDVkhWenZLMWNpQXBKZS1VU2M?oc=5,BBC,29 Sep 2026,,no,,,,no,yes,3,12
Morocco,Workforce & Human Capital,"RBS Becomes 1st Triple Crown-Acredited in Morocco, Francophone Africa",https://www.moroccoworldnews.com/2026/09/340278/rbs-becomes-1st-triple-crown-acredited-in-morocco-francophone-africa/,Morocco World News,30 Sep 2026,,no,,,,no,no,4,4
Malawi,Jobs & Employment,"As ration cuts bite, Malawi’s refugees lose vital lifelines",https://news.google.com/rss/articles/CBMiswFBVV95cUxQdXU5RFZVQ3Nua0dYZWVlUi1nY2tad2t6cjYyRW1FbzRRYXNxaFhBZWpFdGprU2NRWVg2VllBSlR6OEtWaXFmOXNYYTZLNmQ1VkhpckR0WktCQU5Jb29oM1l6eDV0cnI2Ni05R0JsTllwcGpkcnpBNG95SFBCelhtV2NsWkRqWkczdjFDNTFvbDFYWl9ITnVyVHlXYnZhTHRSdHhNN0hGV1REZmVYYnlqMWo1QQ?oc=5,The New Humanitarian,30 Sep 2026,Refugees,no,,,,no,yes,0,8
Malawi,Jobs & Employment,Flames kept waiting at airport in Angola,https://malawi24.com/2026/10/05/flames-kept-waiting-at-airport-in-angola/,Malawi24,5 Oct 2026,,no,,,,no,no,1,7
Malawi,Jobs & Employment,Mutharika to speak to Malawians,https://malawi24.com/2026/10/04/mutharika-to-speak-to-malawians/,Malawi24,4 Oct 2026,,no,,,,no,no,2,6
Malawi,Jobs & Employment,US targets Hamas Finance Network,https://malawi24.com/2026/10/03/us-targets-hamas-finance-network/,Malawi24,3 Oct 2026,,no,,,,no,no,3,5
Malawi,Jobs & Employment,Ignore South Africa! Malawians can now settle in Canada,https://malawi24.com/2026/10/02/ignore-south-africa-malawians-can-now-settle-in-canada/,Malawi24,2 Oct 2026,,no,,,,no,no,4,4
Malawi,Macroeconomy,"Tracking the ""America First"" Bilateral Health Agreements",https://www.thinkglobalhealth.org/article/tracking-the-america-first-bilateral-health-agreements,Think Global Health,29 Sep 2026,,no,,,,no,no,0,8
Malawi,Macroeconomy,"Malawi - Democracy, Development, Poverty",https://news.google.com/rss/articles/CBMiaEFVX3lxTE9DaEVhbFpJT1pkX0FUclhWVGFRaGtSZTRGSHBUNEUwTTRWSjAzUENoOHZHNHZwNE8zbTZ2ckJmNmFoSzBLZmozSXhCZDdJM2Z2djZ2c2tkQ0swblhzSUppajItSzlrRTJN?oc=5,Britannica,1 Oct 2026,,no,,,,no,yes,1,7
Malawi,Macroeconomy,Top 10 Central Bank Interest Rates in Africa in 2026,https://news.google.com/rss/articles/CBMijgFBVV95cUxPOTZKRlBwYU56Q2RxVG81WWRERExCQWEzOEp6TWFWczMtOVV6Q3U4Ykc2NDREa2R5YWFCZU9wX05WUzJ4anM4SkV5ekFzMWtrYVBTNlJIcTA2bzR1QlNjdlQ5N2hnU2Q1Qkx3VHZmajNmLUhGT3BtQWExTzhfTm5MTEs4S3o2YkJyaDg5UHR3?oc=5,The African Exponent,4 Oct 2026,,no,,,,no,yes,2,6
Malawi,Macroeconomy,Call for Project Proposals: GEF Small Grants Programme in Malawi,https://news.google.com/rss/articles/CBMingFBVV95cUxQYWdMdkZzcU5wRENEOWJVNFBNWGY2eW0ybXFFbXd6T1Z6VkFNUDFScnBSOXIwUktKNUpRLXlWSG1tU2NITHNzNHVJTW1oTldjNXQyYld5NWRXdFNLMzZBMTdjS1JhdF9pODkwY0JXT0xBR0dRdjJodVo3LXU2c0FMT19RS255MkRISW5lWnJ1Ui12bWw2dVc4WGtyRWlBZw?oc=5,undp.org,2 Oct 2026,,no,,,,no,yes,3,5
Malawi,Macroeconomy,Malawi: El Niño Threatens to Deepen Poverty,https://news.google.com/rss/articles/CBMijwFBVV95cUxQd2dqT1FZY19JdXVJUDlqbWNaSTNQbkszcVhBSUkzOVRrQ1RBNHIxLWNqQXUzTDVnUU1GM3pRTWtvbDktUkU3S0t5Z1BrZVRXTE00NzdDbTg5eG1xLWhiLWM1X3hDaEtMZGctZjBRaExUZjVNMHNxc09ON0NXd2FqMVhhYXNPQldYRmhTRC03Y9IBjwFBVV95cUxQd2dqT1FZY19JdXVJUDlqbWNaSTNQbkszcVhBSUkzOVRrQ1RBNHIxLWNqQXUzTDVnUU1GM3pRTWtvbDktUkU3S0t5Z1BrZVRXTE00NzdDbTg5eG1xLWhiLWM1X3hDaEtMZGctZjBRaExUZjVNMHNxc09ON0NXd2FqMVhhYXNPQldYRmhTRC03Yw?oc=5,Powers of Africa,2 Oct 2026,,no,,,,no,yes,4,4
Malawi,Digital Economy,Malawi backs AI crime cameras,https://news.google.com/rss/articles/CBMigAFBVV95cUxQTkNJU3V0b2NCWXdQMFo1Z1V6eWhJQkVYLTJsS0FraHZjQW1nMERWMDJPRzRtaWN5NUNhQ1BtNG80OHE1d05QcTk2WWFvMXZXTUxIaVk0U0ZLTDFEcHdfbWFlY2RvTDFVRVFoeFZMVHVGU0I0YnFObHB4b2JjNXAzUQ?oc=5,ITWeb Africa,28 Sep 2026,,no,,,,no,yes,0,8
Malawi,Digital Economy,Gubazire ordained as new bishop of Kabale Diocese,https://news.google.com/rss/articles/CBMijAFBVV95cUxNaDVtRFJqQnR6aVBjLUFiRXduSmRVOS1yT0ZZQkJ4bzFhbmlaSmpHSUxwdUd2dE4wcTdkdjk4VVA5YlNrRlZZRWRGTjdUNzVVRVM5SlZmdElsMXhHTnhTTklJWXRoVnY1OGstaEpra2hvMDBOa1p4b0QybHZBN0trU1ZEdTktTHhUTENWb9IBlAFBVV95cUxPNmluMDl2aHBReDg3RE9sT2hPRWR2UWlxdlpVQjdjZHF3Qk9Rbm9XSjVnVkQ2eFBhbWx1Ry1kck1ZaFZtempmcWVUQWZzaktHYl90QVNVWnFWMTNTUTRlM21VT1BuSGRoS2cyME92WnUzU3E5dzVzelZiRUhLM21LRm5HNHJwTTF1TVd1RXI4aktjOUk5?oc=5,Nilepost,3 Oct 2026,,no,,,,no,yes,1,7
Malawi,Digital Economy,"Airtel, TNM face Malawi data probe",https://news.google.com/rss/articles/CBMihgFBVV95cUxNR2F2MFdqTHZ2Y0FOT3hmbW9pQ2pEVW1DUllQZVJFR1RBQTRYZXg0aEc1dzJyQzhoVFdqS3N0T2lEckZiNS1wZW1ENEYxYW4ydHJXcHFSMVQxUW1qZ3hPaGQ3N0hwLXpLUXBLR2poU1NoNFNHME8wa3BOeGxvODhkbklkNTk5QQ?oc=5,ITWeb Africa,30 Sep 2026,,no,,,,no,yes,2,6
Malawi,Digital Economy,MTN MoMo launches remittance service in Nigeria,https://www.connectingafrica.com/fintech/mtn-momo-launches-remittance-service-in-nigeria,Connecting Africa,30 Oct 2024,,no,"MTN Nigeria's fintech business, MoMo PSB, has introduced its new outbound and inbound remittance service, allowing customers in Nigeria to transfer money to 13 different African nations.","This service will allow Nigerian users to transfer money directly to Benin, Cameroon, Congo Brazzaville, Côte d'Ivoire, The Democratic Republic of Congo (DRC), The Gambia, Liberia, Malawi, Rwanda, Sierra Leone, Togo, Uganda, and Zambia.","Furthermore, Nigerian users can also receive money from six African countries including South Africa, Rwanda, Uganda, Zambia, DRC, and Mauritius.",yes,no,3,7
Malawi,Digital Economy,How OnePurze’s 20-country launch exposes the regulatory realities of cross-border fintech,https://news.google.com/rss/articles/CBMickFVX3lxTE5VeHdzNnNFcFMxZUk0TlV2dm1JN0pMY09CX0QwS1FUS25LUEFOWXZiVWlUeURFdV9oQ0dxdkZyOE5kcm5xT28xdV80d1NTY2FNdGwyVGtTQjFQOHJXU0xnR2xYR3BfRmllb3BDMm14akZYQQ?oc=5,Condia,29 Sep 2026,,no,,,,no,yes,4,4
Malawi,Governance,“I lost a friend following an unsafe abortion in Malawi”,https://news.google.com/rss/articles/CBMiqwFBVV95cUxPNHNnR3F4RlJBclZhakpwcmJoNWZZSVVPYk9yNTRSWHhtTlJ3ZUxEODFRMDNSQzAySTFwRzVWMmJ4OVVkWi1pTEt5U2I0aVN2SEIxSHZEY1dUV3puMFViNDh2bC05d3BIVVFjUHl4Z3h5ZzhTdF96Q3JQLW1nZndIR2V4SklfNlVBbzNIWFJiYUE3LTRqd0ZKLUFBUDd4em1hS01EeERyTXBGWWM?oc=5,Amnesty International,28 Sep 2026,,no,,,,no,yes,1,7
Malawi,Governance,Angola: Opposition Calls For Oversight Of 2027 Elections,https://www.genocidewatch.com/single-post/angola-opposition-calls-for-oversight-of-2027-elections,Genocide Watch,30 Sep 2026,,no,,,,no,no,2,6
Malawi,Governance,CSOs Demand Timely Rehabilitation Of Karonga-Chiweta M1 Road,https://news.google.com/rss/articles/CBMid0FVX3lxTFA3X2dfNHVtbXZkOFl3NkFzSWY1a01lU0VmZHhmNk5UR0dqZll2cnZxbno3S082dUZUdmlEWW9oYVNWM3h6Tk5TbW85RUxoemNGRmFxeHVOa0RuMTlhZEFVTC0tUlZPY3ZuM3RnMkNBbkd2T3Qyam0w?oc=5,AfricaBrief,5 Oct 2026,,no,,,,no,yes,3,5
Malawi,Governance,Independence and decolonization in Southern Africa,https://news.google.com/rss/articles/CBMioAFBVV95cUxQNTJsQzY0ak5Hd0FlSTZ0NUhxbXZRbnJMdjMyUnRHRjhnVUU3S3hNU3dOTG1keUwxdmZiVW9jYnoybTZCa2YyZFBfd2R0aHg0SjNkSFg4WGtsSTV0ZmdZbEh0cWs4MVFjdkNkM1B5RUR5OFpBelBCa0tDZm5mTXA3WUhJbzF5M1FZMnJvSktXNGdjcThBNjFoWmo3dTFoZFlF?oc=5,Britannica,2 Oct 2026,,no,,,,no,yes,4,4
Malawi,Governance,Coalition To Review Mutharika’s First Year October 20,https://www.genocidewatch.com/single-post/coalition-to-review-mutharika-s-first-year-october-20,Genocide Watch,29 Sep 2026,,no,,,,no,no,5,3
Malawi,Agrifood & Climate,How a Malawian village is holding back floods | D+C - Development + Cooperation,https://news.google.com/rss/articles/CBMigAFBVV95cUxQaXY1ZEZJdFNnemd0UmM2ZzhMRnZvSUJEbVV1YzdmQmF2MjZTaU4wS3RFYXBhOXpNdXZXTHZwZGpTY2lWbXZLcUh2RVQyTFpKZGVBd1RkaXl5Vmhta25RcVQySTNnNkhVWC1iRW9LMDNueEU0cElVRXRrWWl3Wl9USg?oc=5,dandc.eu,5 Oct 2026,,no,,,,no,yes,0,8
Malawi,Agrifood & Climate,Malawi’s Neglected Donkeys Face Inbreeding Crisis as Farmers Lack Training and Markets,https://bioengineer.org/malawis-neglected-donkeys-face-inbreeding-crisis-as-farmers-lack-training-and-markets/,Bioengineer.org,4 Oct 2026,,no,,,,no,no,1,7
Malawi,Agrifood & Climate,"THRIVE: Climate Change, Nutrition and Mental Health in Malawi",https://news.google.com/rss/articles/CBMiqgFBVV95cUxOdTF2N2UtZlBIQ3hqdkVWUFp1OFctbzd1dmhJWlg1Q3IxekhWZTlpdmU2Y2tiRFE3bmpvWl9CenBTdFVDSjJmQ0M1SXNxZkRjY1BIVVRmWmpyWUFpX1VRT3huTE1rZWJRd1Z6NHVfdWhyWkI1ZzNrMUc5QjV2Ym1YOUpNWUpVWU5oSUk5bmwwdTNtQ0hBcHl6M0lhZFVzc1NVMmdXV2poRlZTdw?oc=5,Liverpool School of Tropical Medicine,1 Oct 2026,,no,,,,no,yes,2,6
Malawi,Agrifood & Climate,El Niño will unleash multiple hazards in South-West Indian Ocean region,https://wmo.int/media/news/el-nino-will-unleash-multiple-hazards-south-west-indian-ocean-region,World Meteorological Organization WMO,1 Oct 2026,,no,"The strengthening El Niño is set to affect temperature, rainfall and tropical cyclone patterns throughout the South-West Indian Ocean region, impacting climate-sensitive sectors and indeed all aspects of society.","There is no one single regional impact scenario, according to the South-West Indian Ocean Climate Outlook Forum, which urged governments and communities to prepare for multiple hazards. The climate outlook covers October–December 2026 and January–March 2027.","Southern parts of the region need to strengthen preparedness for drought, water stress and food-security risks; northern and wetter areas need to prepare for flooding and landslides; while island States require a flexible multi-hazard approach encompassing extreme heat, heavy rainfall, marine impacts and tropical cyclone risk.",yes,no,3,7
Malawi,Agrifood & Climate,"Malawi - Key Message Update: Crisis expected in the south as purchasing power weakens through January 2027, September 2026 - January 2027",https://news.google.com/rss/articles/CBMi7gFBVV95cUxPdFJ4QXYwT2xaZ21qYWtadkdJU1Jtb1VWWGNCeHZMNnFNLWktN0Yya09PZkFwUk83MEN5X2FRYzdQbm9rclN3dFJVcWgyQmdmdXZNbE5yUDlER1hwZUNEUXR5bF9pdWRpemVEa0FLYUlKNFZ6RGZFejBFNmo1ZTV5TjNqMlRrQS1ESkhPd1RFTWpGYUNnN3lxbVIyTkJ5Y1gzSXdiZy1ZQ3ZjcW5GZTBJNl9Xb21JYkYxWlladWVoMXFpWmg0YktIeHl4X3UxYzBmN3pWWmczQzY2SUVYQVNlNjRFRnVzMS1GSENHU0dB?oc=5,ReliefWeb,2 Oct 2026,,no,,,,no,yes,4,4
Malawi,Workforce & Human Capital,"Malawi - Education, Literacy, Schools",https://news.google.com/rss/articles/CBMiXkFVX3lxTE1CVmtSa25UUktiSHpYRUFBQlpObUtFUnAwMm9QQWY1bnBYUnJfNDRoSndUYWpwSlNycWFaZ0c1dHBHOVZkNW9tdXZaOThSYUZtdDhueVNnMGpfNkJNbHc?oc=5,Britannica,1 Oct 2026,,no,,,,no,yes,0,8
Malawi,Workforce & Human Capital,K.I.N.D. Fund Scholarships Build Brighter Futures in Malawi,https://www.unicefusa.org/stories/kind-fund-scholarships-build-brighter-futures-malawi,unicef usa,1 Oct 2026,,no,"As young learners head back to school this fall, The K.I.N.D. (Kids in Need of Desks) Fund will be making an impact in Malawi, continuing its 16-year mission to outfit classrooms with desks and provide scholarships to help students like Joyce Chisale fulfill their dreams.","In her first year at St. Michaels Girls Secondary School in Mangochi, Malawi, Joyce Chisale got the highest marks in everything from Chichewa language classes to biology and history. But her parents had trouble keeping up with payments; the boarding school's annual fees were roughly half her father's yearly salary, and there were three other siblings to support.","That might have meant the abrupt end of Joyce's formal education and her dreams of becoming a doctor or scientist. Then The K.I.N.D. (Kids in Need of Desks) Fund stepped in, awarding Joyce a full, merit-based scholarship. She went on to complete high school and graduated at the top of her class.",yes,no,1,9
Malawi,Workforce & Human Capital,Destination: Africa. BU Medical School Students Spent their Summer Volunteering in Malawi and Ghana,https://www.bu.edu/articles/2026/medical-students-summer-volunteering-malawi-ghana/,Boston University,28 Sep 2026,,no,,,,no,no,2,6
Malawi,Workforce & Human Capital,"In 2011, Madonna raised $15 million to build a girls’ academy in Malawi: Millions vanished on luxury perks bef",https://en.as.com/entertainment/in-2011-madonna-raised-15-million-to-build-a-girls-academy-in-malawi-millions-vanished-on-luxury-perks-before-a-single-brick-was-laid-f202609-n/,Diario AS,30 Sep 2026,,no,Madonna has had a long-standing relationship with Malawi in the southeast of Africa. It began in 2006 when the pop icon was asked by a businesswoman from the country if she would be willing to help the poverty-stricken country reports Billboard .,"That same year on a second trip she adopted her son David from an orphanage in Lilongwe and set up the non-profit Raising Malawi along with philanthropist Michael Berg. The charity’s mission is to support orphans and vulnerable children in Malawi through health, education, and community support.","Over the past two decades, Madonna’s philanthropic work in the country has continued including opening new educational spaces and a children’s hospital , which earned her the title “daughter” of Malawi from President Peter Mutharika.",yes,no,3,7
Malawi,Workforce & Human Capital,A message from Scotland to Malawi on this World Teachers’ Day,https://news.google.com/rss/articles/CBMikwFBVV95cUxPXzlJdVRseVNnM2hFZFo3eW1uWnpVSFR0ejJMS3Q0c1p6c2F0ZGp1Qkx1eTJjeGdYeEw1SUJ2T3dsZFg4TUJ0VUt3aUt4WGxtT2RMSlJLUVRXZ0ZiTkJFb1prV0RESUJBbzk5aFdKSjRlei1KS0EwSVNaVWk2dDdIbUhCT0Z3NDR3VktXaklDMXczVm8?oc=5,The National Scot,5 Oct 2026,,no,,,,no,yes,5,3
Senegal,Jobs & Employment,Fortesa’s Rogers Beall: Senegal’s Onshore Gas Can Power the Next Phase of Growth,https://panafricanvisions.com/wp-login.php?redirect_to=https%3A%2F%2Fpanafricanvisions.com%2Fsearch%2FFortesa%2Bs%2BRogers%2BBeall%2B%2BSenegal%2Bs%2BOnshore%2BGas%2BCan%2BPower%2Bthe%2BNext%2BPhase%2Bof%2BGrowth,pan african visions,3 Oct 2026,,no,,,,no,no,0,8
Senegal,Jobs & Employment,Cash-strapped Senegalese unmoved by Youth Olympic Games,https://news.google.com/rss/articles/CBMiS0FVX3lxTE9iSlpXNDU5RXhXa0FsRjJtUFRwLThtR2NHTHczNkF5OFd5MU9HX0RyMmo0NVNxS25LUXQ3WTF6R0o3S0Q1WHd1Y1lJRQ?oc=5,afp.com,1 Oct 2026,Youth,no,,,,no,yes,1,14
Senegal,Jobs & Employment,Senegal's $44 billion debt dilemma: To whom does it owe money and why it matters,https://news.google.com/rss/articles/CBMioAFBVV95cUxQSFA2eUNjb2UwNjhLSmQ3QTlINGY0bTlVTmVVc3REUEM2X0FCbnRPSDJOTHRKWGxkS090dmtxRHU4eHBiR01UenZjSVBhM0QyajJiRVVtWlBLdjVjbkRPUHJFTWlNcHo5b3pBY0xSR1YwTndmRlJ1d2FkdC01WGc1bHVqUVpmVmp2RHRsQWZHWTFkZnhMemhjMEQ3VWxZVnpF?oc=5,Yahoo Finance,29 Sep 2026,,no,,,,no,yes,2,6
Senegal,Jobs & Employment,EBID backs $390m of strategic projects across West Africa,https://african.business/2026/10/partner-content/ebid-backs-390m-of-strategic-projects-across-west-africa,African Business,2 Oct 2026,,no,,,,no,no,3,5
Senegal,Jobs & Employment,Senegal Seeks To Diversify Tourism Beyond Its Beaches,https://trendsnafrica.com/senegal-seeks-to-diversify-tourism-beyond-its-beaches/,Trendsnafrica,2 Oct 2026,,no,,,,no,no,4,6
Senegal,Macroeconomy,Explainer: Senegal's $44 billion debt dilemma: To whom does it owe money and why it matters,https://news.google.com/rss/articles/CBMiuwFBVV95cUxOeWNRWTM4OWlVVWlwZGVUR1FtTkRjejFSb1lSSkROajNuaHppRjgyU1RQQWpZVWRTbmNydmNNS0VkcjNWMG5YcG9LMUN5ZnRDeWFmc1otd29QZzZ0dmlsLWlsYzQ0ZVlrV0RJR0s2TjlURkVNS3RYaEF3aU5QZkNjSWdLSFFTa3psVWR2NmRKLWIyOWRUVDJWWUZCX3NXV3VXMS1lZWJKYk84VTYwR0tUYlpXOGc3SDc1VEFv?oc=5,Reuters,29 Sep 2026,,no,,,,no,yes,0,15
Senegal,Macroeconomy,"To reclaim its sovereignty, Senegal must approach debt differently",https://www.aljazeera.com/opinions/2026/10/3/to-reclaim-its-sovereignty-senegal-must-approach-debt-differently,Al Jazeera,3 Oct 2026,,no,,,,no,no,1,13
Senegal,Macroeconomy,How much foreign aid does the US provide to Senegal?,https://news.google.com/rss/articles/CBMikgFBVV95cUxNaWZCM0FfX1VzRmNPRkZwQ3RrMlRVOUNYV0M5NXN2LUdDSGpoVFhmUVlKOW5sTXZ3ZkkwdGZxcFVmRWlxUnY1bi1iY3YxalFweWhrdHZMWGgxempIZzVxZTgtZjFXS1JGSU1uQ0ZRclloY2F0XzB3bDBRWlRQbWMtMnFiZFBScmJMRldFRVNKYXFDQQ?oc=5,USAFacts,29 Sep 2026,,no,,,,no,yes,2,6
Senegal,Macroeconomy,"Africa’s Highest Debt: Sudan, Senegal and Mozambique",https://uchumi360.com/r/a/sudan-187-senegal-130,Uchumi360,5 Oct 2026,,no,"Sudan’s debt stands at 187.6% of GDP, Senegal’s at 130.2% and Mozambique remains above the danger line. Their ratios look similar, but war, hidden liabilities, arrears and financing structures have created three very different African debt problems.","Africa’s debt problem is not evenly distributed. The continental debt to GDP ratio may have eased from its recent peak, but several countries remain far outside the African norm. IMF data for 2025 place Sudan’s general government gross debt at 187.6% of GDP and Senegal’s at 130.2%, while the October 2026 debt map places Mozambique above 100%. These are not three versions of the same fiscal problem. Sudan’s ratio sits inside a war damaged economy whose GDP has collapsed. Senegal’s debt was dramatically revised upward after previously undisclosed liabilities were uncovered. Mozambique’s problem combines a heavy public debt burden with arrears, expensive domestic borrowing and an IMF assessment that overall public debt remains in distress. The ratios look similar because they are all exceptionally high. The economics behind them are very different.","That difference matters because debt to GDP is often interpreted as if it were a direct measure of fiscal failure. It is not. The ratio can rise because debt increases, because GDP falls, because previously hidden liabilities are added to the official stock, because a currency depreciates against foreign debt, or because several of these forces occur at the same time. Sudan, Senegal and Mozambique show why Africa’s highest debt ratios have to be analysed through the history of how the debt was accumulated and the capacity of the economy to service it.",yes,no,3,7
Senegal,Macroeconomy,Senegal GDP Growth Accelerates in Q2,https://news.google.com/rss/articles/CBMikAFBVV95cUxQek9KSm5lTWUwbEtvb0JhV2ZlUVNDQ3RkbUlvRU5nRHNTNE9RVVVTTDFlNWE0Y2tTRzlmb2xzZjFjWWM0UFQycDVTWmJGVkhhSlIxOTF4bzJ1bG52LWI1T19vR0ZWM1pmdXhTS3BFb3FNLXM3REFzenRUdFNSaExBbmR1dXVOVmtDM3FIVnVzMWI?oc=5,TradingView,1 Oct 2026,,no,,,,no,yes,4,4
Senegal,Digital Economy,Madagascar billionaire Hassanein Hiridjee expands Senegal data center to meet AI demand,https://www.billionaires.africa/2026/10/03/madagascar-billionaire-hassanein-hiridjee-expands-senegal-data-center-to-meet-ai-demand/,Billionaires.Africa,4 Oct 2026,,no,,,,no,no,0,8
Senegal,Digital Economy,STELLARIX Senegal Expands Data Centre Capacity to Support AI and Digital Growth,https://techafricanews.com/2026/10/02/stellarix-senegal-expands-data-centre-capacity-to-support-ai-and-digital-growth/,TechAfrica News,2 Oct 2026,,no,,,,no,no,1,11
Senegal,Digital Economy,"Senegal Targets 6,888 Schools in Major High-Speed Internet Connectivity Plan",https://news.google.com/rss/articles/CBMixAFBVV95cUxOcC0tc1ludnoyMDJ3a21HOC1LY2l0NnhzTWZjdHBfdFNIWHp4SGg1Um1heDhrQ2l5Z2VJR0dJeE5qZlRYbE9sd2gwSFJWM3BxdmwyenZKMUZmMlVFXzhzUFdPY0ZVWFZfWndRbmViUmtfQWtSVkNubkQtbjNKV1VJekQtWVBYQkF1NFg1ejFTa1AzanItR1ZzRDFwbnZ3ajBzRDFEOXJHM3JsZExZUXV2cThKNDlkRHhQVmQ5QTNBY1AzczRT?oc=5,We are Tech,29 Sep 2026,,no,,,,no,yes,2,6
Senegal,Digital Economy,Fintech Unicorn Wave Caves to Regulators as BCEAO Holds Firm on West Africa’s Payment Deadline,https://launchbaseafrica.com/2026/10/01/fintech-unicorn-wave-caves-to-regulators-as-bceao-refuses-to-blink-on-west-africas-payment-deadline/,Launch Base Africa,1 Oct 2026,,no,,,,no,no,3,5
Senegal,Digital Economy,Senegalese govt partners with Nokia to advance digital modernisation,https://www.telecompaper.com/senegalese-govt-partners-with-nokia-to-advance-digital-modernisation/,telecompaper.com,2 Oct 2026,,no,,,,no,no,4,4
Senegal,Governance,"Too young to run, old enough to protest: West Africa’s unfinished democratic bargain",https://globalvoices.org/2026/10/05/too-young-to-run-old-enough-to-protest-west-africas-unfinished-democratic-bargain/,Global Voices,5 Oct 2026,,no,"A section of young delegates at the West Africa Youth Democracy Conference held in Dakar, Senegal. 8-10 September, 2026. Photo by Legis360. Used with permission.","This post is part of Global Voices’ September 2026 Spotlight series, “ Protest in Democracy .” With this Spotlight, we seek to explore the many forms of protest, the tactics states use to delegitimize and suppress them, and the complex relationship between protest and democracy. You can support this coverage by donating here .","In 2018, young Nigerians won a fight that had taken years to organise. The Not Too Young To Run campaign helped push through a constitutional amendment lowering the age limits for several elective offices. Eight years on, the legal victory has not made politics much easier for them. Party nomination and expression-of-interest forms can cost as much as 100 million naira (USD 75,000). Earlier this year, one Nigerian state set the nomination fee for a local government chairmanship at NGN 30 million (USD 22,000), reportedly more than the office’s official earnings over a full four-year term.",yes,no,0,10
Senegal,Governance,From diesel to solar: a Swiss project for the streets of Dakar,https://account.srgssr.ch/signin/login?requestId=172683a4-78c9-4834-a060-992df07c2dd0&ui_locales=en&view_type=login,SWI swissinfo.ch,2 Oct 2026,,no,,,,no,no,3,5
Senegal,Governance,"Central African Republic - Constitution, Politics, Governance",https://news.google.com/rss/articles/CBMiigFBVV95cUxPcEUxakZybGxlakl1V3MxUmhNb09iaU9laFZzR0tZbWlIb3RsdlF5U0JQSmttNTY0NlltRlQwbVNnNms0czB1cFhPcG1JTUIzZ1R3TjRwNkxfR3Y0ODJMT2lvM2kyRXBGeGY1Y0g0T3BHaTdreDh5d0tjQi1oR29KbTlmUkxHbW9ucnc?oc=5,Britannica,1 Oct 2026,,no,,,,no,yes,4,4
Senegal,Governance,President El-Sisi Meets President of Senegal on Sidelines of 8th AU Mid-Year Coordination Meeting,https://news.google.com/rss/articles/CBMivwFBVV95cUxNai1ieEFYNEFvdXFST0dkbnA3RW1ZelV6SzlNTlBjWnVqSW1kcXREMklWbTcyRDRIUm04YUxKYjkySFhYcFpyUlFfRUFXMjJkYmMycURtdzNReVNnSXdvQjBPdEl6SHN3b21YbERIWHg0Wmt3UW1FVDloMXZPd0VrRUpvSGdXWENDSUxLdXMxMlpzLWhjTWxsaGRsZ2JLczZhMkJxV2MzakFKRUhSMU1MdlVfTjIyS0pHQUtOZDhRQQ?oc=5,Africa.com,4 Oct 2026,,no,,,,no,yes,5,3
Senegal,Governance,"Senegal: An Italian business mission visits Dakar, focusing on infrastructure.",https://news.google.com/rss/articles/CBMipgFBVV95cUxONXhyM2xXaGFOZHJmZ1k4b2VubTJmbVEwOFQtcGlIRjhrbzlUUlc2OERTUFI1aEJvT2VfNkJ5TVh3RXJzNFN4NkdqMnRJNWcxWF8wNmR1elZfTXotaXlWeDQ4YnU2M0VFZTFBS0Q2MUJBQjNNTEo1NU1COU95elpkam56NkJXTXktR0ktallLSGV4cWZjTTljNFhIcFlsLVJDcDFGZkJB?oc=5,Agenzia Nova,1 Oct 2026,,no,,,,no,yes,6,3
Senegal,Agrifood & Climate,Working equids and community resilience in flood and drought contexts in Senegal,https://news.google.com/rss/articles/CBMisAFBVV95cUxNbGtUVXhySlU0QkZrMF83Mi1LUVo0VFM4LVVlNjNoWE5qRjVqVWVudUpldWhkTnRxVnFkSlQ0bW1tLUJRNHdlUGhBaDE5aG1OLUp6V3JxMGRGNWpKYmxtX1ZDdXBzaXVxY3lIbXJwNENyNVdraEJpY0xxUjJwczR1MG9FT0ZsOU5ucFM3czZrNU13cnYyODE1OUE1SElUaElwUEE4NHZQdERldGR6alZGRg?oc=5,ReliefWeb,30 Sep 2026,,no,,,,no,yes,0,8
Senegal,Agrifood & Climate,AI identifies Senegal's smallholder crops 84% of the time using limited training data,https://news.google.com/rss/articles/CBMie0FVX3lxTE5SOEpjTzhaSk11OTk2LWlhd0NPd1JDU3NYSTBDVWhBUEZaYmYwUGl5cHlhcy1yZWg2WlpKUkNhWGtPWGtIQUxrZmM2S2FSVlBlUVUyc3lYbzl1eEhzdzQ0ZWh1T1J0dFhhZVZxZkQwT3B5MFZzenpaUEpIQQ?oc=5,Phys.org,29 Sep 2026,,no,,,,no,yes,1,7
Senegal,Agrifood & Climate,"Faye says Senegal aligns with Egypt on Nile, seeks closer bilateral ties in meeting with El-Sisi",https://news.google.com/rss/articles/CBMiogFBVV95cUxNVXZ1WExDVHJnZlcyN3hCYnllRHFORnQzSzdpaEhSR1ZVUzVfZVJFY0lUZU9Wd0FScUgzaHppLThobDFYSFNJN0RsYWx1cWwwekdPZllMTlY5MWY5TkZfT3J2UGFMMmFkODIzSEpHSEp3NjAtNFR0RElHSVExdjg3NVFyUVdtbzNYS0hqMk1iNkM3UmVrVTNLbHJQeWVfM2x6eXc?oc=5,Egypt Today,4 Oct 2026,,no,,,,no,yes,3,5
Senegal,Agrifood & Climate,"State of the World's Girls 2026: Change her forecast - How the climate crisis fuels sexual violence, child marriage and unintended pregnancy, and limits girls’ futures",https://news.google.com/rss/articles/CBMikgJBVV95cUxPZ2lXNVQ4TDlKRlIzaXV0a19yUzBJTFdlUE00ZXMwdW9tSlFxSGNjdElEeVVtR3NrZGlHZlRlT0gwbG92MHIwcDMzRjhVcFgxRlpQZzF0Z0hRdGo0ZWpNazhiWXhMZnpfekxoUlJhRDFTSWNsN29yMGk2XzRvNW8xRlRqSFJiUU5RbjJKX0NWT2dudERhTkxZVDVBQlpQRXJ6X2UtQVYyeWVrMEFtaWRwWkprUWJqMVZXbEtIaU5xR1R6dGtORVh2NGFmaFZudWUxSzNkdVpDX3BLdDNVLWlCV05xREtoVGFDNFVTemZKWG56ZzJHSHJEWUdEWDhHcDNfdzRZUUVMYzZPYk1zNzBpRFZ3?oc=5,ReliefWeb,4 Oct 2026,,no,,,,no,yes,5,3
Senegal,Agrifood & Climate,"Central African Republic - Economy, Resources, Poverty",https://news.google.com/rss/articles/CBMic0FVX3lxTE8tWUhoRS1tek9qdklTaEROdEVQT3o2aWJCVU9oenhwd1ZQTnZmanpnS193SEEzdDFPTG5GS1RQTms4d3RJdDVRRFhvQU54YWFoQVR4SnJMR1hQTG43S3BMcU9HVVlZN1puT3FGNEg5NDYySzQ?oc=5,Britannica,1 Oct 2026,,no,,,,no,yes,6,3
Senegal,Workforce & Human Capital,Photos: Community unites in Senegal’s Dakar to clean dilapidated school,https://news.google.com/rss/articles/CBMisgFBVV95cUxOMGgwRGw3a283OTlBdVhRM3l0R2gxdElxNVY3Tl9HS1hPWl9BbkNmZV9LX1Q4NExWQ1JUYWJXSmVIOHVKR0hhTnVWRU5xZEk1TXVnWDNHUkRJY1ZPbEJ0UGpLYlc1TkF3ZGk2OEFZT2EwZlZkM1pISVZjNHZNQk1Jbm1zNjd3dXhpVXIzcWZ6dTBzQ3J1eVptWEdheVhqT1JEblh4bnZmUGx0cEVlX0hZT1Nn0gG3AUFVX3lxTE1rWDB0MWN6Y2pRSG0xYVJXUHF6VHc2NE5CMnduczFIVDF6VHNPcER2dU5DWmp1aEhCQm9fQnNPZG1CSEU2WHVfd3FoVmZwZ08xUTIyS3JXUE9UTTNlaHV3UGFWblFBNHhTSUlsUnIzUzRUcHVDNklWeVpON0I5UVk4MEt0dEJlQkxIemlkNExOb29DSHRtUlRDQ0ZSa1dNY2wtSmRuTTh5RFJmaTEtSW85TWtYeFZXRQ?oc=5,Al Jazeera,4 Oct 2026,,no,,,,no,yes,0,8
Senegal,Workforce & Human Capital,Sea meets school in Senegal's Black Girls Surf project,https://news.google.com/rss/articles/CBMijwFBVV95cUxNRUJmeUlEODZ0aFZzZ3oxMlVmdDBhQ3d1WEJKOFh6dW13YWJzbDM2eGJVcHRkZjRCejlGZmtZck9Icm9wSW12eEQwU1lyUWw2bjA3S2VaaVRVYWtyVTRPTVhDa1p5XzRDc2p1czdVS19HZ3ZCRjlkQVRhaFU3Yl83RFZxbk1rM2MyNHFRb2ZZQQ?oc=5,DW.com,4 Oct 2026,,no,,,,no,yes,1,12
Senegal,Workforce & Human Capital,"Study Buddy (Challenger): Scientists add fish to Senegal paddies for more rice, less disease",https://news.google.com/rss/articles/CBMi_gFBVV95cUxQbXZfNFBGNm5POEJsUXM3ZGc5ZU1pNzRhemJxdDdBRlhhU3J4bmFUSkRNWDN5MUpPcWU1OHRlUnJuRlh4U3RzbUt3R2JSOGJtbm4zNzJrZzk0ZmRGT3lGSmp1R3E3WHNJVlh0alJJQlRoRjZpS0kxWUhSVDFTM0JMc1FPNEZHX3dRRUFGOUEwZjZBZVBnR1NEQWpWMktkQUUyNWRpVjhwa0FNOW9rU0ptOUlCVnlDc2FVYTROZkJ3cDZ1MGJjajl6cU0ycU4zUE03M0V5YVdBS2RxTTE3RkF1Tl93bG5MTDBqalBoR3pqaWRTQ2FYZ1pUZ1lJaEtidw?oc=5,South China Morning Post,4 Oct 2026,,no,,,,no,yes,2,6
Senegal,Workforce & Human Capital,Josh Braun (’25) Engineering to Serve Others,https://news.google.com/rss/articles/CBMitAFBVV95cUxOaFFvWTljN3hoVlE2VHdDM0hmY2xjNXFFYlE3MDBtMTFlZGYzOFdCOXBBSkpzZk5EbTQ3N1VOU0czVTFZU3hza1V1RFcwTjd1azk4dWZuaG5IeWlJRzVnSEhyMUlhUmliMEpxM3REME9saFVVcTNZRzc2ZUo1cjNSWi1nWHRJWlo1Yk1RN05MUEh2bXZmRWcyYUQycmdRU29qUEg5SDJ3REhrSXg3M2xCWThxSkg?oc=5,Gonzaga University,30 Sep 2026,,no,,,,no,yes,4,4
Senegal,Workforce & Human Capital,Waves of Change: Senegal's Women Surfers Challenge Tradition,https://news.google.com/rss/articles/CBMi1wFBVV95cUxPbng4WTZZSVJGX2VpNk8wbHhGRmtRMDNBQndwM3dsM1JnSjBzQl9ZWnN1S2NPaDVXaWpVLTY4ZVg1eldVcjg0Y09FRW1QaFRlczFPdW01QW9KaDRoS0toLVJMZkVkNmpuWFBvOHR6ZmFRb2RmOGFRWVlTVFl1OXZ6Y1pGdGpzT05OVTNEei1pOXd3RFFrcEJNQUFJMUFIWXZndnppNjNVRDZxSGszbzlfWkQ2MjZTLUs5Ukw2ZmZtVVhTQWthSHFoOHpPdjlEZ0pKRW1wQXJNTQ?oc=5,olympics.com,3 Oct 2026,Women,no,,,,no,yes,5,3
Senegal,Country-Specific Context,Senegal’s Faye backs Egypt’s Nile water position in talks with President Al-Sisi,https://www.dailynewsegypt.com/2026/10/04/senegals-faye-backs-egypts-nile-water-position-in-talks-with-president-al-sisi/,Dailynewsegypt,4 Oct 2026,,no,,,,no,no,0,8
Senegal,Country-Specific Context,Senegalese Armed Forces Chief Outlines Strategic Vision for 2035 at Defence Institute,https://streamlinefeed.co.ke/news/senegalese-armed-forces-chief-outlines-strategic-vision-for-2035-at-defence-institute,streamlinefeed.co.ke,28 Sep 2026,,no,,,,no,no,0,8
Chad,Jobs & Employment,"Executive Turntable: Round Hill Music Appoints New President/Deputy CEO — Plus, Moves at Big Loud & More",https://news.google.com/rss/articles/CBMijgFBVV95cUxNMmFxOENkdWY3TjJSQ1BYNWpGemlRMkVIYWdyUXh2UWpFb0dYYzB6STNFNTNPam5tUTQ5MmY3dk94eHlEYXJ5d0J0M1hkUWU4RDVJZnJUbDNlRGN1bXJ4anN3NG1jQ0hHLUdYTG5aWG1PVDRSdklTaHpkYlE0Rk5ORmI0dm16T1FOdGJJaE53?oc=5,Billboard,4 Oct 2026,,no,,,,no,yes,0,8
Chad,Jobs & Employment,US hiring slows and unemployment ticks higher with a month remaining before Americans head to polls,https://www.audacy.com/news/us-hiring-slows-and-unemployment-ticks-higher-with-a-month-remaining-before-americans-head-to-polls/,Audacy,2 Oct 2026,,no,,,,no,no,1,7
Chad,Jobs & Employment,Arizona Small Businesses Endorse Congressional Candidates,https://arizonadailyindependent.com/2026/10/04/arizona-small-businesses-endorse-congressional-candidates/,Arizona Daily Independent,5 Oct 2026,,no,,,,no,no,2,6
Chad,Jobs & Employment,Baltimore development authority leader fired after confrontation with artist captured in social video,https://www.thebanner.com/economy/nonprofit-philanthropy/chad-williams-north-avenue-authority-fired-LUFQGN6Z3ZBRRPWLR4IRRAO5SE/,The Baltimore Banner,2 Oct 2026,,no,,,,no,no,3,5
Chad,Jobs & Employment,WNADA executive director fired after berating artist on video,https://baltimorebeat.com/wnada-executive-director-fired-after-berating-artist-on-video/,Baltimore Beat,2 Oct 2026,,no,,,,no,no,4,4
Chad,Macroeconomy,County Commission OKs $170 million 2027 budget,https://280living.com/news/county-commission-oks-170-million-2027-budget/,280 Living,4 Oct 2026,,no,The Shelby County Commission meets at the county courthouse in Columbiana.,The budget is only slightly larger than the $169.7 million revised budget for 2026 and has fewer capital projects than the 2026 budget.,"The commission plans to spend only $4.3 million for capital projects in fiscal 2027, compared to $11.1 million in 2026.",yes,no,0,10
Chad,Macroeconomy,"Council OKs artist act, 2027 budget",https://news.google.com/rss/articles/CBMivgFBVV95cUxQTGNDN2JuYzRQczlQbHZ3eS0xT1NlQnBnTmlnNHI3V0Y2ZHpxRnBTdVdVdHBuc1k5SllCRWdrQ0g2Z1JhWHZRbkpqRWl1X2tHQ2I0QWdWVlZ0WFhaYVRKSnIzSEkxVTF5U21HNnI0Yy0xTDlFbFl0RlJyQjRCZVBzWngyR2pCOGoyVXVQTVo1UTNqdUpPbG5sWURjUFE0WGczTnYyU3hzZFBCcG1VTGNrN2ZJN0F0OGFEM0R2ZVpR?oc=5,cherokeephoenix.org,30 Sep 2026,,no,,,,no,yes,1,7
Chad,Macroeconomy,Watch: Dane County Executive Melissa Agard introducing 2027 Executive Budget,https://news.google.com/rss/articles/CBMihAJBVV95cUxPSnMwMTNyWmkwdTZJbHpncFNRaU1fVDh1X2tmNndkZnoxMERTQkU3bWtUa3RWb2JzYnlrak9nZkZYcE83dkNMZk5VMGpSdGVOTnZUVjlGMWczdDFsZ0piWGtCS3hFVUR4dG9mRXJLVDY2THBsTHdUZk1RVUFUNHFvT1UzY3k5RG96cXdXZC1NUXBFVU03MHV0V3RsalZERDU4RUJWNXRFVnpWTDAwTXVBLXFKVEVZT2MwZ0w0QnpmdDlMZENJRkkzUlZtV0o0YTZnd0tWSFlsSzJQVFdyVlhlS3ZFR1QxQ24tNG1UY3VSYWZWYWxmSDdhczFHTWZ3YmNWUXZIOQ?oc=5,WKOW,1 Oct 2026,,no,,,,no,yes,2,6
Chad,Macroeconomy,"Kitsap prosecutor candidates clash on priorities, policies, budget",https://news.google.com/rss/articles/CBMiaEFVX3lxTE5kalMtQ0VwWTlqV29xMjQyZlJMbWpZZXFJYS1jcDVyTG1jakFrUzhHYUE3LTVhMjlKMm1DN1BCQXVGMDFjMENad3hPNzM0OWtXRWw4T0hFRlB2eE1ocE5GbWdhcG9OLVJC?oc=5,Tacoma News Tribune,2 Oct 2026,,no,,,,no,yes,3,5
Chad,Macroeconomy,Fargo city commissioner discusses $148.3 million budget and public safety,https://www.wdayradionow.com/fargo-city-commissioner-discusses-1483-million-budget-and-public-safety,WDAY Radio,2 Oct 2026,,no,,,,no,no,4,4
Chad,Digital Economy,"The FinTech Interview: Chad Hetherington, NICE Actimize",https://fintechmagazine.com/interviews/the-fintech-interview-chad-hetherington-nice-actimize,FinTech Magazine,30 Sep 2026,,no,,,,no,no,0,8
Chad,Digital Economy,Construction almost done on broadband expansion in Hubbard County,https://news.google.com/rss/articles/CBMi3gFBVV95cUxNZGlBandwOGg4QTZwRkNleE9jU2dPQ2ZlNWYwMDFDck1Vb3Fwek4zTkdsenpKZUlOeTlKMXpwUWpuNUJsOWN2Z0FENXBKOXpPQTBERWdORTB6M2Y5Tkp4TW00MGFSMTJBbnRPTms0R2lYXzhXTFFnUHlPNThYSjhickZob3FiSWJVbHNyQ1Iza01XOEhhZ1owbHYycTYzRWVmcjBaVjZVbndEcWtiVUNSMHlydl9fTDJvMzZjY2hqUUJGYkNxbzR0UGY5dkpnaGc4Z2FtOGxNRFZ6Tk5iX1E?oc=5,The Pilot Independent,29 Sep 2026,,no,,,,no,yes,1,7
Chad,Digital Economy,TeraSignal Introduces Analog Wave Processor for Lotus 200G/Lane Family,https://embeddedcomputing.com/application/industrial/industrial-networking-connectivity/terasignal-introduces-analog-wave-processor-for-lotus-200glane-family,Embedded Computing Design,29 Sep 2026,,no,"TeraSignal announced AWP (Analog Wave Processor) , a high-speed signal-processing architecture that performs mathematical operations directly on broadband electrical waveforms.  It manages weighting, delay, and accumulation on broadband waveforms in the analog domain. This methodology provides enhanced signal-processing abilities into linear interconnects while preserving their fundamental advantages of low power and low latency.","“Linear connectivity dramatically reduces power and latency, but scaling it to 200G per lane and beyond requires greater visibility into the channel and more powerful ways to correct impairments,” said Armond Hairapetian, CEO of TeraSignal. “TSLink tells us what is happening in the link. AWP gives us the ability to correct it. Together, they bring intelligence and advanced signal processing to linear interconnects without the power and latency of a conventional DSP.”","AWP offers signal-processing abilities developed for 200G/lane and future high-speed interconnects, including:",yes,no,2,8
Chad,Digital Economy,Citi's Chad Reddy began as a bank teller. Now he advises AI's newly rich.,https://news.google.com/rss/articles/CBMirAFBVV95cUxOckw2R2J4emNwMzJGQVpEcEU1UmtpN0VEdW9peFdXdGJCMC1zUEI5SjdsZmNBVF9oajBTdnZDUjIwREFzYXQwdXpMaEdBNm5MZEM1YmMtcmRqQUd1SnBqcGJ1SkVPTDhIbFEtNk1GRkpjZ180QkpQbk80aGJITGpMakd3SDRONG5qQU1FS19SdThySjllZVJ1SlVHNFlEZHU5V1E1b0tkR3VuQWRS?oc=5,The Business Journals,2 Oct 2026,,no,,,,no,yes,1,7
Chad,Digital Economy,"Wes Moore forms bipartisan governors group on AI, citing federal inaction",https://news.google.com/rss/articles/CBMiuAFBVV95cUxOUlVGNnhDa2dvVFpNQURFOWZZWlBaWDdySVZ1cmtHY3BLdS0yWjc4ZXVybFFYelQ5UVZnWm5Lalp4N0tiVFY0S20yU3VPR3piMmxDZlZFa1BzV2RnWVpDbzFMWFVGTmMyT0E2RU9MbjhsQ2M0WTc5MVp3aWRXVXFrTlFYZm4tQ3pzSXNlZFJjdjFkZFFtQ0tNVTV3a084TXFMVnQxZGlEZXdVS0RKSjhyN090clBENWRG?oc=5,Audacy,1 Oct 2026,,no,,,,no,yes,2,6
Chad,Governance,Jeffries says House Democrats reaching to flip Trump districts in attempt to repeat their 2018 sweep,https://news.google.com/rss/articles/CBMitAFBVV95cUxOeUZBVW1zSTlyYW9idGpnWE1kZnREbnN5OW81ejI1ak5TZmd0eGZ4RmszUnhQdlQ2WkZldVVFczJVOXQzNmprZmpPUU9zdFprRFRnb2R3aGU5X3V4M05RUm9PYUlhZWpkSzRIbVIzMHRDd1Vkank1bngySTNybk1MZ0QtQUJCN3M0cDFpWGJ0R1FfUUVNRkhRZ0RUTGN3dHh5Zk1oUUNRazBHME4zZURhMmFLTTI?oc=5,Audacy,5 Oct 2026,,no,,,,no,yes,0,8
Chad,Governance,“Joe Biden won.” – Rep. Tiffany tried to overturn the 2020 election. What could a Gov. Tiffany do in 2028?,https://news.google.com/rss/articles/CBMiuAFBVV95cUxPb3FKa2g5XzFWYWd0OWRRWHZrU09seGlIUUQtaDFjN3hfejluT2RRVjloTU5mMXl0a2Y1UUJkRGV2ODZXMmRMdlRUY3ZjNWFidi1JQVFRcWpYWUJLeDgtalJQUE1ZRVRMd0x5XzliR3dpeXlKbEpxSS1VQVlkQm41ZExuYnRMSmc4UWpVYW5SYTRrTkdtdmhlWVVpYTJ5T3hrdlRoeVQ1aFdRRE40LVVVTlRaVnhIODJS0gG-AUFVX3lxTE1qVU8xem9DdHc3R0R0WHVTVkJYcUU5S2pHUGE3V0tHNW9BY2VYTHJ3NkdTRjQ1UFlGZG4tTVNUakFPY1JyUUdOT2pMYldVU0Zlem1pY2dSSEpZOEVtRXRoMHJIY0RpSE9EcHN0RzN0SEZVblhaSEpVMEx2RkZFYmg2X3F4ZUx4SDg3SVlxdVg3Tjc5a0NDUlZ0N2s5a0N5Vjkxem16dl9UQ1RGNTFsc05xRWUxU1ZydE1QMkVKWHc?oc=5,The Badger Project,1 Oct 2026,,no,,,,no,yes,1,7
Chad,Governance,‘Pretty Little Liars’ actor Chad Lowe mourns death of 13-year-old daughter,https://news.google.com/rss/articles/CBMirAFBVV95cUxOX0c2bU81MTJNTWdpRzJRM2xiVjlGMGxWUW5iYWJBNE5NRTg0bVNVVnpiVGRJN05SY29zOVFzdWlOcXd0WDEzTXRwbmMzUUJ0eTUtRXpUVjBSLXA2VVhJNFI2SGdwdU5temNVeElRM1pLRkdEeEhGVktHRWdqSjRwbXNaM0ZqY3MtTkxpeENtb1BSbzZiVGswTk91b2VqTHlNVWNwcUJ0TVlnUUVl?oc=5,ABC7 WWSB,30 Sep 2026,,no,,,,no,yes,2,6
Chad,Governance,"CA sheriff’s seizure of 650,000 ballots was illegal, state Supreme Court rules",https://news.google.com/rss/articles/CBMiiwFBVV95cUxNcjk3d3Y5bVg0cEVsbENGMVQ1QVlfVTdwbkNvM0xqZXBVS3cxREViVlFjRUl3Q2NwbFp2NmZfVV9IX1p3NDZGYUxPQzVDdUl4OVlMQm9UVHlGQ2xQem96dW1VMTVUMWIyV24wUTNvaXl6N2ZOWHM2d0JMOTNXY200Y2U5dTdDN1c2WVNn0gGLAUFVX3lxTE5sc01BRjVkVFJYSGtTYjFZNnIxTm1vY01FeTF3UjRuNURId0xOeTBUWVcxNHYzeW9lcE5SUkNMM0dyTy05bWFDa0RXd2lSMTJaaC1nYzhOeTFEVTlsN1hiamQwSHRZWkozdDMwRzRyTUNhakRSOUg3ZHZtTE5KY1FXWjlGb3NybVB5MDA?oc=5,sacbee.com,28 Sep 2026,,no,,,,no,yes,3,5
Chad,Governance,France gripped by spreading student protests as PM calls crisis meeting,https://www.audacy.com/news/france-gripped-by-spreading-student-protests-as-pm-calls-crisis-meeting/,Audacy,1 Oct 2026,,no,,,,no,no,4,4
Chad,Agrifood & Climate,Finding common ground,https://news.google.com/rss/articles/CBMif0FVX3lxTE5ITVhBSzVOMEY3ZWg1U29XLTFNYkFMRlJrMDBUX1U3LTJ6Vi1LTndBWHh5V0k5QkhDSDV4Ui12TEhXTHVRNzk4a1NiU0NRSzdtMWF6bGN6VHV2WVdKUjA0VTNuc2FsaEh6Z3JtWUgzbW5NSTlySjhLUVpMTk54WGc?oc=5,un.org,5 Oct 2026,,no,,,,no,yes,0,8
Chad,Agrifood & Climate,The Supreme Court will hear a major climate change case involving a devastating Colorado wildfire,https://news.google.com/rss/articles/CBMiywFBVV95cUxQd25ORWZHU041T2VIeHFkNlpOLXA3YUlEbUFvTHBsd1hSM2VUVTRwVkdvWnJMQUdYay1TZUtIMlJfWUZHYjdkTmdSbS1JVkpHUUtOcUdpcG1ReGJNTXZqQTdRMG1lbkRjejBhOUJycXRJVDQ4c2hld29iLWZiX0oxSWVOYmhhV3p2dTV6Slc5RG5jeEhNcV91cDRlMk5EZE5jX24zWFJ0cFFYcUV5Rm50UEtxa2dkSVRXOU9qbk1OaVNXR1k4YmhYT0xFTQ?oc=5,Audacy,3 Oct 2026,,no,,,,no,yes,1,7
Chad,Agrifood & Climate,We see East Africa’s food crisis coming — why are we waiting to act?,https://news.google.com/rss/articles/CBMimAFBVV95cUxPQnBfUHJRd0dQdGFhMTJEb0Nrc2p5ZXU5NzlQLUJpTUtuNmYtRU9UTVZnUUpZaTd6dHUwSGVqSzlFNjhTSm84TDl2d0kxZ2lkeFM2TjFzaW9COWZ3a0xTTHRBcVJpQjN3cEhSWEhNR2E4VjZTRnVzd2dWSWdkZ0ZvMGpFNkdkeWpvVnI1N205R0FZbUhZYUdDUdIBngFBVV95cUxNOW84U3VzUk9iWmg4VXdnX0ZXT0JSMVZITzhndWNkd2NmMjlIbzJaTmllRDdFQ0kzeG5SMWRnMnh2Um9NSDB3dmJDMzlxX2p5anlWbm5WVzd0MVRVR1lJUVI4b09oOTBJaGFqTTN0TlVCV2g2REJiZEdfNkEyRWxXellLVWRUdmIxWDNuOUZBMnVjc3FQTWpiVTA2ek1udw?oc=5,The Hill,2 Oct 2026,,no,,,,no,yes,2,6
Chad,Agrifood & Climate,"Global Weather Hazards Summary, October 01, 2026 – October 07, 2026",https://news.google.com/rss/articles/CBMingFBVV95cUxNaXQ0SUFvSUlmbmNtb0NwSVVkZTlSSW1NTlVpLUtSOW5HU2RmLUdYTmk2b1dDVHhxcHFQTHZnSFV0T1hsamdCLWNsalcwZG16a050eGc5Q1RVc0RncW54N1NjengwUHJYVWN3dmZLeGgyQUxkTS1zektDbWhQRzFHV3BUYkZmQlZGekhqTFhRQzVVX0YybzFhMmlvQ3JuZw?oc=5,ReliefWeb,30 Sep 2026,,no,,,,no,yes,3,5
Chad,Agrifood & Climate,Producer plans store to advocate for agriculture,https://news.google.com/rss/articles/CBMilgFBVV95cUxOdzB2c1JyWnk3M21KY0lFNVk1RHJoRndmbVc4WDBCTjdFWWxWS2Zwc0xReER2V3RES0Yzc0dsY2dReXVrYW5TRVRaUkFuU0ppZlV0UWo2MFllbHMxenZob0dCU2VfYk1LMk9fai1XcVVrN0tuZFpYb2p1MXRjaVktMXprOHA5T292ZkduODlMR3MzWG50blE?oc=5,agupdate.com,3 Oct 2026,,no,,,,no,yes,4,4
Chad,Workforce & Human Capital,Chad Lowe’s daughter Fiona dead at 13: ‘We are deeply heartbroken’,https://news.google.com/rss/articles/CBMiiwFBVV95cUxNUk54aGM0RXRMTEtzbzZfNkxKcDRtWUpTajdmS0ZnLWdmUnBIVVRRRmNLaHBlTVFld2c2QkpKS1R1eTdsV3FuWmszaDg4Y1lpXzZhQXZENEFLeS0tamIyQ2Q4VXotaXN3WnU0MFlmZXV4MGtQaWJpOUt3UTFRbXlXMjZsTXdqX3VWQmZj?oc=5,Page Six,30 Sep 2026,,no,,,,no,yes,0,8
Chad,Workforce & Human Capital,Grizzell Middle School coach Chad Isaly reflects on 34-year legacy,https://news.google.com/rss/articles/CBMihwJBVV95cUxQNXluVzlFX0hJM3ZhM2ZpTE55N0NDWkpmU2xGX3JFSDlRdDdlUFlHNlFJRGJGNEM1NHFuNi1hNVB0X0ViY2kxMXY0dzdmTHZPNkR6dUNWUDhoSEhmb05PVDljRnF6YXpSX01Damd0NWJ0VFFYUHBkYThWd2FPWmtLYkFnQm16VlJoYmRoZ0dfRTREdjQ2bUw5TnpuLVVzZ0MzNjI3OVdYZEpqWWJDZld5eG14aEtyN1I3UnlZdjBfZmdETG1FellMSFc3LTVlVUJ6R1VoNDdMRGk0aVlUX01QQ2ZISW01WWFlcGQyNThWU2lUWkV5clBhM0NaV0g3ZTdSZVozNHg3VQ?oc=5,WSYX,2 Oct 2026,,no,,,,no,yes,1,7
Chad,Workforce & Human Capital,"Former Central coach, athletic director Chad Whitworth honored as distinguished alumnus",https://news.google.com/rss/articles/CBMixwFBVV95cUxOeFdTdGMyNENfOWZqYUdYZmVIczhWSjJWX1l1RE1Nelk4SHBVclcxczdQVkFyTTRveVhZSWgxMGZBRmhWVlJMWDVla0JRenFRVGt6M2ZWVDhqUnRVTmJBTDRnX0pzWlpJSGJ1OVMtVnJTYkFrdEFScG0wdVdjc3g5WUFkdS05S29IckFsZm1VTWdsZzVWeEZnVWJqTW51UzhocHhUSzU1aC1xNkkwNTV2QWNtWHhLRURfaUI4VmlxbW9pUEpXaGYw?oc=5,Cap City News,1 Oct 2026,,no,,,,no,yes,2,6
Chad,Workforce & Human Capital,Georgia High School Football Ranking: Top 25 Teams – Oct. 4,https://www.on3.com/high-school/rankings/football/georgia/2026/,On3,4 Oct 2026,,no,,,,no,no,3,5
Chad,Workforce & Human Capital,'Didn't expect' - Chad Johnson opens up on how impressed he has been with Jeremiah Smith throughout his career,https://www.hitc.com/didnt-expect-chad-johnson-opens-up-on-how-impressed-he-has-been-with-jeremiah-smith-throughout-his-career/,hitc.com,4 Oct 2026,,no,,,,no,no,4,4
Zambia,Jobs & Employment,GLOBELEQ REACHES FINANCIAL CLOSE ON 40MWac KAFUE SOLAR IN ZAMBIA,https://news.google.com/rss/articles/CBMivAFBVV95cUxQa1ZOQzlMWFhXaktMWE5Ra2ltOUxvdVBfYjNsUWhRbldsMDFSTjNOQU5xdUhWb0l3U3RudWZHRWtKUVBvQmpEdVFXQXZYZmJ0VmNQb3pWbV9EemtGWWhvWmNQcElobXZkTHpMNTNPQlAzSGtaZWtQZzBueUw1YVg3VHU3NkszV1cwTlRhN0hlcHlXQ1J4QjdMQ0J3MWVmc1E3WHVIc25EYlI4NlVyOXhmQldEakRsTklDd1RLUw?oc=5,PR Newswire,1 Oct 2026,,no,,,,no,yes,0,8
Zambia,Jobs & Employment,Zambia presses Gulf investors on local mine rules,https://news.google.com/rss/articles/CBMiogFBVV95cUxPSXh0RHhYQzRLQkRmbC1vSzVOekhWTkEwMlAxZmZHYk50R19IVDhPSFpjUGVJRVNTcjV2b1k3LU5xMTlXSW1YVU9raHFGdHFwYXpVYy00MG9PMjVRNmJZVTA2UmlTUWRybXc3MTkteDFWd0FPTi1tUk10UVhoLXRqWE9qbUs5RExoTEE0czRxLWRTb2gxblZ6dk5JS0JWQnpla1E?oc=5,Yahoo Finance,2 Oct 2026,,no,,,,no,yes,1,7
Zambia,Jobs & Employment,Independence and decolonization in Southern Africa,https://news.google.com/rss/articles/CBMioAFBVV95cUxQNTJsQzY0ak5Hd0FlSTZ0NUhxbXZRbnJMdjMyUnRHRjhnVUU3S3hNU3dOTG1keUwxdmZiVW9jYnoybTZCa2YyZFBfd2R0aHg0SjNkSFg4WGtsSTV0ZmdZbEh0cWs4MVFjdkNkM1B5RUR5OFpBelBCa0tDZm5mTXA3WUhJbzF5M1FZMnJvSktXNGdjcThBNjFoWmo3dTFoZFlF?oc=5,Britannica,2 Oct 2026,,no,,,,no,yes,2,6
Zambia,Jobs & Employment,Kafue Solar Project reaches financial close in Zambia,https://news.google.com/rss/articles/CBMisAFBVV95cUxQRWt4VnpFbzFJUUZiSWxGeVZzT0Y3Q2l1SDZzWERJWW9FbzVpYm1rWkxrd3RESlZwSTF2QkFUWFd3R2tvcVJpRzVhRXU5V2tYMURfVjlZTWo0Qy1XcnZvaGlpZUdzVC1pTTNubmFaaWQ4N1B6dTJoNlROeDViVUNiTjU4dW1mbWx4d3Fiam5CSXZWOExTYnJZZW9mdG1UcjNlcFlUWDdxblU2ZXBpX2Ixaw?oc=5,africabusinesscommunities.com,1 Oct 2026,,no,,,,no,yes,3,5
Zambia,Jobs & Employment,Zambia begins talks with IMF on new program focused on growth and jobs,https://www.mwebantu.com/zambia-begins-talks-with-imf-on-new-program-focused-on-growth-and-jobs/,Mwebantu,30 Sep 2026,,no,"ZAMBIA has begun discussions with the International Monetary Fund on a successor program under the Extended Credit Facility that will focus on growth, investment and job creation, the Ministry of Finance and National Planning.",An IMF mission led by mission chief Edward Gemayel is in Lusaka for engagements scheduled through Oct. 10. The team opened talks with Finance and National Planning Minister Situmbeko Musokotwane and his management team at the ministry headquarters.,"The mission will hold discussions with the ministry, the Bank of Zambia, the Zambia Revenue Authority and other public institutions on economic and structural policies that will anchor the proposed program, including the 2027 national budget and the 2027-2029 Medium-Term Budget Plan, the ministry said.",yes,no,4,6
Zambia,Macroeconomy,Zambia aims to lift economic growth to 7% over next three years,https://news.google.com/rss/articles/CBMiqAFBVV95cUxNdmJvcG1zNlpsOTlOUDZieHd2aGgwaXR1ZVVaWWdiLWJ4THZNQ09EdEpmWGNMWDRpejJBUTBfa3FlQkhMM1dwVHVxUXJTSFlJcnRrbFVKYVNmd2hlVW1kdzRxOGJrSWs3UG1RcXotNGNaZmc4QlNEWGF5eVEyUWgyTW94Qk5zbnZGMHBqa192MlcxOG9teFhRRG5ELUZVZWNBOXJNeFAwUkw?oc=5,Reuters,28 Sep 2026,,no,,,,no,yes,0,15
Zambia,Macroeconomy,Zambia Cuts Rates as Inflation Is Expected to Remain in Target,https://news.google.com/rss/articles/CBMiswFBVV95cUxPT1NJejZwVkk3TTNYbkxDWDVFZjBudXZIS3FyZ0FCMWpPbDhqQ1VfT0wydEMzeHFKcktkdF9fN0tCRmxoNVg5b0pmTjNXU2NGRFVGTy1PYVEzLUFrbDg3ZWJISmRlRmlJTWQ5TnZNYzFCSlZjWmR6NVFqcEYwZmhLV1ZvNWtwcm9Oai1KMnRXMC1mYUVvbERNZVk4YjU3X1VpXy1nRkZ6SlMzTlB5eGlPQm9Oaw?oc=5,Bloomberg.com,30 Sep 2026,,no,,,,no,yes,1,14
Zambia,Macroeconomy,"Zambia makes huge rate cut, says inflation comfortably on target",https://news.google.com/rss/articles/CBMizgFBVV95cUxPU0hyWUc4N2o0aVptT1ZUVk1Wd2FicHp2WUZ3NkRYQnR6Q3NZOElRQTZ5eGdXNFhnaUJTVXZBS0FzN3d2bEZsUVN6emluS1F6S2gxaXlHcmVvNHh4dzBDOGVLNk4tVmEwQ29tQUxOYkQ3VncwRlBXUlFzeEFLamNQODBQTVZXQnVFZXZpZm1Kb3o3Zm1KNDhTdTBvSkNMeWF4aGZrU0MyWGF4RVA0ckdtVUx5ZXNqd2JvN0dzdm9NNGJmTjdLeVZzUmtKTGNGdw?oc=5,TradingView,30 Sep 2026,,no,,,,no,yes,2,6
Zambia,Macroeconomy,Zambia targets 7% average economic growth over three years,https://www.cnbcafrica.com/media/7790608666269/zambia-targets-7-average-economic-growth-over-three-years,CNBC Africa,28 Sep 2026,,no,,,,no,no,3,10
Zambia,Macroeconomy,Zambia cuts interest rate to 10.75% as inflation eases,https://news.google.com/rss/articles/CBMilwFBVV95cUxQZTlHMmhxSzFGVFR0X2xycUhHenFSeE9xM0hJekgyeGIxalpzQXFXcWhUNXJSdzFtOS1XRzlfbG9ES0hqTEpZTW9KMHV0UUpJeWFPOWRvM0dHR18tTUJCT19OOGo4ZC00dVhmU09YRHB2RXhxQ3VkSy1LUEZFb3l5OC1DeDFuLVF1enhDNjZYeXloZ292NGFF?oc=5,Business News Nigeria,30 Sep 2026,,no,,,,no,yes,4,4
Zambia,Digital Economy,Airtel Africa Foundation Expands Tech Fellowship to Zambia,https://techafricanews.com/2026/10/02/airtel-africa-foundation-expands-tech-fellowship-to-zambia/,TechAfrica News,2 Oct 2026,,no,,,,no,no,0,12
Zambia,Digital Economy,Zamportal revenue crosses $500m mark,https://itweb.africa/article/zamportal-revenue-crosses-500m-mark/Pero3MZ361bqQb6m,ITWeb Africa,1 Oct 2026,,no,Zambia says its one-stop public electronic services platform has generated about K9.8 billion ($501.48 million) in revenue and grown to offer 572 services since its 2019 launch.,"ZamPortal, as the platform is called, hosts these services across 52 service providers, has served more than 1.17 million customers and generated more than 6.66 million bills.","It started with a small catalogue of public electronic services and has since expanded significantly following its deployment by Smart Zambia Institute, the electronic government division.",yes,no,1,9
Zambia,Digital Economy,Africa Tech Festival 2026 puts the conversations shaping Africa’s digital economy in focus,https://www.techinafrica.com/starlink-south-africa-2026-pricing-roam-residential-speeds-order/,Tech In Africa,30 Sep 2026,,no,,,,no,no,2,6
Zambia,Digital Economy,Harigovind Krishnasamy Joins Digitide As CFO To Lead Finance Strategy,https://news.google.com/rss/articles/CBMixAFBVV95cUxNZUNfbGNaUEx5NUlPRGtEZVZTUVg5U0JKbjFHWVcwVS1ZZEpzSzZEOS1JNFQ1UjJjR01vbnFoWTAxUmMxMmduWkZvdGwyeXJhOWJVRlc3QUFSaEF4OUZzVHhSWngzdlByRkVOcnFJMTlaU3FGS1Y1YWRTRzAyLWNrdE5aSzZxUEMxQ01kVndQcjMxdDFWcXBET0xyNUYxOUhFUDVjQnpVdDVvRG56NThPcDJlV0h4N3ZSMXFSZjdIV0Y4RkVY?oc=5,TradingView,3 Oct 2026,,no,,,,no,yes,3,5
Zambia,Digital Economy,tech bros.,https://www.linkedin.com/uas/login?session_redirect=https%3A%2F%2Fwww.linkedin.com%2Farticle%2Ftech-bros%2F,LinkedIn,30 Sep 2026,,no,,,,no,no,4,4
Zambia,Governance,"Zambia - Democracy, Constitution, Multiparty",https://news.google.com/rss/articles/CBMib0FVX3lxTE9nOFJlYmQwb25UQ1dLZUphQlJQdncyLVhtOUc1RU5HOU9YQ18wT1BqMTJIbk9iZkdJdDN3cEZmWjJWcktUNVJJWm5EZ3h5NGNxZDZQSEx3NTJ0bC0zYy1rejRzNnNCVHZxcHRHckw3QQ?oc=5,Britannica,30 Sep 2026,,no,,,,no,yes,0,8
Zambia,Governance,Zambia: Cancelling Passports used to Silence Critics,https://www.genocidewatch.com/single-post/zambia-by-cancelling-passports-authorities-are-using-administrative-powers-to-silence-critics,Genocide Watch,29 Sep 2026,,no,,,,no,no,1,7
Zambia,Governance,AFRICA/ZAMBIA - African Bishops express concern over the arrest of Archbishop Banda,https://www.fides.org/it/news/78244-AFRICA_ZAMBIA_Preoccupazione_dei_Vescovi_africani_per_l_arresto_dell_Arcivescovo_Banda,Agenzia Fides,2 Oct 2026,,no,2026-10-02 Preoccupazione dei Vescovi africani per l'arresto dell'Arcivescovo Banda,2026-09-16 Voci della società civile e della Chiesa: “A rischio Stato di diritto e garanzie costituzionali”,2026-08-24 Tensioni post-elettorali: chiuse le Alte Corti mentre l’opposizione prepara il ricorso,yes,no,2,8
Zambia,Governance,Zambia faces international criticism after election irregularities are revealed,https://www.commonwealthroundtable.co.uk/commonwealth/africa/zambia/zambia-faces-international-criticism-after-election-irregularities-are-revealed/,Commonwealth Round Table,1 Oct 2026,,no,,,,no,no,3,5
Zambia,Governance,Jeremy Seekings | Zambia’s democratic slide hits home as Stellenbosch scholar silenced,https://news.google.com/rss/articles/CBMi1wFBVV95cUxNY1FYZXFQY3NyVnZLcy1DMXY1M2JHdHp4QXpKN3UyaGppWFBELURySzM0YkotWTlEQ1pScUEtMEJ2OU8wcHY0dENOUlIyYVVoV2Qwc2tZUmlnR0tTYmJuX2hUV1BRTkc3dmtXSGtRT3lsZDA5X05DM19Tc0t6RS1ncHZZTUhCLVZsSU1IZlJLU0xfQnZXZzJVQVNWZ2NGUF9Gb1ZYMndERVBydGhkYnFRWGZTYld0R0JveC1tTWkwRFdEaWpwcEFiV3RXNVhob1BGQjgtcXFQZw?oc=5,news24.com,1 Oct 2026,,no,,,,no,yes,4,4
Zambia,Agrifood & Climate,"Zambia - Key Message Update: Stressed (IPC Phase 2) outcomes expected in northern, central, and eastern Zambia, September 2026 - January 2027",https://news.google.com/rss/articles/CBMiSkFVX3lxTE1Kd3gwTnV3SmN0eFJMLVc0WGxtZ0VuM0UtMmhjMHhhY1hnYUZTRFNFdDlkT3YyRkNLSERlYnY3NEVfaDQ3a2ZXcWxB?oc=5,ReliefWeb,4 Oct 2026,,no,,,,no,yes,0,8
Zambia,Agrifood & Climate,"Zambia - Crops, Livestock, Fisheries",https://news.google.com/rss/articles/CBMifEFVX3lxTE5BSmMxVmhST3dVU21KVEFCdGZsM25yb1RvNmFnRWxud2VqUlVoN25PbVNPOThDS1pfT2V1NWxDV09oV2c1eHUzVUxaU25ETDlPeVZ0ZGJOdmlDZnp2bmxJdzBDY1JON3M2aUNKT3R0X2I3OVBDQlZSYjg3Q1M?oc=5,Britannica,30 Sep 2026,,no,,,,no,yes,1,7
Zambia,Agrifood & Climate,"Keep enough maize for your families, drought is coming – HH – Zambia",https://news.google.com/rss/articles/CBMimwFBVV95cUxQMVdiSWl0d2MzYXNkNUZHek5KTkwtcV9sR3YtR19sek9ULXgtWTJsWm9TNnZHakpnQzdkdkliRVFoZUROck5iLWRaS0dDdU1rUTg0bWxnQzdPTTl5c1lGUWJTWFo5THhjR3dBUkd6ZVF6SG5RWUJ5MVZrSHJreU5xV1VuaGNBYjNPMVZ3UDZHRW9ZZ3UxZEpDU3NDaw?oc=5,News Diggers!,5 Oct 2026,,no,,,,no,yes,2,6
Zambia,Agrifood & Climate,Czech companies are helping modernize Zambian agriculture,https://news.google.com/rss/articles/CBMivgFBVV95cUxNWVR6UU1RUURKTDJodE1EREMyT3NYZ2N6cTg3aHBaZU4xdWlBRWVQMGVfc1ZQa1RZcDJFV285bTdSWkwtQWxKeWR0bDBlWUY5LTNuTWJpTmlsU0NpcGRHOW1jZFMyWF9MeWF0RDE4UW5DS1dyYmQxNTF6SkY5X1REWGp1VUctM2d4a3p2T2ZqeldLcUMyV2NsckExQ0haNmpvVkNQanBjUGxlaDg1MEVtZGljbEVJY1pSR2dVdEFB?oc=5,Ministerstvo zahraničních věcí,2 Oct 2026,,no,,,,no,yes,3,5
Zambia,Agrifood & Climate,"MATI releases ""El Niño: Voices of farmers,"" first-hand accounts from smallholder farmers in India and Zambia on El Niño and the 2026 harvest",https://agrospectrumindia.com/news/46/34875/mati-releases-el-nio-voices-of-farmers-first-hand-accounts-from-smallholder-farmers-in-india-and-zambia-on-el-nio-and-the-2026-harvest.html,agrospectrumindia.com,3 Oct 2026,,no,"MATI today released El Niño: Voices of the Farmers, a field report available at el-nino.maticarbon.com, gathering first-hand accounts from smallholder farmers in India and Zambia on how the 2026 growing season unfolded under a strengthening El Niño. The report is published during Climate Week NYC and the high-level week of the United Nations General Assembly, where the effect of climate disruption on food systems is a central topic, and where the farmers most exposed to it are rarely heard directly. In September 2026, as forecasters upgraded the current El Niño to very strong, MATI asked farmers in both countries three questions: what changed in the weather this year, what it did to the farm and the family, and what they expect next year. The report carries each farmer's answers, in Hindi, English or Chitonga, with the recordings where they survive and a photograph taken at the interview. These are individual accounts rather than a survey, and they do not all agree with one another. MATI has published them as given.","""Farmers are the first to see what a changing climate does to a harvest, and they are the last to be asked about it,"" said Shantanu Agarwal, CEO of MATI. ""This El Niño has not yet reached its peak, and farmers in India are already describing a season that cost them money before it cost them yield. We are publishing their accounts so that the people meeting in New York this week can hear directly from the people whose livelihoods are on the line.""","El Niño is a periodic warming of the central and eastern Pacific that shifts rainfall patterns across much of the world. Its historical signature in the two regions covered by the report is well documented: a weaker and less reliable Indian summer monsoon, and dry conditions across southern Africa during the main rains on which Zambian maize depends. In its September 10, 2026 update, NOAA's Climate Prediction Center gave a greater than 90 percent chance of a very strong event through autumn and winter, and a 75 percent chance that October to December runs stronger than any El Niño on record back to 1950. Forecasters expect it to keep building through the end of 2026 and run into 2027. What the farmers in this report describe happened under an El Niño that was still strengthening. The season they are preparing for is the one ahead.",yes,no,5,5
Zambia,Workforce & Human Capital,Literacy and Organisation: The Literacy Process in Zambia and the Internationalist Solidarity of MST,https://thetricontinental.org/nuestra-america/newsletter-literacy-and-organisation/,Tricontinental: Institute for Social Research,2 Oct 2026,,no,,,,no,no,0,8
Zambia,Workforce & Human Capital,"Around the World: A Chinese Bible Lectureship, Christian nursing graduates in Zambia and more quick takes",https://news.google.com/rss/articles/CBMi0AFBVV95cUxPb1J6RFIweFdXMnBEWFdZUzZ3UkZQby0wLWV3RWI2QU5UWnVyQ25hM2pYZm5HV2oxVnVPbjQ2TUVwbGFHVnNwVlBnQjdiVXVfUnhGRFU4MjVlaVRQTkdrcV9iazB4TWZVOEN5SVBlRElNMGZVVHk4MV9iUW5jRkRHRGoxZlRVb2dDb2RsUmRNZGVWMlBjdHBzLWFscXRlMWRIOXlRdXV1M3ZlMzNtTVM0dUxrYzNYelhCeDctTW12V0NQcEM5QXZjazc0SHpKOVFp?oc=5,christianchronicle.org,29 Sep 2026,,no,,,,no,yes,1,12
Zambia,Workforce & Human Capital,World Day of Migrants: Caritas Zambia Urges Government to Strengthen Refugee Protection and Integration,https://news.google.com/rss/articles/CBMi1gFBVV95cUxNVHVkcXdSUkFNUWVTeHFSNlM1aXVvZE9QR250aWVCcHF4aUs4dEpBMGZFdVRST0U4dzVpNFIzVjJNVVJqSlI1emhvbm16cjFfaWpyWHhoT1lJRGhBbXR0LVFud1drVm5pR3AyZm1vZXZQbVFCSFNWbldMMGZvQl9reHFlZmlHRnk4RkdMM0M0RXRYcjFjcDd5S3liYXJtOUg1U0w5NzItX3UzcUcwRkViUml3VlRxZ0JEbS12WWR1QWhwSDZnQ3JPV25obzNld1hYYm1DdU5B0gHbAUFVX3lxTE94NHYyQTV0NkhoVmdOVWxJMld4ZmVia0RRdzFaQ3VubnVPSlhBcndkenF0ZnAwLUFZa21meFQ4ZGRjMWZLSTNzZkMwaWh0YXB6SFJpUjU3VzhCNW5GX2F0MHpVMTMta08ycGdtSldGcUlybHJmaVlBblJhUFBmWUNKazhJM21OcUpzNXp1TGVVRGJPaVZUTUxhZGl1WEpGVENQT1Z4VTFhYW9GaGpqNmxrTkJ3eVU1cUdKcHo3S0Zkc1pSNFkzSWg3Y1V4b3d3cERVV1hOYk43bHNHRQ?oc=5,ACI Africa,29 Sep 2026,Refugees,no,,,,no,yes,2,6
Zambia,Workforce & Human Capital,MTN Zambia Foundation Launches ICT Hub at Nachiyaba Secondary School,https://techafricanews.com/2026/09/30/mtn-zambia-foundation-launches-ict-hub-at-nachiyaba-secondary-school/,TechAfrica News,30 Sep 2026,,no,,,,no,no,3,9
Zambia,Workforce & Human Capital,WFP Zambia Country Brief September 2026,https://news.google.com/rss/articles/CBMigAFBVV95cUxNUnhoeXY3T0tjNEF3WFp5a2ZXOEk3cUxmYWtubnhlMGtfWlBWZUFPQ1NBMkV4SkU3amFwSy1OQmJyb3FoVTV1ak5iLXdISWRUXzh6Ymp1c3d4WHNhTkIxOVBsdmpHRFV1QVJwUmRYUzloN01QVWdPYlU4VjdkMnhOQQ?oc=5,ReliefWeb,1 Oct 2026,,no,,,,no,yes,4,4
West African Economic and Monetary Union,Jobs & Employment,"Burkina Faso - Population, Migration, Urbanization",https://news.google.com/rss/articles/CBMickFVX3lxTE9qMlRzZFYzWEZ4RU5sLWhJMm4wSXByYkZ0QjYzOGNlcVdzRmxISG4zbFJQRUsweE1LNGVrVDdLZHB1clhiZ2dROGRBbE9OZTJLZm04WkV6ejloQkhaVlF2QzE3aGZOSkFpdXg1UU9zcC11QQ?oc=5,Britannica,1 Oct 2026,,no,,,,no,yes,0,8
West African Economic and Monetary Union,Jobs & Employment,"BOAD approves US$78M targeting 100,000 tons of extra rice production",https://millingmea.com/boad-approves-us78m-targeting-100000-tons-of-extra-rice-production/,Milling Middle East & Africa,2 Oct 2026,,no,,,,no,no,1,7
West African Economic and Monetary Union,Jobs & Employment,Yas leads Togo in national mobile quality compliance,https://www.telecompaper.com/yas-leads-togo-in-national-mobile-quality-compliance/,telecompaper.com,28 Sep 2026,,no,,,,no,no,2,6
West African Economic and Monetary Union,Jobs & Employment,Currency of the AES: what to remember from Ibrahim Traoré’s statements,https://news.google.com/rss/articles/CBMimgFBVV95cUxPeW9IdUFuSGZtX21NZ2NGaHJQaUVHOWF3cFlPMF9LMUFzUjR3eU1Kdk00MWFiQXl1VDV2VXZRU1dzRmNqNF81dkQwS3lSRzdlYzBGWE9tdGc2a0VrNEdDWW4tYVR4VE5vS1J2WHhHZ1REb3JCdUpJMVgtejItNXpVZ2xyTFNkQ280VmpkcE9nU25XZ0M5MTltVEVB?oc=5,Benin Web TV,28 Sep 2026,,no,,,,no,yes,3,5
West African Economic and Monetary Union,Jobs & Employment,Senegal's Youth Olympics Legacy: Who Pays After The Games?,https://news.google.com/rss/articles/CBMijgFBVV95cUxQWlJfdExBYmJzNnROQzJRb1NvUXBWODVBY3pVMTg5M0Q1UWFSdHZQdEduOE9WdkJ6NFptNDRzck5ZQnhCX2picllua29wZU5XX3RxNjJCaDFYaF8yVmg2Y2F4aERFNGJfdlVwOUs3N3ZWQ2lPclQ0dHZIeUU0clJVMEk4X3dLUk5YWkhnN0VR?oc=5,Menafn,28 Sep 2026,Youth,no,,,,no,yes,4,4
West African Economic and Monetary Union,Macroeconomy,Bank rates: BCEAO updates data across WAEMU,https://www.capmad.com/article/bank-rates-bceao-updates-data-across-waemu/,Capmad,28 Sep 2026,,no,,,,no,no,0,8
West African Economic and Monetary Union,Macroeconomy,AES: Towards a Common Market,https://news.google.com/rss/articles/CBMidkFVX3lxTE9tUUpRTDJ0cGhjLVNRZVlhY1ZTVmtDTGFZZENodW9vUWl4VXp2c2diQkV4em5PWW12b21qWVVSWGhEVlcwNGF4aC1fSHl5VlVVYXY0eUxmeUlwMWN1MkZ1TkJjZlpEdEktaF9ucnFnQ25wZ1pNYXfSAXtBVV95cUxQVklhWmNLR0E0ZUVqQ1BKYjY0ZERSSWhWUkxjalp3ODZXOV83SmV0VGIzZzZHVnZzWnBOYjF3bGl4WVNRbVhOX1lzQ0xacWl6RlFSQzZvejc4VXBFUXdMVWpXZHdtV1RocFQ0T2QzRDBFeFF6OXEwRUtZX1k?oc=5,Powers of Africa,29 Sep 2026,,no,,,,no,yes,2,6
West African Economic and Monetary Union,Macroeconomy,West Africa’s water security push puts regional governance and climate resilience in focus,https://africasustainabilitymatters.com/deforestation-puts-122-million-west-africans-at-risk-of-water-insecurity-new-study-warns/,africasustainabilitymatters.com,28 Sep 2026,,no,,,,no,no,3,5
West African Economic and Monetary Union,Macroeconomy,Senegal’s Youth Olympics legacy: who pays after the Games?,https://www.inkl.com/news/senegals-youth-olympics-legacy-who-pays-after-the-games/,inkl,28 Sep 2026,Youth,no,"Senegal has made major investments to build, renovate and modernise its sports facilities to host the Youth Olympic Games , set for 31 October to 13 November 2026. New or upgraded venues now stand in Dakar, Diamniadio and Saly. These three cities will host the competitions. But the facilities raise bigger questions than just organising the Games. How should the government finance, manage and maintain them in the long term after the competition?","We put these questions to two researchers, Djibril Diouf, a specialist in public-private partnerships , and Amadou Moctar Ndiouck, an expert in the law and management of sports infrastructure . They argue that the Youth Olympic Games could help reshape Senegal’s model. They also discuss the respective roles of the government, local authorities and the private sector in funding sports facilities.",,yes,no,4,6
West African Economic and Monetary Union,Macroeconomy,"Ollo Africa, Ecobank Launch Digital Family Savings Account in Togo",https://www.togofirst.com/en/finance/2809-20191-ollo-africa-ecobank-launch-digital-family-savings-account-in-togo,Togo First,28 Sep 2026,,no,,,,no,no,4,7
West African Economic and Monetary Union,Digital Economy,Cotonou fintech forum to test whether digital payments create value,https://news.google.com/rss/articles/CBMimAFBVV95cUxNX09CN0R3QjlzZkVVdXdfblR6UWZBQW1qQXE2eFN1V1ZIa1VWRGtlTkdqR1pmUjNSQWlMT3kwVUJnek9mLWxxTElEOHpMRmU5emFDQlAxY0JKS0wweVNvTWpLeWVtRkZXWDk1LVZyOVVjVm5MX0RxSElUaGRvajdQX2tTbjJmRGFQLXZ5YWk0clJXSEhrTEdoZw?oc=5,News Ghana,29 Sep 2026,,no,,,,no,yes,2,6
West African Economic and Monetary Union,Digital Economy,How Europe’s retreat in Africa opens new growth opportunities for African banks,https://news.google.com/rss/articles/CBMiggFBVV95cUxQTnh5SWM4S3J6MGFlODA2bk5ibjVBYzZHcnM3bWNXZ1Y2a3hMeXd2LTFHZ21xUmlwRjZna3lQWER2dlR6LU1SR21iWHhha25qc05QQmZIaUxqM3RMR2YtUFZTQnQ3N2c2eHZ5N21rT1RhekpERk9obFNqZDIyUFZPWHVB?oc=5,The Digital Banker,1 Oct 2026,,no,,,,no,yes,1,7
West African Economic and Monetary Union,Digital Economy,W’Africa’s Water Battle Shifts from Scarcity to Survival,https://www.thegazellenews.com/wafricas-water-battle-shifts-from-scarcity-to-survival/,The Gazelle News,28 Sep 2026,,no,,,,no,no,6,3
West African Economic and Monetary Union,Governance,West Africa,https://www.uneca.org/west-africa/,United Nations Economic Commission for Africa,11 Dec 2020,,no,,,,no,no,2,6
West African Economic and Monetary Union,Agrifood & Climate,"BOAD approves $14.3 million Cofina facility to expand SME, women-led and green finance in Côte d’Ivoire",https://news.google.com/rss/articles/CBMi2AFBVV95cUxQQmJiVDIwU01OMFFkWnlUYUhfR3hReGI1c0ZJbko3N1UzS1owUFNiaTMyTzlxVE05OEdVckhRRV8xekIyLXB1TldxWVlNOVJ5T1NqWl9KcEhEc1Uzdkdud3llWWhWdlNaOFMzaVhUWFV0WTBWaWZnV1pkWkJlUDFEVzhQcGs0TVltaEdleU5WRVRmdFl4T01rdmo1S2E5RERTOHdJSll3WC1vTExMbHg2QWZ4RGpYekpqaDE0dnRFQTI0WjN2TDNEQ1Q5S1pSVUJTXzdZTWRYbk8?oc=5,africasustainabilitymatters.com,29 Sep 2026,Women,no,,,,no,yes,5,3
Botswana,Jobs & Employment,Botswana at 60 challenges the story of postcolonial African failure,https://www.aljazeera.com/opinions/2026/10/1/botswana-at-60-challenges-the-story-of-postcolonial-african-failure,Al Jazeera,1 Oct 2026,,no,,,,no,no,0,14
Botswana,Jobs & Employment,"Botswana’s President, De Beers CEO Say Diamond Demand Is Recovering",https://nationaljeweler.com/articles/15369-botswana-s-president-de-beers-ceo-say-diamond-demand-is-recovering,nationaljeweler.com,30 Sep 2026,,no,"Botswana’s President, De Beers CEO Say Diamond Demand Is Recovering","The new facility, its first outside of Thailand, will boost its manufacturing capacity by 50 percent.","The special-edition “Dream” pendant, our Piece of the Week, was created to mark Hearts On Fire’s 30-year milestone with 30 diamonds.",yes,no,1,9
Botswana,Jobs & Employment,Independence and decolonization in Southern Africa,https://news.google.com/rss/articles/CBMioAFBVV95cUxQNTJsQzY0ak5Hd0FlSTZ0NUhxbXZRbnJMdjMyUnRHRjhnVUU3S3hNU3dOTG1keUwxdmZiVW9jYnoybTZCa2YyZFBfd2R0aHg0SjNkSFg4WGtsSTV0ZmdZbEh0cWs4MVFjdkNkM1B5RUR5OFpBelBCa0tDZm5mTXA3WUhJbzF5M1FZMnJvSktXNGdjcThBNjFoWmo3dTFoZFlF?oc=5,Britannica,2 Oct 2026,,no,,,,no,yes,2,6
Botswana,Jobs & Employment,BOPEU Demand an End to Violence at Work,https://publicservices.international/resources/news/bopeu-demand-an-end-to-violence-at-work?id=16727&lang=en,publicservices.international,29 Sep 2026,,no,The Botswana Public Employees Union ( BOPEU) is pressing for the ratification of ILO Convention 190 (C190) and stronger protection against violence and harassment at work. Its campaign connects workplace action with the support women and girls need beyond it.,"A worker who is sexually harassed by a supervisor needs a safe way to report it without risking her job. A worker facing violence at home may need leave, an income and help to remain safely employed. These are trade union concerns, and BOPEU is demanding for stronger protection through the ratification of ILO C190.","Statistics Botswana recorded 9,973 gender-based violence (GBV) cases in 2024/25. A national study found that more than one in three women had experienced GBV. For Botswana’s trade union movement, GBV cannot be treated as an issue that exists only within homes or communities. Earlier research found that almost one in three women had experienced sexual harassment across settings that included work, school, public transport and health services. The evidence does not tell us how many of those incidents happened at work, but it makes clear why harassment cannot be dismissed as an occasional workplace problem. Sethunya Angela Ruda , Deputy President, BOPEU & PSI Sub Titular Southern Africa and Arab Region, said: “",yes,no,3,7
Botswana,Jobs & Employment,Botswana links renewable energy expansion to clean technology manufacturing and industrial growth,https://africasustainabilitymatters.com/botswana-links-renewable-energy-expansion-to-clean-technology-manufacturing-and-industrial-growth/,Africa Sustainability Matters,2 Oct 2026,,no,,,,no,no,4,4
Botswana,Macroeconomy,Botswana GDP Growth Hits Near 5-Year High,https://news.google.com/rss/articles/CBMilwFBVV95cUxPRlF2NHFjckVVYkttYUZaMm1DdkNyR2llZ2YyNkRNTTlYQ0c1SHNJWENmcWdHRjNRRkZrTGJjN2R2dF9USEZJVEFtME1iazFtanVSYkZVVzZRcFFLVl9HN1J4ai02c1ltdkk5ZFJPNmdkQjliaHJnQ2ZvX0RvU043WElpVzFLSDN4YlozaktCTGs0VEpWZWow?oc=5,TradingView,29 Sep 2026,,no,,,,no,yes,1,7
Botswana,Macroeconomy,"Tracking the ""America First"" Bilateral Health Agreements",https://www.thinkglobalhealth.org/article/tracking-the-america-first-bilateral-health-agreements,Think Global Health,29 Sep 2026,,no,,,,no,no,2,6
Botswana,Macroeconomy,"UK university with nearly 4,000 African students faces $53 million budget squeeze as tighter visa rules hit international recruitment",https://africa.businessinsider.com/local/markets/uk-university-with-nearly-4000-african-students-faces-dollar53-million-budget-squeeze/33t87p9,africa.businessinsider.com,3 Oct 2026,,no,"The university currently has 29,414 students, including 8,368 international students studying in the UK and a further 9,743 based overseas.","Its 2025/26 enrolment figures show nearly 4,000 students from African countries, led by 2,559 Nigerians, 438 Ghanaians, 291 Botswanans and 139 Kenyans.","Zimbabwe accounts for another 100 students, while Egypt has 89, South Africa 82, Morocco 68, Zambia 40 and Uganda 19.",yes,no,3,7
Botswana,Macroeconomy,Botswana withdraws from joint 2028 AFCON bid over financial guarantee refusal,https://www.channelafrica.co.za/channelafrica/news/botswana-withdraws-from-joint-2028-afcon-bid-over-financial-guarantee-refusal/,Channel Africa,30 Sep 2026,,no,,,,no,no,4,4
Botswana,Macroeconomy,Africa’s diamond powerhouse abandons 2028 AFCON hosting bid amid efforts to cut spending,https://africa.businessinsider.com/local/markets/africas-diamond-powerhouse-abandons-2028-afcon-hosting-bid-amid-efforts-to-cut/e8rlbgd,africa.businessinsider.com,29 Sep 2026,,no,"Sources cited by Botswana newspaper Mmegi said the government viewed hosting AFCON as not being a priority amid financial constraints, while football authorities regarded the withdrawal as a missed opportunity because the cost and hosting responsibilities would have been shared across three countries.","“ There is disappointment because this was a good opportunity to host, given that the hosting load would have been shared among three countries, ” a source told Mmegi.","DON'T MISS THIS: With diamond losing its shine, Botswana is set to explore other ‘critical’ options",yes,no,5,5
Botswana,Digital Economy,ZAWYA: British banks’ exit from Africa fuels 31 mergers in Comesa bloc,https://news.google.com/rss/articles/CBMi3AFBVV95cUxPdjZrbEFDNzRMaEZLS0toZkJ4OU5EUVBoVXRMc2RkajRvY0ZVSlRLY1RLS1pYbVp0Vzd6djF1d29PbzI4NVdIcjduUVZLRDQtaUhnMWpSay1OYm9nUmNxSXdVRkd0ZFJxS0M2LTd0VEFJQzB4UWJSZlJBUHpSQUxzQnlYRUhjeUtBMG53M1ZWOXVST1Q2OWdXM3N5ZHdiX3F5YzlURlZsbWZzVWdQOGdEUmxYelhlYWNiOHdSUkVvQzM2dVdmNGFuRVlGVTNsaXFsdDloeUFZVW5qWFdR?oc=5,TradingView,2 Oct 2026,,no,,,,no,yes,1,7
Botswana,Digital Economy,Who owns Botswana’s digital future?,https://weekendpost.co.bw/who-owns-botswanas-digital-future/,Weekend Post,2 Oct 2026,,no,,,,no,no,2,6
Botswana,Digital Economy,Mukuru launches transactional account in South Africa,https://news.google.com/rss/articles/CBMiogFBVV95cUxOQVExRGV0cDh1bjl3V2ZLeWVuOWRBVUpsWVI0TUNBVlAtdkVfR3huUGFONWVJMTcwa3hGUURmdGZuUjRzY2x3Q1A4YUFJbTZrTDVkWHlBXzI2ZkFuSk14VFdZRExFR0tERlFpeXBJNHp1YmtIb281VEh1dlBVM3ZNSDE4alpiYnJHM0tMZFU5TmJYc2hHU2tya01TUUY4U3A2RXc?oc=5,Africa Business Communities,30 Sep 2026,,no,,,,no,yes,3,5
Botswana,Digital Economy,"Nigeria’s AI Opportunity Hinges On Power, Broadband, Skills – IMF",https://leadership.ng/nigerias-ai-opportunity-hinges-on-power-broadband-skills-imf/,LEADERSHIP Newspapers,30 Sep 2026,,no,,,,no,no,4,4
Botswana,Digital Economy,Botswana clamps down on digital services,https://weekendpost.co.bw/botswana-clamps-down-on-digital-services/,Weekend Post,2 Oct 2026,,no,,,,no,no,5,3
Botswana,Governance,"Botswana - Democracy, Tribalism, Wildlife",https://news.google.com/rss/articles/CBMickFVX3lxTFBGWXVqTWRLR3RoWjdhcFU0cXJGLXh2X3dZa24wcWR6NFpDaU5FSXBQV2ppeThZM0xOOV9nZHN5SDI4OGRFNzNKMDJtbXVUdzFYVW9mSjROdHFQczVtbDhiOVFiMUNFTFZ0VjZjaXZSOXpodw?oc=5,Britannica,2 Oct 2026,,no,,,,no,yes,0,8
Botswana,Governance,How local democracy can govern a nation | Mathews,https://news.google.com/rss/articles/CBMiuwFBVV95cUxPQ25SanlSclRiY2xmWC1GdjdsZWFZN0pWQWhadkZYZjJRckpSbnVoY1RnRFltRE5jbGZPQjhtQ1c5NmhGZG1ZNER1ZDFaMFZIN3ZTN0JfbVhUaTc0OW5XWF9DZ0gzbFBvaUVuNFF1aUx0Mi1OQTBVWWI3d1BwUmVHNDhHclFrTkJ2X1VKTDU4dWk3U2h1UXZXU0R3am5ZaWV2WC1GUW13WmFlRkdSUmFjMWx2cmFnc01RaGRr?oc=5,Ventura County Star,1 Oct 2026,,no,,,,no,yes,1,7
Botswana,Governance,How having local democracy can govern a nation,https://www.avpress.com/users/signup/?referer_url=https%3A%2F%2Fwww.avpress.com%2F%3Fs%3DHow%2Bhaving%2Blocal%2Bdemocracy%2Bcan%2Bgovern%2Ba%2Bnation,Antelope Valley Press,3 Oct 2026,,no,,,,no,no,3,5
Botswana,Governance,Elephants killed in Botswana: Animal rights activists dey para say Southern African kontri kpai 23 elephants for independence celebrations,https://news.google.com/rss/articles/CBMiXkFVX3lxTE1FdWNMQVBZZ2loa29PdFZWSlgtSXN4djJCUnktYi1tQ2ZnMGtoTnoxdGxNSE9CZDRBbW1rSi0yTkpEZlMtLWFub2tWenBQY3pVYndPREhrQXE4RDBndWfSAWNBVV95cUxPQ1dIMV8zWlNkbExQanNnTE5ab1pWNnU3aGNKMDNyQnc0N3pZZzZLMjZ0R2JuTXoyc1NSdmM4bTVMYUt4a2kxSWliMkJBOUFucTlWX0ZkcnE3V004OTRTNGZSc0U?oc=5,BBC,30 Sep 2026,,no,,,,no,yes,4,11
Botswana,Governance,"Botswana - Wildlife, Economy, Democracy",https://news.google.com/rss/articles/CBMieEFVX3lxTFBOSzBxcTBZSjlkeHd2SzhKc0stYktGY0ZpVk5KNEE0WmlleGhWTzEyRHNHWmNYRDRBQk51c3NtMzNKWmF0Q25hQThOTWJMRncxaVc5LU5SYWoxMUlNbEtsanBFYXFOVmszX3YxV21oZ2NEaGVPelNuRQ?oc=5,Britannica,2 Oct 2026,,no,,,,no,yes,5,3
Botswana,Agrifood & Climate,Botswana Draws Criticism Over Elephant Killings for Independence,https://allafrica.com/view/group/main/main/id/00098307.html,allAfrica.com,1 Oct 2026,,no,Botswana: Botswana Criticised for Slaughtering 23 Elephants for Independence Celebrations,"Botswana has authorised the killing of 23 elephants and other wildlife for meat as part of celebrations marking the country's 60th anniversary of independence, drawing criticism… Read more »",The Department of Wildlife and National Parks (DWNP) is reviewing National Elephant Management and Action Plan as growing human-elephant conflict puts increasing pressure on… Read more »,yes,no,1,9
Botswana,Agrifood & Climate,Milk Valley Farm receives more dairy cattle to boost production,https://dairybusinessmea.com/2026/09/28/milk-valley-farm-receives-more-dairy-cattle-to-boost-production/,Dairy Business Middle East & Africa,28 Sep 2026,,no,,,,no,no,3,5
Botswana,Agrifood & Climate,BDC’s dairy venture takes shape,https://weekendpost.co.bw/bdcs-dairy-venture-takes-shape/,Weekend Post,2 Oct 2026,,no,,,,no,no,4,4
Botswana,Agrifood & Climate,Lukashenko congratulated Botswana’s President Duma Boko on Independence Day,https://news.google.com/rss/articles/CBMipAFBVV95cUxOdEdpbWFUSzA0czNScGl4cDNIQktqZ3JpWXhNLWMxdXBFS0xfUzQ0eHJnVlYwN3Q5ZWZmVDhYSVVyN0pEOUNuUFhOay1MTHBXdGFlVXNINUVhbFBoVVR6S3BGTUszMDc2VU5VQk9NeG5UaVlYY3U3eERhaWd5NEkyVTZrQ3lSNU9zN1hqVFE3UWpBYzNTZFJrNGNOdXRiU1JFQXdCQw?oc=5,СБ. Беларусь,30 Sep 2026,,no,,,,no,yes,5,3
Botswana,Agrifood & Climate,Botswana Imports 600 Brazilian Girolando Cattle to Boost Domestic Dairy Production,https://news.google.com/rss/articles/CBMivgFBVV95cUxOQjhCdXFybWdtWTByZEZoOFRFTG9qUHJBcWlwWmdDWWl2WFNLTExOZXBkVmRHeUJ0bjFIcF9xakxESXBXdEdZa1ZoNXlyczZuRE9DQ3VLSVNGUEVfcHhoWmFMRUxld0k1cENyY0xYZzkxSk9aSWtHQ2VBd3hTQkxPbTJnMDBmdGRKWHVmWC1XQXFqRWNhS1R6ZWFPUVBSZm9acWg5QlV0QWpXazhaaU1xZ1ZGOUtfeFhpeW55RTRB?oc=5,Kilimo News,30 Sep 2026,,no,,,,no,yes,6,3
Botswana,Workforce & Human Capital,"Sir Seretse Khama | Biography, Wife, Ruth Williams, Botswana & Legacy",https://news.google.com/rss/articles/CBMiX0FVX3lxTE1fY2dkTjg3WHhNa0c3Z3p4NG1YZ2ZtUkdJSzZpaVBIQWw4X2FKbVdadWlSWWRhTFl1eEdKNjgzbVB6aWZSQ0dhZjk5RTNYbDVJd21tUmdVOFgtSFRRQkp3?oc=5,Britannica,30 Sep 2026,,no,,,,no,yes,4,4
Botswana,Workforce & Human Capital,School sport stalemate rolls into 2027,https://www.mmegi.bw/sports/school-sport-stalemate-rolls-into-2027/news,Mmegi Online,5 Oct 2026,,no,"The Ministry of Child Welfare and Basic Education has, however, issued an expression of interest inviting schools to participate in the 2027 school athletics competitions.","According to a savingram signed by the Ministry’s permanent secretary, Mmamiki Kamanakao, schools have been invited to submit expressions of interest to participate in the 2027 school athletics competitions, scheduled to take place between January and March.",,yes,no,5,5
Botswana,Workforce & Human Capital,Botswana HRDC Report: Graduates' Skills Outdated Amid Job Wait,https://news.google.com/rss/articles/CBMi2wFBVV95cUxNTk1WMFI0NG1zVXM4QXdsakZ3a3JZWHN0ZGtVdnVzVHpzMk9ZbGZxS24tZ3hrQVBIQUVpX3NGOHAxbGxIM1ZqTGNFaG5kVkNQZ2ZRQVduUERoZDV4amNhRW5TOC11NzVlamRubW1nanhlWkNFbks1VWp6cGJhcFpJMHpWN0lWVU8tMEFMemczWGMzcDFiZ3JNTDdYaFFEVF9pWG1MNnFPVk4xMVdQc0RhWURwMzFXaWhnWG0xWEtBc0tRMVhEMEMxOHRqVEJpZm9XcUNIQjN0YkZtcGc?oc=5,Wansom AI,29 Sep 2026,,no,,,,no,yes,6,3
Botswana,Workforce & Human Capital,Apply Now: Youth Climate Mapping Fellowship (Botswana),https://news.google.com/rss/articles/CBMimgFBVV95cUxNTGs1ZkROMlB6VXREd0JRVnJsWU1vdHJBejRXbml5YVhXeFJROWhmZXVPTWxtOFY3NDFfTmhQaXRWRUMyeWY0Y0VVcjNSem1fMmtqa0IzNFB6Vm84LUNiRFZXcWg0MHhuWkJJcVF6YTc4c2FGaXdzYVZqUUdHSGJDelJ2S3QyU2xDUXR3RnRIWFViQmJYMTlDOGZR0gGfAUFVX3lxTFBZY0kzUzhfNW1vRzhFS1dxNks4QUw4T3BQQVoybllGUkU2a0dJTHRLR2pScmR0d25jZldxaFppVXBZTmZXcWZwM2RyYVpwVmVWaEU1QmlIVElCYktCOUR1dnRWcTUya2dCQUlLb0tRZnI1cnoxemctR1RlSkRkUjFJTXZEV3JxU3FPM2FGVmZXMFAzb3l3d1FpSFhKeER2MA?oc=5,fundsforNGOs,30 Sep 2026,Youth,no,,,,no,yes,7,10
Botswana,Workforce & Human Capital,University of Botswana and the University of the West of England Explore Potential Partnership,https://www.ub.bw/news/university-botswana-and-university-west-england-explore-potential-partnership,University of Botswana,29 Sep 2026,,no,"The Acting Deputy Dean for Research, Engagement and Postgraduate Studies of the Faculty of Humanities, Education and Social Sciences, Professor Gabriel Faimau, together with the Chairperson of the Department of Anthropology and Sociology from UB recently visited the University of the West of England (UWE Bristol) to explore potential partnerships.","UWE Bristol recently expanded its regional and international partnership and confirmed its broader commitment to strengthening partnerships with universities in Africa, through the launch of the Centre for African Social and Economic Transformation (CASET). This collaborative ecosystem provides innovative ground for international partners to engage in impactful academic exchanges.","During the visit, the UB delegation held high-level talks with Prof. Yvonne Beach, UWE’s Pro Vice Chancelor International and Professor Darrent Reynolds, Pro Vice Chancelor for Research and Knowledge Exchange. The discussions focused on building collaborations in teaching and learning, research and knowledge exchange, with both institutions expressing strong interest in formalising a partnership.",yes,no,8,5
Comoros,Jobs & Employment,New Comoros jobs law threatens livelihoods of Madagascar migrants,https://news.google.com/rss/articles/CBMijgFBVV95cUxPWlg2X2pxREFIMzJpWFJfaGNqZVA3bjJZMFRkeUlLeHFJalJkMmFPMVM2QzJ3WWZ2S05GRUVKZ1lHNzB4b0ktdlV1YzBBazNEMmE4cFZXUEFqVGdyNTU5cWF5RFNyc3hDOS1VeFF4cTRMaEpXLUE2N3VtSDI5cnVLZVJwa2l3dm9rUE9Tdi13?oc=5,afp.com,5 Oct 2026,,no,,,,no,yes,0,15
Comoros,Jobs & Employment,Comoros 0 - 1 Senegal (10/04) - Game Report,https://www.365scores.com/comoros-0-1-senegal-1004-game-report,365Scores,4 Oct 2026,,no,,,,no,no,1,7
Comoros,Jobs & Employment,Comoros 0 - 1 Senegal (04/10) - Match Report,https://www.365scores.com/comoros-0-1-senegal-0410-match-report,365Scores,4 Oct 2026,,no,,,,no,no,2,6
Comoros,Jobs & Employment,Brave Warriors lose to Comoros in AFCON qualifier,https://economist.com.na/brave-warriors-lose-to-comoros-in-afcon-qualifier/,Namibia Economist,30 Sep 2026,,no,,,,no,no,3,11
Comoros,Macroeconomy,US senator warns against China’s isolation tactics,https://news.google.com/rss/articles/CBMiekFVX3lxTE9RM2dtanprMEVXNWVmN0dWR0ZGZVhYZXR5QnBxNTNfSE0wZm5SMWtsU1dsbkNTSXpFZmhndkcxVDVEQkJ1dUZLcmJuR3hCQVJRMThXR1hRMTB6eTBrb2NUNktlakZUQTVGbklDaVlMODJwUHB5UEtFT013?oc=5,Taipei Times,3 Oct 2026,,no,,,,no,yes,0,8
Comoros,Macroeconomy,Dairy farmers urged to boost milk production as demand rises,https://www.standardmedia.co.ke/,standardmedia.co.ke,2 Oct 2026,,no,,,,no,no,1,11
Comoros,Macroeconomy,"US Imposes Fresh Sanctions on Iran’s Military Oil Sales, Treasury Says",https://news.google.com/rss/articles/CBMioAFBVV95cUxOY3p2Z091R213TGV1WGtBN2hmcFlFRS1lVjhBS2NBRHE1MWNiMjdxUVlIZTJTbUxYZ1VkTHhpc0psMXFvSWJjaHFCblBJM1hkZlVlNDRHX09oRTFxRGJJVlV2LWozWHJRdjFDc2NkYWJVdVRKdXNxekdhRF9ZVzNzMkdDNjV2X3UwbHJOTm1fSFdQOUNoNEFmZ2hEcFZTMGds?oc=5,EnergyNow.com,3 Oct 2026,,no,,,,no,yes,0,8
Comoros,Macroeconomy,"MEXC Unveils ""WE SEE YOU"" Brand Visual Refresh, Putting People Behind Every Trade in Focus",https://news.google.com/rss/articles/CBMivgFBVV95cUxPdnc0cUhyVjFSaTJtV0lTVkRGblhoN3k1SEVzVERDY2RaNTNzVzUwY2pVUXExMVZ5RzB5TXpndDB4enN4eGNXMGgzU1VhZzhFTXhMcklPX0xqczY3bWdwcHdLQnNRemV6QmNUdFk0S19fOTdaVlNEdWpOdDctZ2tvMzBndHZMTWJ6OXlQdU5uVXRWTlViU2EtY0d1bHJGQVpValFoUmlCU0J4eHdiVzZTTGkyQmVXWjhRU3hpeEpB?oc=5,Yellow.com,29 Sep 2026,,no,,,,no,yes,1,7
Comoros,Macroeconomy,Senegal: Moussa Niakhate to Miss Comoros Clash,https://en.africatopsports.com/senegal-moussa-niakhate-to-miss-comoros-clash/,Africa Top Sports,2 Oct 2026,,no,"​After sustaining an injury during his most recent appearances in the 2027 Africa Cup of Nations qualifiers, Moussa Niakhate underwent thorough medical examinations in Marseille.",The magnetic resonance imaging (MRI) scan the central defender underwent prompted head coach Patrick Vieira to err on the side of caution.,The coach decided to release the player from the Lions of Teranga’s training camp so he could continue his medical treatment.,yes,no,2,8
Comoros,Digital Economy,"MEXC Launches MEXC CLI, Connecting AI Agents From Trading Intent to Execution",https://news.google.com/rss/articles/CBMi4gFBVV95cUxNcjEtSWxvdV9yX2J5LTlSMUhpNUUzbWhUQjZpVmZJekVndlJrbXB3TDVTazFRa1hyOE9uVnhiaUgxcDNNNC1xTW9UUXhnQWxfWlZnTldkWk5xRmFlandXdjQ0bC1vNnpTMkFYT0lJbExCdzRSMW5Cc3M1V3FLNTFrRXVaU2NfT19KNDR4RmhPdUJuZkRBNktLR0JFdS1fbmU5b1NscDJTYmxTY0RicXZGQUlod2FBYkx6T0o5c3Z0WWNWZERURHBZcHBHY2c3Ukxhbl9OaXBlNE1RWnhhNGNvbDBn?oc=5,GlobeNewswire,28 Sep 2026,,no,,,,no,yes,1,7
Comoros,Digital Economy,"Bengaluru engineer clicks on ad for ‘Quantum AI’ trading, loses Rs 1.94 crore",https://news.google.com/rss/articles/CBMiswFBVV95cUxNMWo2X3NHNC15MmhpTklyX3ZROVZnTW5HUUhjZHNvMUQtTGR4ZEdlZTctQXhNOHhPUGZhTjVHbXlFZTEtN1J3dmNOeEV3YnVLQ092cmt2aWU5T0x0VnNEWDJtcXFJNFE3RTNSQUZyN0N6X0lBNmR3dUtfdU1SRVBRUmF6WXAxZUVYYzZLSW5IMllxeW50MTQxZzIzSkJDTG05ZFd3T3JRa2t2bDRZaEQ4emRXSdIBugFBVV95cUxPREl5NXZSZVljWl9zQU9aLV9pNWJaZk0tMWNuSEpMVGFXalBTM1FmcGF1ZVdTVTF4VGRBOWZaRWNfdmVIQ1p0WnNNS003dFVsM1JIcGljLXVPNXZacWIyaXNja1pOdHNLeERjMElwYV81YVVBZVVDOW5oamxUQmtwZEpxektibXVBMUV3a2o2YU4zak1ROEZRWUpZeXdzekFYeGpYOGJIREpFeTRnQ1lHY0tlbkZXT1VHeUE?oc=5,indianexpress.com,28 Sep 2026,,no,,,,no,yes,2,6
Comoros,Governance,US-Africa: Trump’s seven ambassador nominees clear Congress,https://www.theafricareport.com/415891/trumps-incoming-africa-hand-inherits-gutted-diplomatic-corps/,The Africa Report,30 Sep 2026,,no,Join the top leaders who read The Africa Report every day,"Fifteen months into his second term, President Donald Trump is about to finally have an Assistant Secretary of State for African Affairs. What he doesn’t have are many ambassadors to keep him informed or carry out his priorities on the continent.",,yes,no,1,14
Comoros,Governance,"Sanctions pressure drives growth in Russia’s flag registry, CREA finds",https://safety4sea.com/sanctions-pressure-drives-growth-in-russias-flag-registry-crea-finds/,safety4sea,28 Sep 2026,,no,,,,no,no,2,6
Comoros,Governance,Man City Should Face Severe Sanctions Over Rule Breaches — La Liga,https://thewhistler.ng/wp-login.php?action=lostpassword&redirect_to=https%3A%2F%2Fthewhistler.ng%2Fsearch%2FMan%2BCity%2BShould%2BFace%2BSevere%2BSanctions%2BOver%2BRule%2BBreaches%2B%2B%2BLa%2BLiga,The Whistler Newspaper,29 Sep 2026,,no,,,,no,no,4,4
Comoros,Governance,Super Falcons Coach Names Squad For Olympic Qualifier Against Comoros,https://thewhistler.ng/wp-login.php?action=lostpassword&redirect_to=https%3A%2F%2Fthewhistler.ng%2Fsearch%2FSuper%2BFalcons%2BCoach%2BNames%2BSquad%2BFor%2BOlympic%2BQualifier%2BAgainst%2BComoros,The Whistler Newspaper,29 Sep 2026,,no,,,,no,no,5,3
Comoros,Governance,AFCON 2027 (Q): Namibia Brave Warriors arrive in Russia for friendly matches,https://en.africatopsports.com/afcon-2027-q-namibia-brave-warriors-arrive-in-russia-for-friendly-matches/,Africa Top Sports,2 Oct 2026,,no,The Namibia national team the Brave Warriors arrived in Russia ahead of their international friendly against the Russia national team on 3 October in Yekaterinburg.,"The team received a warm and memorable Russian welcome, with each member of the delegation presented with a piece of green malachite, a stone strongly associated with the Ural region, as well as a traditional welcoming band.",Comoros secured their first victory in the TotalEnergies CAF Africa Cup of Nations PAMOJA 2027 qualifiers with a 1-0 win over Namibia in their Group G Matchday Two encounter on Tuesday.,yes,no,6,5
Comoros,Agrifood & Climate,"Comoros must step up fisheries investments as effects of climate change intensify, World Bank study warns",https://www.seafoodsource.com/news/comoros-must-step-up-fisheries-investments-as-effects-of-climate-change-intensify-world-bank-study-finds,SeafoodSource,30 Sep 2026,,no,,,,no,no,0,8
Comoros,Agrifood & Climate,El Niño will unleash multiple hazards in South-West Indian Ocean region,https://wmo.int/media/news/el-nino-will-unleash-multiple-hazards-south-west-indian-ocean-region,World Meteorological Organization WMO,1 Oct 2026,,no,"The strengthening El Niño is set to affect temperature, rainfall and tropical cyclone patterns throughout the South-West Indian Ocean region, impacting climate-sensitive sectors and indeed all aspects of society.","There is no one single regional impact scenario, according to the South-West Indian Ocean Climate Outlook Forum, which urged governments and communities to prepare for multiple hazards. The climate outlook covers October–December 2026 and January–March 2027.","Southern parts of the region need to strengthen preparedness for drought, water stress and food-security risks; northern and wetter areas need to prepare for flooding and landslides; while island States require a flexible multi-hazard approach encompassing extreme heat, heavy rainfall, marine impacts and tropical cyclone risk.",yes,no,1,9
Comoros,Agrifood & Climate,"Zim, Comoros strengthen child protection against climate disasters",https://newsday.co.zw/article/zim-comoros-strengthen-child-protection-against-climate-disasters/,newsday.co.zw,29 Sep 2026,,no,,,,no,no,2,6
Comoros,Agrifood & Climate,ArabiaWeather channel,https://news.google.com/rss/articles/CBMic0FVX3lxTE4wUldRMHdUQ2xNb0I0X3djMzNWUUltR2gzaUpHOHpqNkFQd3ZIUFJFNURMbzE2T3Q4blpjWWd0X2VvaWtCZHQ4eE1uc09XeEhNVGhkNlE3Q0NsMjVyUVh1M0MxbVZMQ25ZZ1J3TXpoOS1CWjA?oc=5,طقس العرب,12 Sep 2019,,no,,,,no,yes,3,5
Comoros,Workforce & Human Capital,Nassim's medical training in China,https://news.google.com/rss/articles/CBMilgFBVV95cUxORXNrd3I1SmRnSmxfdm5sR1pSR2YtU1JXVERoXzZndGFwUjJnaHY1dktfbUZvZjh3cWN2d2JWR3FERzRyYmlGT1dFZjc5WjdyV1VkTXdETHV2OE5QX1NVTUZRSGRLdFdrcVhmWDdSRFlDcVc0MlZvbXZoRDBTU2dXaHpDeXE2RXBFd2QtYTA5endlYnI1T1E?oc=5,news.cgtn.com,5 Oct 2026,,no,,,,no,yes,0,8
Comoros,Workforce & Human Capital,Friendly: Iliman Ndiaye secures 1-0 victory for Senegal against Comoros at the Vélodrome,https://news.google.com/rss/articles/CBMiswFBVV95cUxNTmMxVk15ZUhLeTRUQlZOUjlxdzM0NzV1QUZxLXhvT0VhVFJHcXE3emtTRnQyaHJRenc2V2JfTUpyckpwd3lUMjlfUW1sM0tqcTI2MUozX1prbFdGbzg2aTAxbThFQU01dGl0djdMclJTTFlnNGNMZEswbTdRbFlZS0pRbDFfdU5uYXdXblBLTUxnalZKYjk4S3V3cllFYmRuMWg3S3NOc3dCaUQtaHl1cVJxSQ?oc=5,Benin Web TV,4 Oct 2026,,no,,,,no,yes,1,7
Comoros,Workforce & Human Capital,2028 Olympics qualifier: Comoros name squad for Super Falcons cracker,https://blueprint.ng/2028-olympics-qualifier-comoros-name-squad-for-super-falcons-cracker/,Blueprint Newspapers,1 Oct 2026,,no,,,,no,no,2,6
Comoros,Workforce & Human Capital,Warriors fall to Comoros again,https://neweralive.na/warriors-fall-to-comoros-again/,neweralive.na,30 Sep 2026,,no,,,,no,no,3,5
Comoros,Workforce & Human Capital,Olympic 2028 qualifiers: Super Falcons begin preparation ahead of Comoros clash,https://blueprint.ng/olympic-2028-qualifiers-super-falcons-begin-preparation-ahead-of-comoros-clash/,Blueprint Newspapers,3 Oct 2026,,no,,,,no,no,4,4
Ethiopia,Jobs & Employment,ILO launches new phase of business plan competition for refugees and host communities in Ethiopia,https://news.google.com/rss/articles/CBMipgFBVV95cUxQdFZIVnAyTDhuR0hUUVIzXzdFZWx4bXFtOWFkREM5Nnc1QThlUDRDM2xYLXF0eENZdDdOQ05uY1JWY1pNTHdObEhVdFp2cDhDQTVLQ3ZmYnUxWnoxZXgtYm5CcjFxUm1kRk9idEtPTUdqclFVOWlpeUJpM0p3RTk5T2YxRXVuTXNua1FNUVFrVXpxS1VKRU5EUUZWdE5reEl3TGM4T1JR?oc=5,International Labour Organization,2 Oct 2026,Refugees,no,,,,no,yes,0,8
Ethiopia,Jobs & Employment,The Future Is Taking Physical Form,https://news.google.com/rss/articles/CBMidEFVX3lxTFBRTUZiMWF5ZUVISnJjVVNERE9JZ2dRUnZfYS1lYWdWV2h3SzdIUjZReDdHQ0t0V1NqNlJUYkxoNHpoM1JHTWo0UVJCTnhKX1R4dXQ1NUhEMmJ2cTM2X3JXanVwQ2dsbEdydU80c1QtWHp2bE5x?oc=5,Fana Media Corporation S.C,4 Oct 2026,,no,,,,no,yes,1,7
Ethiopia,Jobs & Employment,Sustainable support to persons displaced by conflict and natural disasters and their host communities in Afar region of Ethiopia,https://news.google.com/rss/articles/CBMi5gFBVV95cUxORkR5XzI0aENKV2M2ckwzX0hiZ3FIdlh5NGlYZU04eFNGVmNnLUxFVWlod0hmYkFpNUowbVcxTmREZkREMVZ6eXpaRXEybFY5ZUlHWGNPSmFKUmw4S2dUZ0pFWlk1bmM5bGhkSnpPbDF0R0FZWjlIdklaUjF2UW05Q0pqTDhnWURjdzNZNEx3bWlwQ1JGcG5MNUU4OElnTVFrV3NCd3RmRVl0WUFWeU10VG44bDNMMDhJV3hLR0FSVlY3aFJvOUpRNzVZcHFfMUJfNVA5ZGNTeWNNaGd0ZmJJY1F4aGo0UQ?oc=5,eeas.europa.eu,1 Oct 2026,,no,,,,no,yes,2,6
Ethiopia,Jobs & Employment,"The Mandera Triangle: Labor, Identity, And Exile",https://news.google.com/rss/articles/CBMiVEFVX3lxTE9ET0d5S191bTRmckVndl9XQ0JHQ0M3M2RjQ213SmxNWDJnamtjaV9sV1B1aXVYLUQxMFZxRUhQTnRXS2VJZFlNQ0xUcG1MWjdRTWs5dw?oc=5,The Reporter Ethiopia,3 Oct 2026,,no,,,,no,yes,3,5
Ethiopia,Jobs & Employment,Ethiopia’s malaria resurgence raises questions over GERD reservoir risks - Africa - World,https://news.google.com/rss/articles/CBMiWEFVX3lxTE9ZT09OdjNGSzIxMHlzVFFkeVNnTVVsVTMzTGtTQ3E5LV9lZkJBQ3FCc3VZVFZaV25yWjU5eDgyX0RRM1pIOXNvUHdsRW1RNVZXcmpVcndwczM?oc=5,Ahram Online,4 Oct 2026,,no,,,,no,yes,4,4
Ethiopia,Macroeconomy,How Ethiopia’s Renaissance Dam Is Redefining Nile Basin Geopolitics,https://earth.org/how-ethiopias-renaissance-dam-is-redefining-nile-basin-geopolitics/,Earth.Org,5 Oct 2026,,no,"As climate impacts worsen and the Nile Basin’s population heads toward one billion by 2050, the power struggle over the world’s longest river has reached a critical turning point. The full operation of Ethiopia’s Grand Ethiopian Renaissance Dam has shattered Egypt’s historic water hegemony, transforming a regional resource dispute into a high-stakes geopolitical battle over sovereignty, security, and sustainable development.","The Nile Basin has a population of 257 million people, while as many as 506 million depend on it directly for water, food, and energy. It is also the site of a persistent geopolitical dispute between Ethiopia’s assertive sustainable development agenda and Egypt’s historic dominance over the Nile’s resources – an expanding conflict that is fundamentally altering the region’s water politics. As climate impacts intensify and the region’s population is projected to surpass 1 billion by 2050 , addressing this power struggle and preventing the inequitable distribution of the Nile’s resources is more urgent than ever.","Failure to do so will be “felt acutely in all economic, environmental, and social systems,” according to the Nile Basin Initiative (NBI) , a regional intergovernmental partnership launched by the water ministers of the Nile riparian countries. The European Parliament echoes this sentiment, warning that rather than viewing sustainable development as a response to global challenges, governments may begin pursuing sustainability based on their own national threat assessments. The “nationalization of sustainability” may therefore be detrimental to global sustainability outcomes, transforming sustainable development into a geopolitical weapon.",yes,no,0,10
Ethiopia,Macroeconomy,"Policy, Data Credibility Deficit Threatens Ethiopia’s Inflation Fight: EEA Survey",https://news.google.com/rss/articles/CBMiVEFVX3lxTE1vajdFYUVUR3dQRzlMWnUzdGVaUmJZY0JzSWVFUHUyaTIzR3Q0N3pQZzloZ3h2bDZXWXlTcDNWUHpuQVhXUllFRTgyT0sxd3lheUoyVA?oc=5,The Reporter Ethiopia,3 Oct 2026,,no,,,,no,yes,1,7
Ethiopia,Macroeconomy,"Tracking the ""America First"" Bilateral Health Agreements",https://www.thinkglobalhealth.org/article/tracking-the-america-first-bilateral-health-agreements,Think Global Health,29 Sep 2026,,no,,,,no,no,2,6
Ethiopia,Macroeconomy,Yemeni army says it killed 260 Houthis in Taiz and Lahj offensives,https://www.trtworld.com:443/article/94c4ef0c8544,TRT World,4 Oct 2026,,no,,,,no,no,3,5
Ethiopia,Macroeconomy,"Ethiopia’s Macroeconomic Reform Easing Debt Pressure, Bringing Inflation Down: Officials",https://news.google.com/rss/articles/CBMiuAFBVV95cUxOR003NWFqRmlWd1Z4NTZzc29PN1ZEalBDUV92TElMRjkzcTJXaXpfWWU0UDNDVC0xS0hjQ0J6S2ZwRUdqX3dpWmVSOE41LVFQYTB5NDVhQ3ZKYURqVHN5aEFCaUR5MjNrUWo1RUdKbFB2MEp0aGEzdkVOWGJFNjJ3c0R6bkxYT2NrY1pVRDc1NzBad1ZzcG1QSWx6OXg2eXpfQjhvaUNJZy1OcWl0WFY3RXQ2RXFWSm1i?oc=5,Fana Media Corporation S.C,30 Sep 2026,,no,,,,no,yes,4,4
Ethiopia,Digital Economy,Ethiopia concludes UNESCO–Huawei project to advance technology-enabled secondary education,https://www.unesco.org/en/articles/ethiopia-concludes-unesco-huawei-project-advance-technology-enabled-secondary-education,UNESCO,1 Oct 2026,,no,"The closing event in Addis Ababa brought together representatives of the Ministry of Education, UNESCO, Huawei, educators, education technology specialists and partners to review achievements, share lessons and discuss opportunities to sustain and scale the results. Implemented by UNESCO and the Ministry of Education, with support from Huawei, the Ethiopia component formed part of Phase I of the global initiative launched in 2020 in Ethiopia, Ghana and Egypt.","The project supported schools to use technology to improve the continuity and quality of education during both normal circumstances and periods of disruption, including the COVID-19 pandemic and climate-related shocks.","In Ethiopia, the project focused on Grades 9 and 10, particularly science subjects and English, combining digital infrastructure, teacher capacity development, digital pedagogy and curriculum-aligned content. It supported 24 pilot secondary schools, reaching approximately 12,000 students and 250 educators.",yes,no,0,10
Ethiopia,Digital Economy,EthSwitch Unveils Unified Government Payment Platform,https://techafricanews.com/2026/10/01/ethswitch-unified-government-payment-platform/,TechAfrica News,1 Oct 2026,,no,,,,no,no,1,11
Ethiopia,Digital Economy,Ethio Telecom gains recognition as Ethiopia celebrates 50 years of tech development,https://www.telecompaper.com/ethio-telecom-gains-recognition-as-ethiopia-celebrates-50-years-of-tech-development/,Telecompaper,1 Oct 2026,,no,,,,no,no,2,6
Ethiopia,Digital Economy,Ethiopian professional associations secure bid for 2027 continental business summit,https://capitalethiopia.com/2026/10/02/ethiopian-professional-associations-secure-bid-for-2027-continental-business-summit/,Capital Newspaper,2 Oct 2026,,no,,,,no,no,3,5
Ethiopia,Digital Economy,Ethiopia At The 18th BRICS Summit,https://news.google.com/rss/articles/CBMiVEFVX3lxTE5EOUF4MjN0TlJtNklkVHFpajJuOGJNUnU0VXNYMS14RXp2S3VpbDE4WE1TaFhTZkZTSEJPZDRMVmswSWpGNlcxYzFINnZWU015QmF4Zg?oc=5,The Reporter Ethiopia,3 Oct 2026,,no,,,,no,yes,4,4
Ethiopia,Governance,Ethiopia and Eritrea Sever Diplomatic Ties as Tigray Rebels Claim Drone Strikes on Addis Ababa,https://www.democracynow.org/2026/10/2/headlines/ethiopia_and_eritrea_sever_diplomatic_ties_as_tigray_rebels_claim_drone_strikes_on_addis_ababa,Democracy Now!,2 Oct 2026,,no,,,,no,no,0,8
Ethiopia,Governance,Abiy Ahmed,https://news.google.com/rss/articles/CBMiW0FVX3lxTE9tckhXSzZkNEpMYmExSE5kQVJnX2RPUW1odTNfOHpUX3hpejZFd3BBYi1MaWxJdUdmYUl5WWM4OUlRWHdBMFNndExTaXdIZmxiOVNQbnptYVRNX2c?oc=5,Britannica,2 Oct 2026,,no,,,,no,yes,1,7
Ethiopia,Governance,Israelis Airlifted From Ethiopia’s Lalibela As Fighting Escalates,https://www.i24news.tv/israelis-airlifted-from-ethiopias-lalibela-as-fighting-escalates,i24NEWS,30 Sep 2026,,no,,,,no,no,2,6
Ethiopia,Governance,Eritrea cuts ties with Ethiopia over embassy closure,https://news.google.com/rss/articles/CBMimwFBVV95cUxNdzFpS0ZadGtWVjd4NE0yaEpCTmJHOW9sZmlnZTZQTXNhdWx1MDQ1MS1iQnNtaFdKMzkweEp3NkJCbU5vajh6Ni1nR1Z2ZVBXTFZGRThtdUpDbkhrRERRdDJIRTc3T2t0YTVjS282ck1jMHZraUVZbkM4NFRsNG03OFdjejV5TG9hVkZvZ0JOVzZsd2ExMVkwZG4wZw?oc=5,France 24,2 Oct 2026,,no,,,,no,yes,3,5
Ethiopia,Governance,Russia urges diplomats and foreign citizens to leave Kiev amid strike threats,https://www.trtworld.com:443/article/13278521,TRT World,4 Oct 2026,,no,,,,no,no,4,4
Ethiopia,Agrifood & Climate,Fifty Billion Seedlings: Can Ethiopia Replant Its Ravaged Forests?,https://e360.yale.edu/features/ethiopia-green-legacy-initiative,Yale E360,1 Oct 2026,,no,"Now the country is trying to reverse this trajectory. Argane planted 80 tree seedlings on his farmland and another 50 in a communal area — a small contribution to a vastly larger effort. In just the last seven years, tens of millions of Ethiopians have planted more than 47 billion seedlings across the country in one of the world’s largest environmental restoration campaigns. Volunteers for the program, which aims to plant 50 billion seedlings by 2030, are planting trees to rebuild native forests and integrating them into farmland. In the process, they are sequestering carbon to help protect future generations from ever more extreme weather.","Such programs often fall short, but Ethiopians are finding hope in the scale of their ambitions. “Reforestation is one of the most difficult things you can imagine,” said Aad Kessler, a researcher at the Netherlands’ Wageningen University. “It almost always fails, but this is so big that even if 30 percent of the trees survive, it’s still huge.”","In the early 20th century, forests covered an estimated 35 to 40 percent of Ethiopia. Its highlands were greener, with forests spanning much of the country’s cool, fertile uplands. But as populations grew and settlements spread, trees were cleared for agriculture, pasture, fuel, and construction. As soils lost their fertility, cultivation moved onto increasingly marginal land, including steep slopes, where tillage and the loss of protective vegetation led to the erosion of fertile topsoil, which washed into rivers and reservoirs. By 1989, forest cover was estimated at less than 3 percent , while Ethiopia’s highlands were losing around 1 billion metric tons of topsoil every year.",yes,no,0,10
Ethiopia,Agrifood & Climate,Ethiopian Sesame Trial Finds a Champion Variety That Wins Almost Everywhere,https://bioengineer.org/ethiopian-sesame-trial-finds-a-champion-variety-that-wins-almost-everywhere/,Bioengineer.org,5 Oct 2026,,no,,,,no,no,1,7
Ethiopia,Agrifood & Climate,Securing and Adapting Birth Registration Systems in Response to Climate Change-Induced Disasters,https://news.google.com/rss/articles/CBMiywFBVV95cUxORlVuNlNTNDFPSGluZ0w5a2F4dDJSV1VDdzBUb3prajMtOTNYTjROSG4tUno5ZXlPeS1sRVEwNXNuN0VCVUJHOHhfMjlyb0tTM2VIOFR0RjJjQi1JZDVCTnk2VHByUFFzajJTbk5NbHY1aUFoblo1VUVwdkVWd01NSGRScDAxeXlRSy1zRTNWMU96T3FOOGR0b1A1MUNObDJPRWh4ZFluWUFKckdKYTYxUGFUT3ZtejVWcFB0SmZhYWdSenZwSk1jQjdYSQ?oc=5,UNICEF,29 Sep 2026,,no,,,,no,yes,2,6
Ethiopia,Agrifood & Climate,‘The tree against hunger’ could feed millions. So why is it only cultivated in one place?,https://news.google.com/rss/articles/CBMihAFBVV95cUxQZlZIZ1lSSDM2QzlKTjRSTEphc3I0dUVwcWJyWG9UdGRId2FtUHh0RlUxd3JwaGVZYUlOOTdGWkJxR2hUWnVramI5X212ekZyMUx6UWRuSS0yeEZ1cTlqWUItRzdjY1lwemFSdmdMMEc3QjdnVnNMV1E4NC1IOWlkS2s3cmQ?oc=5,CNN,29 Sep 2026,,no,,,,no,yes,3,5
Ethiopia,Agrifood & Climate,Ethiopia secures US$2.3M Japan grant to mechanize rice sector,https://millingmea.com/ethiopia-secures-us2-3m-japan-grant-to-mechanize-rice-sector/,Milling Middle East & Africa,3 Oct 2026,,no,,,,no,no,4,4
Ethiopia,Workforce & Human Capital,Back to School After War in Ethiopia,https://news.google.com/rss/articles/CBMicEFVX3lxTE9VS09zbmdvRzlCSGRjWndPN0hZM2NSaXBjQ0hpN2NhWHNSdUgzdjhTSWp2V0drdmJ6Z2xkMkxSUXJrWkptZklraGlhbUsyNDdlZDlva0hWbTZpanZkeDNZR2xjbjhnY0xGMGhFZTJBeE4?oc=5,unicef usa,2 Oct 2026,,no,,,,no,yes,0,8
Ethiopia,Workforce & Human Capital,Addisuna Coffee Co. Sponsors 18 Students in Ethiopia,https://irishrover.net/2026/09/addisuna-coffee-co-sponsors-18-students-in-ethiopia/,irishrover.net,30 Sep 2026,,no,,,,no,no,2,6
Ethiopia,Workforce & Human Capital,A Lifelong Gift: How One Blood Donation in Ethiopia Became Unforgettable,https://news.google.com/rss/articles/CBMi2AFBVV95cUxNWW9kcmtLX1dNQlZIMy04MlV4S3NTNnd6VXhJeUxRZEt1SzdFRThiRnRtN01fWDBkcTNsZ0pNSU9aSGFYYU85ZXZFTzFvTjZLWGZSSXBheXlZUXdSbmZOUXY1eUZzRXZVbFoyVkpQR19HMFg5SVRFWGs4YVJqSzVDQ1RCeUI0WTEwUTFQRDNEX1JoU2t2ZVZsZGZiNExaMFFEWkkydjZFMWtMYWZWZ1IwS255OHBSSmtkdVQyRTVvZVVGbHR6YzgxOElEb09BdlR0N2NGVlkycTY?oc=5,American Red Cross,1 Oct 2026,,no,,,,no,yes,3,5
Ethiopia,Workforce & Human Capital,Opposition fighters in northern Ethiopia's Tigray withdraw from regional capital,https://www.audacy.com/news/opposition-fighters-in-northern-ethiopias-tigray-withdraw-from-regional-capital/,Audacy,4 Oct 2026,,no,,,,no,no,4,4
Ethiopia,Workforce & Human Capital,"Ethiopia’s Defence Force Rises Above Regional Threats, Anchoring National Power",https://news.google.com/rss/articles/CBMitwFBVV95cUxQYU5LNkRIWk4wRTI0ZWR4ZWdNTF82SmYtRTJCQ1QzeWpBLVRvU3ROTV9vN1JNYUluUzA2MlFUTVFqdlM1emtTbENPQ2Fka1VMZzR6V096dnNfMUJKOTU5eFJBUTFxVjAya3N2RThKZFJUSUhDUTIzbW1FblYtOC1CN3g5eFRlNW1FZFhhUUpZMVhCY1RaOVItS1h2ZXN4WWt0bE85MWk3Ny1VOTJEeEQ4eVdZQy15Z2c?oc=5,Fana Media Corporation S.C,4 Oct 2026,,no,,,,no,yes,5,3
Ethiopia,Country-Specific Context,"Egypt committed to diplomatic solution on Nile dam dispute with Ethiopia, says PM",https://www.thenationalnews.com/news/mena/2026/10/04/egypt-committed-to-diplomatic-solution-on-nile-dam-dispute-with-ethiopia-says-pm/,thenationalnews.com,5 Oct 2026,,no,"Egypt remains committed to a diplomatic and political solution to its dispute with Ethiopia over a controversial Nile dam, Prime Minister Mostafa Madbouly has said.","In an interview with CNN Business Arabic, Mr Madbouly said the Nile is a matter of “national security and existential importance” for Egypt. The country depends on the river for about 95 per cent of its water resources.","Egypt and Ethiopia last week announced they were expelling diplomats in a new escalation in their already tense relations. The leaders of Egypt , Eritrea and Sudan – three nations accused by Ethiopia of aiding an anti-government rebellion there – plus Somalia, were meeting on Sunday to shore up their loose alliance.",yes,no,1,9
Ethiopia,Country-Specific Context,Egypt expels Ethiopian diplomat in growing rife over Blue Nile dam,https://news.google.com/rss/articles/CBMiogFBVV95cUxQdEpYemZ4bWJGOGY3d2NwWEtEWExPcGlLNnpqUzBNN3RQZjVuMUZ2ZHNobXlyU0k4ZmZYODlDT3ZzNzhkMGtNck42YVdtYmd2czFma1NLQXJZQXNVNU1EWkhVamdmX19vMmlvSUh4bkpBNWt3eC1VQmMwTWRvU3lyRGNEU0ZKZkhoQnNYV1Y1LUNHN3d1dVg1aVlqWFhUQ3gwUXfSAacBQVVfeXFMUGZvNXU5ZGtkV1F5RW1DLUMzbElab2gzQ2FaNUFKeFBxZlJLeWVfd0YzajFlRmx0MXQ5bGtsQjh4Q1o0bkI0V2IzREdUVWlFN2FRMXk4TXo3VGM4MHpHS05CeEVqYTREMHRIVm4tNVlYSzZBVlI0d2dGQlhndFAxbWJEMVVmQzFYVzdSVHpXRS1sYmMyX3E3WXhsckVJX3diSFg5MkVWTHM?oc=5,africanews.com,2 Oct 2026,,no,,,,no,yes,2,10
Ethiopia,Country-Specific Context,The possibility of Sudan’s War Converging with Ethiopia’s Renewed Conflict,https://hornreview.org/2026/10/02/the-possibility-of-sudans-war-converging-with-ethiopias-renewed-conflict/,horn review,2 Oct 2026,,no,,,,no,no,3,5
Ethiopia,Country-Specific Context,"Why are Egypt and Ethiopia clashing over Tigray, Somalia and the Nile?",https://www.al-monitor.com/originals/2026/10/why-are-egypt-and-ethiopia-clashing-over-tigray-somalia-and-nile,al-monitor.com,2 Oct 2026,,no,,,,no,no,4,4
Ethiopia,Country-Specific Context,Egyptian source calls deleted Ethiopian minister’s Aswan Dam post ‘shameful’,https://news.google.com/rss/articles/CBMi3AFBVV95cUxQQ2F0emRnMDc0UFhtV0FRQXBWRm5iWHpBaUZfclNwQkR5SWgxcXplT1I4WDF3bzVTWUdzU0JDUzNUUF82S3U4azFzSXdjb1hxcWlqZmFaMGtIbjBiWmUzb3I2NFpaa1RBSXl1ckM5dS1Eb3hXa25kRi1tN0ZXN3hUMkF2eTdad3dGZU53WE43QWUwcGE1SjhIMFctZ3RvbHBGc0VRb254azJUeG1ZS2IxcEtra0didkowLWdyWWZBSFVpeThGQ01VdVJ1MlpFUDNlWXlweEh1dnc1aVVu?oc=5,Egypt Today,3 Oct 2026,,no,,,,no,yes,5,3
Equatorial Guinea,Jobs & Employment,Republic of Equatorial Guinea,https://news.google.com/rss/articles/CBMidEFVX3lxTE93YlFaazNLX3ZvS2NfYXhJaUJPS0xMRDhGQU1PZThONjlnSmNnWjhBY1RGVmpscU5SMkRlNTFVT2VhRnlRLV9KNGV4ekl0Uk1sNWZLb3lRV0p5dDJsbENrcndMNTJXcVAwclltaTYwU1FSYnBi?oc=5,African Development Bank Group,1 Oct 2026,,no,,,,no,yes,0,8
Equatorial Guinea,Jobs & Employment,Trump is disappearing refugees into the hands of torturers – and rewarding them handsomely,https://news.google.com/rss/articles/CBMimgFBVV95cUxOT3NNa1Zyb3dfdURxSXZpN011TThuS01SWVNfSl9GclZHQWFvSUc2WW5RWEQ1b1l6Y04tMG5EUEFtbDJYS1VlUnhpUkF6U3NsZ1p2eUsxRUU4eVloQXJwUlRack0zb1ZxVlpzMXBYbFJXd0Y2bjBEc19OLXZYOEd2SXlHWmY0RU9oWUtfWnI3MnpvWFVBZWE1VmhR?oc=5,The Guardian,2 Oct 2026,Refugees,no,,,,no,yes,1,7
Equatorial Guinea,Jobs & Employment,"Equatorial Guinea - Christianity, Animism, Syncretism",https://news.google.com/rss/articles/CBMia0FVX3lxTE80VUUyWmluUE9ETG1LWnVXYTNzX19CY0o2dVJES0JybmxGbFVMVjZ1M0JkbS1hNlpwLXNKS1J3bzg4ZmF3VU9aaFJKRFhoam9LYlF5VzRfQl9RRVJiYy10QnprQ2tUaGduZlhN?oc=5,Britannica,30 Sep 2026,,no,,,,no,yes,2,6
Equatorial Guinea,Jobs & Employment,Top 10 Countries with the Highest Minimum Wages in Africa 2026,https://news.google.com/rss/articles/CBMiggFBVV95cUxOV0ZxZk80Qmc0a0NsZkJCZmM4dTJvRkZIb0FXT0pFbjhYQzFBcVFNVGZab3RNbG1FXzZxSVczUHI4V2MwSlF1SlFDYnVlVXJPMGZnLXlXUHJBM0ItaHZCakVmNUFLSE9jTm94OFZQNjNxdldYUTBQbFcwT0o0Y3k5NGhB?oc=5,africanexponent.com,30 Sep 2026,,no,,,,no,yes,3,5
Equatorial Guinea,Jobs & Employment,Baltasar Ebang Engonga: Equatorial Guinea official fired over viral sex tape scandal,https://news.google.com/rss/articles/CBMi9wFBVV95cUxNVE9STkFZekEyMlVMR1I2Vkc1cWEyN09QUDZMQU5feUgwMFdoTjFIUndZODBPb3JRN3VwdFNLVFREWGVwUVdlWTFDMjVHUTdWMXhxTk41QVEtRXgxanpjRzdyaXU3YlNOcEl2QWZPVHdIUmVJNF9qRXZuVTRpNEFZSmp1QnVPdW5SZjlmVWRtdmV5T0hyaWRaZ1lNS1QxNHVQdXI3X1FaTTZhcFVDMk9VV2Q4a19zSWZYSWxhcmRDZFdNb2RJRUVUeS1YTmY0VEpFa0hHX3dKVW9xYXFzUldVT0Q3RU0xdnpRSlUtODRCTVR6QzlRU3k0?oc=5,Graphic Online,30 Sep 2026,,no,,,,no,yes,4,4
Equatorial Guinea,Macroeconomy,"Equatorial Guinea - Oil, Agriculture, Fisheries",https://news.google.com/rss/articles/CBMiakFVX3lxTE5VVWs1dUF3M3pxck13YlAzeGo1MlFMQjE4bUZCUWppU3hFODg5Mi1QdFpKUU02SnpwSE91b1E4Y0hiSEctLURDakdaVGREeEszNmV4dFRTakd1T24zYk42dGZtYUxJMjZ5UUE?oc=5,Britannica,30 Sep 2026,,no,,,,no,yes,0,8
Equatorial Guinea,Macroeconomy,Gabonese Republic,https://news.google.com/rss/articles/CBMiZEFVX3lxTFBqUTJsQkRMN2lFM2dfaHFRZVRCUXFYdW9fNUhoZkRCTV9tc0ZtNTJIRFItZ3gyZzN6dGFqVmt5TFNldlFzNzBqYUZiQ19qWDJ1cWw1clI3YlE4NEI3amVVOG9nUE4?oc=5,African Development Bank Group,1 Oct 2026,,no,,,,no,yes,1,12
Equatorial Guinea,Macroeconomy,Ghana lags behind Africa's 16.1% tax average — Prof. Ali-Nakyea calls for tech-driven reforms,https://www.modernghana.com/ghana-lags-behind-africas-161-tax-average-prof-ali-nakyea-calls-for-tech-driven-reforms/,Modern Ghana,2 Oct 2026,,no,,,,no,no,3,5
Equatorial Guinea,Macroeconomy,The city is sinking in solid waste,https://news.google.com/rss/articles/CBMie0FVX3lxTE9iQzdaTzIwb2Qza0NxNzJGVTV4X292b21pUW5oLTFXNlhjclJ3WlZBYkZoUkNRZl9tVTZMNGw3ODBIM2lfWS1GaUNnQ1VFZzBLYU1GNUNxNGVlMlAzbFRfSnZxMFdtaFhZVWhNNklnRHNNUVp4MDJRejd0VdIBgAFBVV95cUxOSk9vZnptN3dZNG9oa1MzeTRzUzJLdDNQSFBGVkRqWGctZUswMk1yaUFUcXpFZEdzTzJDcXJPSlR3VVd3TmZNSFFsMUNVR1RYZlc4NW5jVWdMTVg3dk9qdTdRNVhaMkVRcG1SamYxb3VPZHV2ZS0tZ1RlZGlaTXNPdA?oc=5,Vanguard News,28 Sep 2026,,no,,,,no,yes,4,4
Equatorial Guinea,Macroeconomy,"Atiku Demands Immediate Minimum Wage Increase, Says ₦70,000 Cannot Match Rising Living Costs",https://news.google.com/rss/articles/CBMivAFBVV95cUxORmlNeHhQQjAxdEZ5YVVocjcwOUVta0MzMklKUjBCQVlCeXc3d2owSHpGaUpFSEdxNi13WThodDVhR2VMckE4YWhGc2xzOUY5N0EwWkhaQXEzUk14X29lZHdpV3VMQXZKTTNSeHJuUzNTcjRfX19CMXM5YXVOdmhwSk9MeXFoY1A3RnItZFRaWDU5SFo4MDlMVUZ2Tjl4TG1ORE1IWkh5bXJWSkVkVEc1dUFkZTNVeUZqZzFxSg?oc=5,Arise News,28 Sep 2026,,no,,,,no,yes,5,3
Equatorial Guinea,Digital Economy,Equatorial Guinea averts Internet disconnection,https://www.connectingafrica.com/connectivity/equatorial-guinea-averts-internet-disconnection,Connecting Africa,19 Oct 2024,,no,Equatorial Guinea has averted losing one of its main subsea connections to global telecoms infrastructure. This comes after the country was at risk of suffering an interruption of Internet services because of a delayed payment of its bill.,"The country's vice president, Teodoro Nguema Obiang Mangue, spoke out on Twitter saying that the payment via the Bank of Central African States (BEAC), of which Equatorial Guinea is an affiliate, had not been authorized by the Bank of France.","The delays in the transfer of payment to Gestor de Infraestructuras de Telecomunicaciones de Guinea Ecuatorial (GITGE), could have left the country without Internet.",yes,no,0,10
Equatorial Guinea,Digital Economy,Egypt Signs Cooperation Agreements With Three African Countries,https://cairoscene.com/News/Egypt-Signs-Cooperation-Agreements-With-Three-African-Countries,CairoScene,4 Oct 2026,,no,"Agreements with South Africa, Equatorial Guinea and Chad cover joint coordination, agriculture, tourism, aquaculture and pharmaceuticals.","Egypt signed a series of cooperation agreements with South Africa, Equatorial Guinea and Chad during meetings held on the sidelines of the Alamein Africa Forum in New Alamein, covering areas including investment, agriculture, tourism, aquaculture and pharmaceuticals.","Foreign Minister Badr Abdelatty and South African Minister of International Relations and Cooperation Ronald Lamola signed an agreement establishing a high joint committee to oversee political, economic, trade, investment and development cooperation. The two sides also agreed to hold the first session of their joint business council during Abdelatty’s forthcoming visit to South Africa, while discussions covered Sudan, the Horn of Africa, Palestine, Libya, the Sahel and continued coordination within BRICS.",yes,no,2,8
Equatorial Guinea,Digital Economy,"Equatorial Guinea - Independence, Oil, Culture",https://news.google.com/rss/articles/CBMicEFVX3lxTE5QUzVGLWF3d2std21YVW4ycTZoUWJFQzAyNWRMbzQ1bjQxQm0tMlBXbnhJZTEtc2FfWE5iWGMyeVFOaHVwdHp5aU5VR0wtdFp5OGljanVwQzg5b3RKaC1rYWRjcWFxSDlfY3B3WkZZZ2c?oc=5,Britannica,30 Sep 2026,,no,,,,no,yes,3,5
Equatorial Guinea,Digital Economy,Sinema's ex-boyfriend explains why he trashed her house,https://news.google.com/rss/articles/CBMirAFBVV95cUxQWUhCR1g5TTgwYUhzQm5MRnFLY25KRlB3eTc0SG9LQmk1TGZBT3hFMzlYX1hOMTRPdDIzUEtiQWp5SVlpVkp1R1ZjTlpZWHlPWkdZLURPTm95R0s0anA4MGViYmdNb1Vta2VRLTV0WkdTWEE2SE4xaFJKN00zcW9XdTlqR2hfSkVfQXRreldrQkxRZDB2aWNES3gtazA4MTFKTloweVRMa3VjMnRi?oc=5,Arizona Daily Star,2 Oct 2026,,no,,,,no,yes,4,4
Equatorial Guinea,Digital Economy,US Supreme Court allows Trump administration to resume deportations to third countries,https://www.trtworld.com:443/article/e55b42bf9314,TRT World,29 Sep 2026,,no,,,,no,no,5,3
Equatorial Guinea,Governance,The Week Ahead,https://news.google.com/rss/articles/CBMiYkFVX3lxTFBOY0FhQmk0dTIxd1dkSUQ5OEJaM0xTZjVDdVRQZlpUUUc1VFF4clZXQU1kbGlpTThyejNSMUhhUXh2UER1NURIWUk1cXBBUklnaHVwWGVwSjBQUDZjemJKNC1n?oc=5,Civil Discourse with Joyce Vance,5 Oct 2026,,no,,,,no,yes,0,8
Equatorial Guinea,Governance,"Côte d’Ivoire - Disputed Election, Political Standoff",https://news.google.com/rss/articles/CBMiqAFBVV95cUxPdUREWTlUNFFwcUlWM0pXUE5kdnlPejJzQ2NrcUNyV0lDcXhfS3lOSWd3eTFpUFYzTlJRZU82bUprdEFmb0dGT3g0cWtiZkhHQURpUjhrS0QtclFBSHMzb1V0aERWNGNjVDJMTnF2MS16UUVMQzloSGRKN1BvbEhMUmFoQXUzWmlxVDVHd21tWHpxcEIzOGx4NzF2Z0xkNHhjYnQ2UXk3TmE?oc=5,Britannica,2 Oct 2026,,no,,,,no,yes,1,7
Equatorial Guinea,Governance,Guinea-Bissau military government blocks former President Embaló’s return,https://news.google.com/rss/articles/CBMi_wFBVV95cUxPVE9LMmYtNVJXYWlWdjJOcm82REJwWG5yQ2NRUUl5ZmJxVGNrSFFXeXNSVC1fNGxuQ1NqRThJRExWellRYTdiTHFFSE9xa1BtaU9yekstcFN4dnFtM0NqelRGUnRsRGlrV2prVFRLTmtXM21nbXNGb3UyZmoxUzJLYlpjTWZSTGRscUMtZXVWeWtkSG5wSGJMNVZsLXE4aW8tZFFURlF1MXBwN25vN1dCRFRYM3BuSGt6ZXV3MnlIZnV6aHprektOMXU0U2NkV1dtbmVMVl9yaEZpRmVSY2tkQ3poTnltSS11bGtvQ3h5N2xxMXlQVVBBYkZqQkV5Wms?oc=5,Messenger-Inquirer,2 Oct 2026,,no,,,,no,yes,2,6
Equatorial Guinea,Governance,Supreme Court lets Trump resume third-country deportations,https://news.google.com/rss/articles/CBMitgFBVV95cUxOaDB0Y3h1NEU5S2RHU0NZMUFZbVZzcHBKVzB5QzBabTVxa1BFQ3pDWVQ1TjBJSUZsM2c4Z2Z1OE5JOTA3Y3hneTVVT0s2M3RoZFBCSUFRZFJzeU44bnpIN2tBdGxKeDkxdXFKeEFzejBLOG92Y2hTSjlHekNjNWprbXdVR0JCMDFEUXBSRVpHSmJ3NWxxMWo1NlpKYjF2RE1oNWNDOHBjbEhNUEdyMVRnOGNjSFI1UQ?oc=5,Business Day,30 Sep 2026,,no,,,,no,yes,3,5
Equatorial Guinea,Governance,"The Gambia - Coup, Election, Constitution",https://news.google.com/rss/articles/CBMiowFBVV95cUxQdUo4aXk0LUZ6amxPWWgyRU9FNXcwaldzTXktb1ZSRlpoVW13V0hYWUFzUkdoV2lRMDdxUDN4VTNqSE5DRk8wU2hvRE1DM2tGUDlxT1lsb01HUUM0ZWZ4c2t1aXotWjVSQ0Fwc1BTM3AyVEdIOFFVX2RhSGNMMXhkc0V0VnhFaDdnNDRRQVp5clVwQ0pYal9scnVEQnBSelZKYnhr?oc=5,Britannica,2 Oct 2026,,no,,,,no,yes,4,4
Equatorial Guinea,Agrifood & Climate,"Egypt, Equatorial Guinea ink memoranda of understanding in agriculture, culture, tourism, fish farming",https://www.egypttoday.com/Article/1/149860/Egypt-Equatorial-Guinea-ink-memoranda-of-understanding-in-agriculture-culture,Egypt Today,4 Oct 2026,,no,"CAIRO – 4 October 2026: A number of memoranda of understanding were signed between Egypt and Equatorial Guinea in the fields of agriculture, culture, tourism, and fish farming.","The signing ceremony was held during the first session of the joint committee between Egypt and Equatorial Guinea, on the sidelines of the El-Alamein Africa Forum on Saturday, October 3. The ceremony was headed by Dr. Badr Abdelatty, Minister of Foreign Affairs, International Cooperation, and Egyptians Abroad, and on behalf of Equatorial Guinea, Mr. Simeon Esonu, Minister of Foreign Affairs.","Minister Abdelatty praised the depth of relations between the two countries and their shared commitment to strengthening bilateral ties across various fields, particularly economic and investment cooperation, expanding trade, and creating opportunities for Egyptian companies to contribute to the implementation of priority development projects in Equatorial Guinea, especially in infrastructure, construction, housing, energy, pharmaceuticals, and fisheries.",yes,no,1,9
Equatorial Guinea,Agrifood & Climate,"Egypt expands economic cooperation with South Africa, Equatorial Guinea",https://www.dailynewsegypt.com/2026/10/04/egypt-expands-economic-cooperation-with-south-africa-equatorial-guinea/,Dailynewsegypt,4 Oct 2026,,no,,,,no,no,3,5
Equatorial Guinea,Agrifood & Climate,"UNGA 81: World Leaders Confront War, Climate Change and AI Revolution.",https://www.switsalone.com/unga-81-world-leaders-confront-war-climate-change-and-ai-revolution/,SwitSalone,29 Sep 2026,,no,,,,no,no,6,3
Equatorial Guinea,Agrifood & Climate,"GCF Regional Dialogue in Accra seeks to scale up climate investment across West, Central Africa",https://news.google.com/rss/articles/CBMiyAFBVV95cUxQZDFOaFRMWWl2M01GR3lmY0VKOFFqLXVobFpxUDIybk9XS3ZpSG01UzB2Wkpjb1JIWXNkOTBpZVZCUVltUWQ1ZngzcHpiZXd3WFdNY2dKTnNhdWJCRS1ScU1CVjdnQTUwNjd0MFozd21SN1NNcXRiREZaRmlsRjY0YUpETFQtYU03V2I3WVQwbjBEbW8xTEU4c0N3VkdBcjdROUJxbTdBSkQwSFYyWGhyT1U1YkxDT0pfU3h2SGV1cjBpYnNsR2k1bQ?oc=5,EnviroNews Nigeria,4 Oct 2026,,no,,,,no,yes,7,3
Equatorial Guinea,Agrifood & Climate,Leone Stars Suffer Another Defeat in the Hands of Equatorial Guinea.,https://www.switsalone.com/leone-stars-suffer-another-defeat-in-the-hands-of-equatorial-guinea/,SwitSalone,29 Sep 2026,,no,,,,no,no,8,3
Equatorial Guinea,Workforce & Human Capital,Equatorial Guinea 1-0 Sierra Leone | AFCON Qualifying,https://news.google.com/rss/articles/CBMisgFBVV95cUxQd0ZwZXhiNHVOcy1NT3hBdDVMSnBkRXVvN0JRR3VPQm85QUZfTE1uZUVaWVVjSl9lU0RtUjZMN0pPOUV4dEV5TlZKdEtZNW5FbXFYSElsWFB0NV8tWkZHVWlYS2xqUko2aTViOVczdEhiUXdxR2d4YWV4Y3M1NTZ4MWNyWlpfNXBfOUJVbnRiTGpRanJaV1hkX0lFczBtNi10dEVFU2Z0eFVLNjMxWk9BSG9n?oc=5,247sports.com,28 Sep 2026,,no,,,,no,yes,2,6
Equatorial Guinea,Workforce & Human Capital,"2026 World Cup qualifiers – Equatorial Guinea vs Tunisia: date, time, broadcast channels and head-to-head record",https://news.google.com/rss/articles/CBMijAFBVV95cUxOSFRiWmpJSEVKME9FcjJVRzNuRHM5TXBPRm5jdTJDazlPdXh2dWVvTUZFX2VxdGNOaXBSdXo3UGJTR1RGQlQ2NzNpN1VOQ1k0WXd0RDBNNWo1Yl9vNEtoVXZrblYzYWhoQWFjTlR4Z09Hd3o1NllkYTZxNlFKNUNsSVkydS05dUMwQWlQTg?oc=5,Yahoo Sports,24 Sep 2026,,no,,,,no,yes,4,4
Equatorial Guinea,Workforce & Human Capital,From Equatorial Guinea to the classrooms of Catalonia: twenty years as a teacher here,https://news.google.com/rss/articles/CBMiiwFBVV95cUxOeVlnSllNYnVjaGEzZGVHNUpZVlVHV2xlVmZ3M3YwYmRILXdwcFNkVUpscUppVnVObmw0NGtpNTRSVEs1NEJCZ3hYMmFvLVJtXzFkNU9zWmRyT3lUX0Y5ZnpCOXMzVUh0SlJRbExzTFNjMUtHQ3pYbUlOSnRlYU1GT0NTeWROZ1l6ZGpB?oc=5,Diari ARA,2 Oct 2026,,no,,,,no,yes,6,3
Equatorial Guinea,Workforce & Human Capital,Egypt signs cooperation agreements with three African countries at Alamein-Africa Forum - Foreign Affairs - Egypt,https://news.google.com/rss/articles/CBMizAFBVV95cUxNNHVtMmdJNDRNY1dOMDE4QklDaDd1ckNkRHNiS3VHVVg4X3A4bEtTZ1lndnhPUUNyaVRIVFJGdGE1U0c0YktYc2Rya3hHTEhkSWxpZUZoZnpVZThycmN1TC05Y1BZRXItNC1GR0VWcHlNdTN2ZndUMEF0aVR5UVhjWWxBbXdHNzhEbFBhQm94TGlKbW1aWUlwRUYwMG5kODlqZXZVYlhEd1hRTWd6TFRpdEttWTlxd20zS0NwSHhuYzMtWUZaaXgxQ1ZFR0Y?oc=5,Ahram Online,4 Oct 2026,,no,,,,no,yes,7,3
Equatorial Guinea,Workforce & Human Capital,Planning an international trip? These countries offer e-visas to Indians; check the full list here | Hindustan Times,https://news.google.com/rss/articles/CBMi7AFBVV95cUxPelF2SUF2WkFib3NMaHRXbFBPLUdObkhScFBKZnB2SDdRSTNKNFhQdFU0ZVRlQUZJSXhuS25ZQi0zdV9oSEVNTk12MmFoNUgwOFQ2eDdKc09yNE5ZS3pXWHJsQVIwSXpZdWhsM1phVHpEaHh6TG9hMEtWRXVUcGtWLVJRVnByMEJfZk4zbml0TFB6M2tFQnY2WjNBQTJTSXpBd1g5czVWb2dPR01hRmx3SGROV2lpa25QOGFaMjBfNFVEdDg5M3VGTW9MX3dmUVZWaGZPdkhDVGRDckEta2YwV19PQlk5OEk3a3pFTtIB7AFBVV95cUxPelF2SUF2WkFib3NMaHRXbFBPLUdObkhScFBKZnB2SDdRSTNKNFhQdFU0ZVRlQUZJSXhuS25ZQi0zdV9oSEVNTk12MmFoNUgwOFQ2eDdKc09yNE5ZS3pXWHJsQVIwSXpZdWhsM1phVHpEaHh6TG9hMEtWRXVUcGtWLVJRVnByMEJfZk4zbml0TFB6M2tFQnY2WjNBQTJTSXpBd1g5czVWb2dPR01hRmx3SGROV2lpa25QOGFaMjBfNFVEdDg5M3VGTW9MX3dmUVZWaGZPdkhDVGRDckEta2YwV19PQlk5OEk3a3pFTg?oc=5,Hindustan Times,4 Oct 2026,,no,,,,no,yes,8,3
Madagascar,Jobs & Employment,New Comoros jobs law threatens livelihoods of Madagascar migrants,https://news.google.com/rss/articles/CBMijgFBVV95cUxPWlg2X2pxREFIMzJpWFJfaGNqZVA3bjJZMFRkeUlLeHFJalJkMmFPMVM2QzJ3WWZ2S05GRUVKZ1lHNzB4b0ktdlV1YzBBazNEMmE4cFZXUEFqVGdyNTU5cWF5RFNyc3hDOS1VeFF4cTRMaEpXLUE2N3VtSDI5cnVLZVJwa2l3dm9rUE9Tdi13?oc=5,afp.com,5 Oct 2026,,no,,,,no,yes,0,15
Madagascar,Jobs & Employment,Republic of Madagascar,https://news.google.com/rss/articles/CBMibEFVX3lxTE9nc0kwM3hXVFdFVzI1dDFWMVVkTjI4Zm1zZlB6UjNIZ2lhcVRBdXcwNWgtZTVzdFJ1ZWk4WDVRcGNabWVMMVM3Z1RHQjQ1bnBpeFp6aklvVmRmMVlCdEV4MTFpYU16SW1uZ1J3QQ?oc=5,African Development Bank Group,1 Oct 2026,,no,,,,no,yes,1,7
Madagascar,Jobs & Employment,OIF and METFP certify 181 Malagasy youth trained for digital careers under D-CLIC,https://www.capmad.com/article/oif-and-metfp-certify-181-malagasy-youth-trained-for-digital-careers-under-d-clic/,Capmad,30 Sep 2026,Youth,no,,,,no,no,2,6
Madagascar,Jobs & Employment,"Your toothpaste, their river: a Madagascar mine faces a court battle over poisoned water",https://observer.co.uk/news/international/article/your-toothpaste-their-river-a-madagascar-mine-faces-a-court-battle-over-poisoned-water,The Observer,1 Oct 2026,,no,"The QIT Madagascar Minerals mine in Mandena, Madagascar",Esther Rantzen made assisted dying impossible to ignore,"Four years ago, after weeks of heavy rain, a fisherman who goes by the name of Hery was standing on a bank of Lake Ambavarano in south-eastern Madagascar, watching fish rise to the surface and die.",yes,no,3,7
Madagascar,Jobs & Employment,"More Than 6,500 Madagascar Residents Sue Rio Tinto Over Alleged Mine Pollution",https://mezha.net/ua/,Межа. Новини України.,30 Sep 2026,,no,"У фіналі 27-річний тенісист не віддав супернику жодного гейму в першому сеті, а шлях до трофея включав напружені тристові матчі.","Після драматичного чвертьфіналу з двома тай-брейками український тенісист дістався вирішального матчу, де на нього чекав швейцарський суперник.","Перехожі повідомили про постріли, а під час затримання правоохоронці виявили ще одну обставину, яка може вплинути на перебіг справи.",yes,no,4,6
Madagascar,Macroeconomy,"Madagascar - Key Message Update: An early lean season and rising food prices deepen food insecurity in the South, September 2026 - January 2027",https://news.google.com/rss/articles/CBMi-wFBVV95cUxQczZxcUVzNExoaVloTVlrQlRmRGVwbFFWU01tRHlsV1ZTa0ZMMHU4b3NIQ0RicmJ2bVNkM19FZ0tqdWFCcDNtT2hHVkpBeTZyQ0o2UzBQNzBBdWVQUEJQeWxtM0FPLWV5bjExUTFHdUx2SXhYUFh6eElSVnJScFJPV1hvTFFESFVBN1BMT0FWNHhVVU1CR0EyUjAxNzBneDJNYkxiMG5IUnlWbktlUFBDbVVCN1lSaUdYUmRlQnRIU0NWdDlVZFFmNEVMcHU3Qk1MeHpYTGpFazlHY1plV3VaMGdITlFRVi1CZW9jUURjelowOVAyLWkycGE0OA?oc=5,ReliefWeb,2 Oct 2026,,no,,,,no,yes,1,7
Madagascar,Macroeconomy,US senator warns against China’s isolation tactics,https://news.google.com/rss/articles/CBMiekFVX3lxTE9RM2dtanprMEVXNWVmN0dWR0ZGZVhYZXR5QnBxNTNfSE0wZm5SMWtsU1dsbkNTSXpFZmhndkcxVDVEQkJ1dUZLcmJuR3hCQVJRMThXR1hRMTB6eTBrb2NUNktlakZUQTVGbklDaVlMODJwUHB5UEtFT013?oc=5,Taipei Times,3 Oct 2026,,no,,,,no,yes,2,6
Madagascar,Macroeconomy,Climate Risks: Madagascar Strengthens Its Financial Safety Net,https://news.google.com/rss/articles/CBMiowFBVV95cUxOaWVOVzdxV0pfUEUxbGxCTUk0Ym9TSHh1VGpONmNNSUVJejltUGhmWFdMZmZUbG1FNV9GRWM1di1xcU54MVloc2VpWkttM2pqZkcyZElwc0lBbFl5VFBaTkE0aXIxZl95eEtWWmRDdUtfMlphM1ZKLTEzZ0JhdnVYdk5JOUljTHBEa1hGMlZ4Y0p4M3BJVWdKZ2Y1TUVXeWdpWFdF0gGoAUFVX3lxTFBTQzduQnhSODBZbDZDUTFFM1dTbU8ycHhjLXdiZ05pMndMdjFxMlNleUFSRlpjRG5lRXVyZXhDNUtjbUZzb0VXcUV1TnJ0TFRXZXNCWkQ4YmJWQnhhbnVzdkRBcDZQYlI0M3ZnUDJ5OEplUHZMMVoxVm5XaHJCYVFhNHRIbk5oRmdIbkVab0pSalN0VjBzdnhRZHo1UFJjZWs1aGtra2t5RA?oc=5,Powers of Africa,2 Oct 2026,,no,,,,no,yes,3,5
Madagascar,Macroeconomy,IMF Completes Third and Fourth Reviews of Madagascar Programs,https://news.google.com/rss/articles/CBMigwFBVV95cUxNNUo0SS1wbTNlRGVMYXBPNUhKdUtwb3d4V1hDbG56dmRrUS1GUUwzeEhrM1p5NnhaMUNQcVAtXzJFNmszYUs5U0ZjUEJGN0NOcGJHeVczNTBpOWU4TDNvODhtVkRTQWhtVUdpVmphQUVqc21jR3hIQk1vemFXR01IeFlaMA?oc=5,Mirage News,30 Sep 2026,,no,,,,no,yes,4,4
Madagascar,Macroeconomy,IMF board clears $155 million tranche for Madagascar,https://news.google.com/rss/articles/CBMiUEFVX3lxTFBFWm5wTnpvN0VqZlBmV0pKcG0zOGc5Ujl1MVowTFlMQ3RyX1k4YU1HQ2wwalNIcWdfQnNRMDRLbmJpbUxubmVpVVoxYkc0dW5D?oc=5,Bangladesh Sangbad Sangstha (BSS),1 Oct 2026,,no,,,,no,yes,5,3
Madagascar,Digital Economy,Madagascar billionaire Hassanein Hiridjee expands Senegal data center to meet AI demand,https://www.billionaires.africa/2026/10/03/madagascar-billionaire-hassanein-hiridjee-expands-senegal-data-center-to-meet-ai-demand/,Billionaires.Africa,4 Oct 2026,,no,,,,no,no,0,8
Madagascar,Digital Economy,Madagascar minister meets with SpaceX on Starlink services,https://www.telecompaper.com/madagascar-minister-meets-with-spacex-on-starlink-services/,Telecompaper,30 Sep 2026,,no,,,,no,no,1,7
Madagascar,Digital Economy,What Makes Citizen Science Work? Insights from Madagascar | Conservation and sustainability | University of Helsinki,https://news.google.com/rss/articles/CBMirgFBVV95cUxNYm9BdVpaNV9mLUVGY3VkM1dGMFVPcXU3SWdOYmd6WTVnbG1saHBGd2dUbnllYk5JVGlfLU03ZG9zajVLUS1PYU1PUjdVM1YwZDRsY1NOWGhRRXVUZWNPamlpM1M4MkdHNVQ0RXhVcmd6WXlrSWpiUllUNURYRVM1ZHlRLV90Sm1DVmQwNkRJbWZvQkZaSTB2U3VkN2Z3djJjQ1pPZVl0a0psZGtyZEE?oc=5,Helsinki.fi,1 Oct 2026,,no,,,,no,yes,2,6
Madagascar,Digital Economy,Madagascar • French MP on mission to Antananarivo,"https://www.africaintelligence.com/southern-africa-and-islands/2026/10/05/french-mp-on-mission-to-antananarivo,110889513-bre",Africa Intelligence,5 Oct 2026,,no,"In order to ensure high-quality and independent journalism,  Africa Intelligence relies solely on subscriptions from its readers, with no advertising, no events and no consulting work. Several offers are available depending on your particular reading needs","Discover our work by making use of the following possibilities: daily newsletters, a selection of free articles, keyword alerts.",The plan to turn the struggling shipbuilding company around is expected to consist of two main elements: investment and training.,yes,no,0,10
Madagascar,Digital Economy,"Madagascar - Power Struggle, Colonialism, Independence",https://news.google.com/rss/articles/CBMiakFVX3lxTFBERHV0VERzZjVsVmIyQ2MzaXZ1M3N4QjRoLTVhU1hyQTNKUUUwUWZWY0NoRTR4cjVGTGZJT2J1RmZnU0xLTll6a0xralEtcUVHTDJmUVNwckltVTRuT2trUF9iNFVRT0VfdHc?oc=5,Britannica,30 Sep 2026,,no,,,,no,yes,2,6
Madagascar,Governance,US diplomat says Madagascar’s previous decision on Lai flight undermined sovereignty,https://www.taiwannews.com.tw/news/6451298,Taiwan News,3 Oct 2026,,no,,,,no,no,1,7
Madagascar,Governance,"A year after military power grab, Madagascar still waits for change",https://news.google.com/rss/articles/CBMisAFBVV95cUxNQ2ZGY1p0VFoxbEVxVjNyZUszWXJIVUdjVkFWTWxkSFJ5U0ZiV1AxUEV0MjZnMG1ScEpFQWRNZ3NKNmxCVktQODVpY3NYOW9YLUpYU1FLVGRPVi1PWnpCblBjZW03dkZqMTRqQnBFbXBDa1V2VHktRFhBN2ptVnl4TXc0aF9UQ1ItVVRKQVBPWGVqYnFSV285S1YyZ0o3NVFQUzIwUzJFV3QxeUF6OWdRctIBtgFBVV95cUxNWVVfbldFWUk2LVQzZjNPbEs2UXV5ZDZRNVp0V21PZld4Uks1S0pFVWNMTEtwTThDUXUtd0NwRkxXUUlQT29aSHNrX25ZVy0zYXVBUG5hMXNYQkRvdEtSN2RWa3RlQVM4S25DdUFvTHo1UXJ6VUhSZXZ3TUtlb19IajRwTTR2Mkp0Vm5PRzNRRExLZlBQMHZCRjZLN2x3aWpkNmZ6emV1ekdLYVQwZHVJNEozanJmdw?oc=5,wionews.com,29 Sep 2026,,no,,,,no,yes,2,6
Madagascar,Governance,"The Government appoints the new ambassadors in Angola, the Philippines, Madagascar, and South Sudan.",https://news.google.com/rss/articles/CBMizwFBVV95cUxNeDZXaEpSZkREcnotVTlmQS16elZhMjdXYXAtR3BicEdYUXJieWJwRjAyLWx3UnNEb2xLOFVyZFMwaS1ITWNGcGRVNFlzYzRXQ1BHckNDMVVPZDNQYXhlb1FnTDNQRld6Q3FCekFaaEs1YWxhcU5XUUxNSGpHaWx2UndkMkZxcjhTOHZIbEo2SlRjamhRdHRtNHVZck9TcFlCMUsyNUZEckZMY1dmM2JtUk5DMEdrcWF5RDlKSWVKU0hVcEZRMHBMMF9fZFVfYlXSAdQBQVVfeXFMTjVTd1JHd0tRSmxycmF4SncwdU9vcXpxcVhTOHkzZ3VqakpSYmJ2SmhDRk1SUm5VM1dWWlMySi0tRmpLbnZLeW50a1NEZjNJdDVQRXVjYmdTYnVmRU9id3RJUEQtUmZxSl94VG9yamktVEN2VGN1Y2lpRC1mUHFpQTZqeFhBSU52YVEyeHR2UVBDaWtGeDZnX2xkbHNYWnJOa1lHX2tCWTgwbGVqbFFEcjVab3h0djh0TDAyak1kRWxCWVZVZkdPSTJnOWUxdk1OMFd3MkU?oc=5,Demócrata,29 Sep 2026,,no,,,,no,yes,6,3
Madagascar,Governance,Guinea-Bissau vs Nigeria highlights: Super Eagles lose to Djurtus for Afcon 2027 qualifiers game,https://news.google.com/rss/articles/CBMiXkFVX3lxTE5rQnZlb2xTWFNuQVpicy1naVVQeFkxc0FQR0RLZjRlV2czbDZCYnd5XzNqZnplekhzczlqSnk4T1lxRnNzM09GcWo5b2FsZ3lTVHNERVNpdTdXVkkzdGfSAWNBVV95cUxQZ3lUM2RWRmZhQVhrSVhFN0sxQjlSdGZEeVpIa1FqZW90anNyV3ZDSFFyRnZqQkMtNjUyZUxDNEFlWEswX0IxYVF1S2FTZFRkWkVYR0trTGFmaVlpNUtFRnFMV1U?oc=5,BBC,29 Sep 2026,,no,,,,no,yes,7,10
Madagascar,Governance,WATCH NOW: Anthropic CEO Dario Amodei Warns UN Security Council Of AI Risks To Humanity | AI15 Madagascar (wxr7QYH1ke),https://news.google.com/rss/articles/CBMigwFBVV95cUxQYVU1RzBqNkxhby1DNmpJUWxyV0sxbnVUMlZ1a2Z3aXV1MEg3eUFvQm9JQlByWi1HWUlkUlFoYkF5b0ktNjJkQWVZUU5hSGZFVlJ5VFVUb3JmZm9QNVlZYktVWmk4UnRuNC1iVk5aenJ5SFlIdGZwY1dEMmJnUXNETDl0TQ?oc=5,Unisba Media,2 Oct 2026,,no,,,,no,yes,8,3
Madagascar,Agrifood & Climate,El Niño will unleash multiple hazards in South-West Indian Ocean region,https://wmo.int/media/news/el-nino-will-unleash-multiple-hazards-south-west-indian-ocean-region,World Meteorological Organization WMO,1 Oct 2026,,no,"The strengthening El Niño is set to affect temperature, rainfall and tropical cyclone patterns throughout the South-West Indian Ocean region, impacting climate-sensitive sectors and indeed all aspects of society.","There is no one single regional impact scenario, according to the South-West Indian Ocean Climate Outlook Forum, which urged governments and communities to prepare for multiple hazards. The climate outlook covers October–December 2026 and January–March 2027.","Southern parts of the region need to strengthen preparedness for drought, water stress and food-security risks; northern and wetter areas need to prepare for flooding and landslides; while island States require a flexible multi-hazard approach encompassing extreme heat, heavy rainfall, marine impacts and tropical cyclone risk.",yes,no,2,8
Madagascar,Agrifood & Climate,Climate Change Is Threatening Your Favorite Flavors,https://news.google.com/rss/articles/CBMijgFBVV95cUxQclhCRFB6ZWdqcTN4amU5N21HNXlhNDF4V1JSQ3Y5QS1BWWhnbzBpZ2JOVS1GR0VUbmtiNkpCdkZheTdOY1d6VjFjcFpQelZzM3Q3ajhFN1RqQXI4VUVnZmw1b1RHcGstZVpsVUw4cGhYMXJLOHI3b19lS2wwOElXLWFXNnhxTnNrdkhrV2V3?oc=5,Newsweek,28 Sep 2026,,no,,,,no,yes,4,4
Madagascar,Agrifood & Climate,NEWSLETTER: Water contamination and cancer concerns,https://news.google.com/rss/articles/CBMijwFBVV95cUxQRlN6Ty1fRGgwVUg2Z01Icjc1WFBqYXJSaW1taW1tVTRaWkRDQVdlOEtmM3ppMTk0R2NIaTdvTExXeFBvc3VFRnJQUi1vSlFvMkJvQ3QxT0JJNWlzOHBhSS1ZRXVRcmtxWnJwOWdKM0V6N0w5TXhuVjU3OFU3ZEo0MWY2NW5wTXpzWk1KeUhONA?oc=5,Reuters,1 Oct 2026,,no,,,,no,yes,5,10
Madagascar,Agrifood & Climate,Madagascar sets 1 billion USD target for essential oils by 2040,https://www.capmad.com/article/madagascar-sets-1-billion-usd-target-for-essential-oils-by-2040/,Capmad,29 Sep 2026,,no,,,,no,no,6,3
Madagascar,Agrifood & Climate,"El Niño Brings Heat, Drought and Flood Threats to the South-West Indian Ocean Region",https://www.devdiscourse.com/stories/el-ni%C3%B1o-brings-heat-drought-and-flood-threats-to-the-south-west-indian-ocean-region/,Devdiscourse,2 Oct 2026,,no,,,,no,no,7,3
Madagascar,Workforce & Human Capital,5 Charities Operating in Madagascar,https://news.google.com/rss/articles/CBMibEFVX3lxTFBzVXlnNG41T1BIaVEzQUE2M1lxckdrRlBjeFBLVXpMT2YzZ3dKUG5ycGVvZFVnRkF6ZnJjYzZzemx1bGhWYml4Q0FPd3hSQlotaTRucTMtc2VuV0I4MV82OGdQbzh6VHBLRGx2Ug?oc=5,The Borgen Project,29 Sep 2026,,no,,,,no,yes,1,7
Madagascar,Workforce & Human Capital,Madagascar – Where Don Bosco’s dream continues to live on,https://news.google.com/rss/articles/CBMiqwFBVV95cUxOckVFdlJscHZFMjJVV0tJMUNDWDBXVG16cVRDdHppN1FBU3NhOURnY1lmeG9EUTRadDNGdHlpMEVqM3VuRnlFNGxkUFgxS1daNkZ3V0RCWm5ROUJlUEhYdEh0cUFKbzJBNTNfVGZLWmwzbmNVdkxkb3c3blYzRjktWEVYMGl3NVJWcjZkX1VldjdYLVlmUTZDaWYzb1pxdVFZRkY2Qm10R2w4Tzg?oc=5,ANS - Agenzia iNfo Salesiana,30 Sep 2026,,no,,,,no,yes,2,6
Madagascar,Workforce & Human Capital,Thomas Sankara,https://news.google.com/rss/articles/CBMiYEFVX3lxTFBmNkRWNEJNREhlclN1MjI5czJyenpkRWo5UF94Smc1cHdBdTlPckVrS2lBbUk1aDRsN1p4Y0JJcHRtdGs2YTEwX2pUcEJCcnBnQnV3XzFQUWF6MFh3THFXbQ?oc=5,Britannica,1 Oct 2026,,no,,,,no,yes,3,5
Madagascar,Workforce & Human Capital,Sweet revenge as Morans outclass Madagascar to clinch Africa Men’s 7s title,https://www.mozzartsport.co.ke/news/sweet-revenge-as-morans-outclass-madagascar-to-clinch-africa-mens-7s-title/,mozzartsport.co.ke,4 Oct 2026,,no,,,,no,no,6,3
Madagascar,Workforce & Human Capital,Arrival of Mother General in Madagascar: joy and gratitude for the 40th anniversary of the FMA,https://www.cgfmanet.org/ifma/presenza-opere/arrivo-della-madre-generale-in-madagascar-gioia-e-gratitudine-per-i-40-anni-delle-fma/,Istituto Figlie di Maria Ausiliatrice,28 Sep 2026,,no,,,,no,no,7,3
Namibia,Jobs & Employment,TURNING POINT | AI Is Coming For Your Job,https://news.google.com/rss/articles/CBMidEFVX3lxTE12NTlxMlpWbnhvRmJhVDNDTk40T3lfcHBnNXZOb2VUaEUyY092OExodFJwRjUxNnZ0a21VMGFESTZqbzJaV2tuWVFjT0hGY1F5cEgxMUZabXhZRDUxMWlraTlzT2hFeFZ6aEJTbWU1dHhMZ0hR?oc=5,Windhoek Observer,5 Oct 2026,,no,,,,no,yes,0,8
Namibia,Jobs & Employment,Namibia And South Africa Deepen Fisheries Cooperation With First Joint Sea Patrol,https://trendsnafrica.com/namibia-and-south-africa-deepen-fisheries-cooperation-with-first-joint-sea-patrol/,trendsnafrica.com,4 Oct 2026,,no,,,,no,no,1,9
Namibia,Jobs & Employment,Independence and decolonization in Southern Africa,https://news.google.com/rss/articles/CBMioAFBVV95cUxQNTJsQzY0ak5Hd0FlSTZ0NUhxbXZRbnJMdjMyUnRHRjhnVUU3S3hNU3dOTG1keUwxdmZiVW9jYnoybTZCa2YyZFBfd2R0aHg0SjNkSFg4WGtsSTV0ZmdZbEh0cWs4MVFjdkNkM1B5RUR5OFpBelBCa0tDZm5mTXA3WUhJbzF5M1FZMnJvSktXNGdjcThBNjFoWmo3dTFoZFlF?oc=5,Britannica,2 Oct 2026,,no,,,,no,yes,2,6
Namibia,Jobs & Employment,ReconAfrica preps open-hole horizontal flow test at Namibia’s Kavango West 1X,https://news.google.com/rss/articles/CBMiswFBVV95cUxOSE1UZDBQcVo3NFNTTEpsc09BYmNsUE02SVNzcjlwaDBPSDdhX2d2dEVjTVFaZVFBeEhOMmJFanhkZXlLTi13dzB5TUZ5aV8tamMwSzlaSWEwcTcyakUwVWl5Ny1vX1N3b24tMEdXcUJneS10WjJZdFNDTUNEQzRJbFNJaUdibmdkZDlTam5ONk1jU2Y2YjZ1eVJJU3F1eEEwNEc0TW9GaFdJMDlFak5pUnNIVQ?oc=5,Drilling Contractor,29 Sep 2026,,no,,,,no,yes,3,5
Namibia,Jobs & Employment,Eco (Atlantic) Oil and Gas Ltd Announces Ministerial Approval - Namibia Licences Farm-down,https://news.google.com/rss/articles/CBMiiAFBVV95cUxQOEtOTkZ6cjJ5MVF2RWVkZW41cE9VdFVNblhacmpkY0dxc0VsQzUtMnI1XzhnbmdzU1FhY3lTZFR3TXdaS2FIeFNPTUFNMmdVdk5XZnlhWkdpU25HQXZCY0FpWlJlcnlZa0prNHpCZTlpZ0VsZm92bkY0aWtHVHlNMlFLaXZ1T2kx?oc=5,Yahoo Finance,2 Oct 2026,,no,,,,no,yes,4,4
Namibia,Macroeconomy,"Tracking the ""America First"" Bilateral Health Agreements",https://www.thinkglobalhealth.org/article/tracking-the-america-first-bilateral-health-agreements,Think Global Health,29 Sep 2026,,no,,,,no,no,0,8
Namibia,Macroeconomy,Simonis expects BoN to raise repo rate to 7% in October,https://news.google.com/rss/articles/CBMiiAFBVV95cUxOcTBRWVQwazU0Sm1Hb2xtLU1LSHNsb1BNZHRJTlQ0UDhnSTlhTEU4ZE9JQVctVXNBZlNKOVcwS19PUDB4REQxSFd5c3czUE1Oam5NZ2NEdlMyLXIwWTZvaEVRd1Y4WnliMkRhU19fZjRsR3VyRTRMMHBSVzNzZXRHXzlWUXVrRlR6?oc=5,Windhoek Observer,5 Oct 2026,,no,,,,no,yes,1,7
Namibia,Macroeconomy,Namibia: Health Ministry 'Illegally' Pays Suppliers N$13m,https://news.google.com/rss/articles/CBMiW0FVX3lxTE4yUEYtM28xMnRiZWZpS1NGOHJMUEFXLTc1elVrd3RtM29oUGN2UTEyeDdoYm50WTdIMHpjZEIxNWc0Sk1lSXhkMzhGN1RmeFRZR2diM0ZERHp5VW8?oc=5,allAfrica.com,30 Sep 2026,,no,,,,no,yes,2,6
Namibia,Macroeconomy,4.8% GDP growth for Q2 of 2026,https://www.pressreader.com/48-gdp-growth-for-q2-of-2026,PressReader,29 Sep 2026,,no,,,,no,no,3,5
Namibia,Macroeconomy,‘Namibia’s market too small to sustain economy’,https://www.namibian.com.na/namibias-market-too-small-to-sustain-economy/,The Namibian -,3 Oct 2026,,no,The small size of the Namibian market makes it imperative for the country to look beyond its borders for larger markets for its products.,This was said by Ministry of International Relations and Trade executive director Ndiitah Nghipondoka-Robiati when she officially launched the first edition of the Namibia Exporters’ Guide at the Namibia Investment Promotion and Development Board (NIPDB) offices in Windhoek yesterday.,"“With a domestic market of approximately 3.2 million people, sustained economic expansion and business growth depend heavily on our capacity to look beyond our national borders, compete internationally and integrate our producers into broader regional and global value chains,” she said.",yes,no,4,6
Namibia,Digital Economy,"Shipindo appointed to lead NAM-CSIRT Staff Reporter NAM-CSIRT has appointed cyber security and ICT professional Cornelia Shipindo as its new Executive, with the organisation saying her leadership will strengthen Namibia’s national cyber security incide",https://www.instagram.com/accounts/login/?next=https%3A%2F%2Fwww.instagram.com%2Fsearch%3Fq%3DShipindo%2Bappointed%2Bto%2Blead%2BNAM%2BCSIRT%2BStaff%2BReporter%2BNAM%2BCSIRT%2Bhas%2Bappointed%2Bcyber%2Bsecurity%2Band%2BICT%2Bprofessional%2BCornelia&is_from_rle,instagram.com,3 Oct 2026,,no,,,,no,no,0,8
Namibia,Digital Economy,NAM-CSIRT promotes acting executive to permanent role,https://www.telecompaper.com/nam-csirt-promotes-acting-executive-to-permanent-role/,Telecompaper,2 Oct 2026,,no,,,,no,no,1,7
Namibia,Digital Economy,National ICT Convention set to accelerate digital transformation in education,https://economist.com.na/national-ict-convention-set-to-accelerate-digital-transformation-in-education/,Namibia Economist,2 Oct 2026,,no,,,,no,no,2,12
Namibia,Digital Economy,The Hidden Cost of Fishrot,https://www.namibian.com.na/the-hidden-cost-of-fishrot/,The Namibian -,2 Oct 2026,,no,There May be a much larger economic cost to Fishrot than the money allegedly stolen or diverted from Namibia’s fishing industry.,"I am wondering whether anyone has tried to quantify the damage done to Namibia’s international financial reputation – and, by extension, to ordinary Namibians trying to participate in the global digital economy.","After Fishrot, Namibia entered an era of increasingly stringent banking, anti-money-laundering and compliance controls. The country was placed on the FATF grey list in 2024 and only exited it in June 2026.",yes,no,3,7
Namibia,Digital Economy,Shipindo appointed to lead NAM-CSIRT,https://news.google.com/rss/articles/CBMiS0FVX3lxTE9zOXdBQXQ0Nnh0MU5oa1lnY2YxbmdBVFZBcmI1a2FkMXdUSmJlWGZURUdaZ3ViQnN2ZnhCTkRXQ094NGhXXzFwQWVFMA?oc=5,Informanté,3 Oct 2026,,no,,,,no,yes,4,4
Namibia,Governance,Countdown to 2030 national policy dialogue in Namibia,https://www.unesco.org/gem-report/en/articles/countdown-2030-national-policy-dialogue-namibia,UNESCO,30 Sep 2026,,no,"This hybrid event from 08.30-13.00hrs at the UNAM Khomasdal Campus, Main Hall, Windhoek will provide an opportunity to reflect on the Report's findings and take stock of progress towards SDG 4 in Namibia to discuss the shape of a future agenda post-2030.","It is one of a series of national policy-dialogue events being held on the Countdown to 2030 reports, aiming to bring ministries and partners together to assess progress, share lessons and consider what should come next. The ambition is to hold these discussions in every country by the SDG 4 deadline, bringing national experience into the global debate.","In Namibia, the event will bring together government representatives, researchers, civil society organizations and international partners. It will explore progress and remaining challenges in access and equity across the education system, while considering how countries can build more inclusive, resilient and future-ready education systems.",yes,no,1,9
Namibia,Governance,Azule Poaches ExxonMobil Namibia’s Deputy General Manager,https://news.google.com/rss/articles/CBMiswFBVV95cUxQWGdGNDVyZEJWOTdCenlZTVdJT2t3NmNBaklxS0FjY0Ftb19STGxXTTVMdVRvNHRZUUNhWGQ3Sk5YRTVVZV9sWXYxTF9KTV9kb2hvLTFqOF9DTzI4VE5hRUtxM0FfSGRSY2xwQ1dYbjFWaDVfWkJ5MU5nb0pkb3lmZkZvY0JXbmF2dnJkOUdzSHZPN0I0a0YzalFmcmc4Q1NxQVJ4THAyMnZseE5LUEpNa0pEWQ?oc=5,Africa Oil+Gas Report,3 Oct 2026,,no,,,,no,yes,2,6
Namibia,Governance,"Botswana - Wildlife, Economy, Democracy",https://news.google.com/rss/articles/CBMieEFVX3lxTFBOSzBxcTBZSjlkeHd2SzhKc0stYktGY0ZpVk5KNEE0WmlleGhWTzEyRHNHWmNYRDRBQk51c3NtMzNKWmF0Q25hQThOTWJMRncxaVc5LU5SYWoxMUlNbEtsanBFYXFOVmszX3YxV21oZ2NEaGVPelNuRQ?oc=5,Britannica,2 Oct 2026,,no,,,,no,yes,3,5
Namibia,Governance,Morocco’s First Woman Head of Government Adds Momentum to Women’s Leadership in Africa,https://mg.co.za/thought-leader/2026-10-02-morocco-s-first-woman-head-of-government-adds-momentum-to-women-s-leadership-in-africa/,Mail & Guardian,2 Oct 2026,Women,no,,,,no,no,4,4
Namibia,Governance,Rights groups get N$1.2m boost,https://news.google.com/rss/articles/CBMiakFVX3lxTE03b3hTYjI2WE12ajN4M1ZjSXNoOHpPa1NadkNFbi1SNG00Z3JfbGk0Q3EzaHlDQmxXRDNDNlJfMVNHc0J0STJMczhuOGl2VUhzU2hWWXptZFpILUZXSk01dVdDRnJ1MF8wM2c?oc=5,The Namibian -,1 Oct 2026,,no,,,,no,yes,5,3
Namibia,Agrifood & Climate,FSDEA Angola: Investing in the Future,https://news.google.com/rss/articles/CBMitAFBVV95cUxNcmF5ODFZeHEtUTNhZ1NZZGprbFRNRHRIZjdkV0ZHMklkSHpLVk1RUlFmT1RUaUk3aEtpTFYzV0lkTnN5TGNwbFliUGdjaTJYcFRsdFhaR25oUHpsdW5MWWkxYnZ3VTJzTWR5LTVOcV9mSmZSQ0JqejFKdW5RVHJ2X3cybS1qS3QyRmh6aGN1WkJFX3VKdFExSk1raFFwQkxaYjNLSkJsa3VhRGM0ZTM3bWVTOWc?oc=5,BBC,5 Oct 2026,,no,,,,no,yes,0,15
Namibia,Agrifood & Climate,WFP Namibia Country Brief September 2026,https://news.google.com/rss/articles/CBMigwFBVV95cUxOUWRXbVRCVXVIU2dsUHl0RFVHSlJiS19xNnBOY1hiV3h3Y2pvRnZFN3h2Vmd1QnIyZWMxdXVtX0ZLMm5EMF9jX2s4UWtHQ1dQYnlxVC1ZVnllRHZ1M3liVjZnRkhvWmg3RS0wWjQyYm1ES3pNT2NxcFZjb2hiamVKX2ZLQQ?oc=5,ReliefWeb,1 Oct 2026,,no,,,,no,yes,1,7
Namibia,Agrifood & Climate,SDG Namibia One and Enersense Energy Namibia Sign Development Funding Agreement for Dâures Green Fertiliser Project,https://panafricanvisions.com/wp-login.php?redirect_to=https%3A%2F%2Fpanafricanvisions.com%2Fsearch%2FSDG%2BNamibia%2BOne%2Band%2BEnersense%2BEnergy%2BNamibia%2BSign%2BDevelopment%2BFunding%2BAgreement%2Bfor%2BD%25C3%25A2ures%2BGreen%2BFertiliser%2BProject,pan african visions,1 Oct 2026,,no,,,,no,no,2,6
Namibia,Agrifood & Climate,Namibia Launches Its New Climate Plan,https://news.google.com/rss/articles/CBMigwFBVV95cUxOYWVlaHRiNFRaaVNjeW9rN0pvaF9VanRtTlN2V3VnYXYxcmtXTGpCYWoyMWhOS1FJalBwaDRXMlZfckY5dlJDWmIzVzBSQ21JNkhyTHZRaXJFeGI2aG9TdVJkWWhTLUp0V1dmTTRtTUpTNHE0dTZlcXQ5TjQ0RmRKWktfY9IBiAFBVV95cUxNb25jcHdQWUE2OWs1d3R2OUdLT3puVEs0NTNyaEpqTHhyaGtYalQxY3RoVnZUY1ZVYmcwc1NUWE53QlBtMFNxT1FzRzF5cjdJUFBtVWt0WTgwdURRZHhMWEdIZmxhaDhia0s3X2hFTGtZb05oSDlrQ1dyYmtWaFVJMk44Rm96YVlK?oc=5,Powers of Africa,30 Sep 2026,,no,,,,no,yes,3,5
Namibia,Agrifood & Climate,FMD Support Fund mobilises N$1.5 million in emergency supplies,https://news.google.com/rss/articles/CBMiS0FVX3lxTFBRMk1kRkZBa1BqallXcEh5XzhPOHV2bUtzSTVHcFp0ajBWSUVFaTBLMVBUZXVXbUt3eWQ4bXAxSjd3aWs1TWwxcloxOA?oc=5,Informanté,3 Oct 2026,,no,,,,no,yes,4,4
Namibia,Workforce & Human Capital,Top Pupils Represent Namibia at Continental Science Fair,https://www.namibian.com.na/top-pupils-represent-namibia-at-continental-science-fair/,The Namibian -,5 Oct 2026,,no,Two Namibian pupils represented the nation on the continental stage when they joined the brightest young minds from across Africa and the globe at the 2026 Eskom Expo for Young Scientists International Science Fair (ISF).,"The event took place in Johannesburg, South Africa, from 28 September to 2 October.",Guillermo Melando from Oranjemund Private School in the ||Kharas region and Thobias Gabriel from Donatus Secondary School in the Otjozondjupa region represented Namibia at the international science fair.,yes,no,1,9
Namibia,Workforce & Human Capital,"Victor George wins Best of Nation at WorldSkills Shanghai Staff Reporter NAMIBIA’S Victor George has received the Best of Nation Award at the 48th WorldSkills Competition in Shanghai, China, where Namibian competitors joined young professionals from ar",https://www.instagram.com/accounts/login/?next=https%3A%2F%2Fwww.instagram.com%2Fsearch%3Fq%3DVictor%2BGeorge%2Bwins%2BBest%2Bof%2BNation%2Bat%2BWorldSkills%2BShanghai%2BStaff%2BReporter%2BNAMIBIA%2BS%2BVictor%2BGeorge%2Bhas%2Breceived%2Bthe%2BBest%2Bo&is_from_rle,instagram.com,28 Sep 2026,,no,,,,no,no,2,6
Namibia,Workforce & Human Capital,"Namibia’s education investment shows progress, but secondary school remains a challenge",https://news.google.com/rss/articles/CBMiS0FVX3lxTE9UVFNFN1JoaFV6WURLRnB4LXc1b1U0Y2dJakREVFZONUdndTliTi14WUJmbHM4SHZ4THhEMDJEaGlfcXlRajZqWHZVdw?oc=5,Informanté,4 Oct 2026,,no,,,,no,yes,3,5
Namibia,Workforce & Human Capital,Namibia Lottery Board permits One Economy Foundation raffle,https://news.google.com/rss/articles/CBMijwFBVV95cUxQM2o3ZV85S21lNFZUejNYb2o3M0F5MXJpQ1hlNWRGeXh2b0lXOTI1VDRfOUkzQUgyYnp0OVF3Q0k5REk2Slc4ZkU2d0J0ZG1GdUhuWG14MVloYVRpNW5kWENQRU1JN3R3Zk05OHhmVEMzRkNwVUMwOWd1bGNadFVaMWJOZUJwa3Z1QU1hbl9LMA?oc=5,Focus Gaming News,30 Sep 2026,,no,,,,no,yes,4,4
Namibia,Workforce & Human Capital,From unemployment to self-branding… why Namibia’s youth need marketing skills,https://neweralive.na/from-unemployment-to-self-branding-why-namibias-youth-need-marketing-skills/,neweralive.na,2 Oct 2026,Youth,no,,,,no,no,6,3
Sierra Leone,Jobs & Employment,Sierra Leone Ports Authority Pledges Support For Government’s ‘Big Five’ Agenda,https://panafricanvisions.com/wp-login.php?redirect_to=https%3A%2F%2Fpanafricanvisions.com%2Fsearch%2FSierra%2BLeone%2BPorts%2BAuthority%2BPledges%2BSupport%2BFor%2BGovernment%2Bs%2B%2BBig%2BFive%2B%2BAgenda,pan african visions,4 Oct 2026,,no,,,,no,no,0,8
Sierra Leone,Jobs & Employment,Ecowas Court and women’s rights in west Africa: what’s working – and what isn’t,https://theconversation.com/ecowas-court-and-womens-rights-in-west-africa-whats-working-and-what-isnt-291919,The Conversation,1 Oct 2026,Women,no,,,,no,no,1,7
Sierra Leone,Jobs & Employment,EU halts aid funds to Sierra Leone over Bolle Jos extradition,https://www.dutchnews.nl/2026/10/eu-halts-aid-funds-to-sierra-leone-over-bolle-jos-extradition/,DutchNews.nl,1 Oct 2026,,no,,,,no,no,2,6
Sierra Leone,Jobs & Employment,President Bio UNGA81 Speech: 5 Key Messages for Africa,https://www.switsalone.com/president-bio-unga81-speech-5-key-messages-for-africa/,SwitSalone,1 Oct 2026,,no,,,,no,no,3,5
Sierra Leone,Jobs & Employment,"George Weah | Biography, Awards, & Facts",https://news.google.com/rss/articles/CBMiXEFVX3lxTE1vMEx5SWdudC1hTVRKc1ZSUEpwVmtYb0IySjV6MkEyNHBIVl9KMGtFeExMRGcyTnRMZFJDb0RIMFk3LUtHU2lPMGZna1ZTYzhwcjRPTHJpdW8wX2lC?oc=5,Britannica,30 Sep 2026,,no,,,,no,yes,4,4
Sierra Leone,Macroeconomy,"EU cuts aid to Sierra Leone over its help to convicted cocaine kingpin, Netherlands says",https://news.google.com/rss/articles/CBMiugFBVV95cUxNNENiczFXQVFKeTZ1Sll6X29qMjVoOTdDQ25fMlFUTkhZdVFPUF9xajNEM291QUdUZTIyMkUxeUVmREZNRkdiVDJGYTRnQmMyYW1nSnFVcmZnTXZCSjJVdWZUenRrMjRVTmlOOGJfdXZFQWlqVjVFZnF2OVM3eWtTWVI3QnVfUC1zZi1ZLTJRVm03dzVMVWI2anhPUUdpWkE0QXRJb0tuUWE1WEtibVdUS2ItaFNfU2Zubmc?oc=5,Reuters,1 Oct 2026,,no,,,,no,yes,0,15
Sierra Leone,Macroeconomy,"EU Froze Sierra Leone Aid for Harboring Alleged Drug Kingpin, Netherlands Says",https://www.occrp.org/en/news/eu-sierra-leone-aid-harboring-alleged-kingpin-netherlands,Organized Crime and Corruption Reporting Project,2 Oct 2026,,no,,,,no,no,1,7
Sierra Leone,Macroeconomy,EU halts millions in budget support to Sierra Leone over fugitive Dutch drug lord,https://brusselssignal.eu/2026/10/eu-halts-millions-in-budget-support-to-sierra-leone-over-fugitive-dutch-drug-lord/,Brussels Signal,1 Oct 2026,,no,,,,no,no,2,6
Sierra Leone,Macroeconomy,Sierra Leone hikes key rate to 17.25% over inflation,https://apanews.net/sierra-leone-hikes-key-rate-to-17-25-over-inflation/,APAnews - Agence de Presse Africaine,2 Oct 2026,,no,,,,no,no,3,5
Sierra Leone,Macroeconomy,"From the Netherlands to Sierra Leone: EU aid, a president’s daughter and Europe’s most‑wanted cocaine boss",https://euobserver.com/240782/from-the-netherlands-to-sierra-leone-eu-aid-a-presidents-daughter-and-europes-mostwanted-cocaine-boss/,EUobserver,2 Oct 2026,,no,The EU has played down claims by the Dutch government that the bloc’s decision to suspend aid support for Sierra Leone was because the west African country refused to extradite one of the world’s most-wanted drug traffickers to face trial in the Netherlands.,"Speaking on Thursday, (1 October) after a meeting of EU justice ministers in Luxembourg, migration commissioner Magnus Brunner told reporters that the decision to suspend support was made for “technical reasons” — but without giving more detail.","Sierra Leone was allocated €352m in EU funding between 2021 and 2027, under the bloc’s seven-year budget framework. The country was set to receive €18m from the EU this year.",yes,no,4,6
Sierra Leone,Digital Economy,High-Level Dialogue on Advancing Effective Development Co-operation,https://news.google.com/rss/articles/CBMioAFBVV95cUxOVHZiWTQtcElueXo0WjFrS2s0UmxrQkppYXdBdFN3S2NjanpwcS1yYTB1eEdWUnVZVlV6eDg2c3ZwdlhFbWI0QUFZNVNwV3hUTFJxS2daMmExMlphdmhhcC1ndXF1VEVobVNKNC1hT2ZwT1ZfMW4wRXlQYUZMQnB6Nmt0T21zYlBsZWgwSEozV1ZwVFNoeWU3RVVuM1RtRzI3?oc=5,United Nations Development Programme,30 Sep 2026,,no,,,,no,yes,0,8
Sierra Leone,Digital Economy,Ghana tightens scrutiny of public sector AI buys,https://itweb.africa/article/ghana-tightens-scrutiny-of-public-sector-ai-buys/mYZRX79gbbjqOgA8,ITWeb Africa,2 Oct 2026,,no,"Ghana has announced that all public-sector artificial intelligence (AI) acquisitions will now undergo a centralised technical review, in a move the government says will safeguard the country's data sovereignty and ensure long-term domestic control over critical digital infrastructure.","Under the directive, the Ministry of Communication, Digital Technology and Innovations will coordinate technical requirements, while the National Information Technology Agency leads the technical scoping.","""Every government-acquired AI system will now be evaluated against strict benchmarks for interoperability, data protection, cybersecurity, sustainability, and mandatory local skills transfer,"" said Samuel Nartey George, minister for communication, digital technology and innovations, speaking at an AI forum in Accra co-hosted with the US Embassy.",yes,no,1,9
Sierra Leone,Digital Economy,CAMDL ED Engages Global Peers at ICIC-IDUAI 2026 Confab,https://news.google.com/rss/articles/CBMi2wFBVV95cUxPRUd6eXNJRkdaSmxyLXhYTDZQQmlVSDM0YmFwNThlQmh4WVZBTXNTUHVPa0duN3hsYWp3emp1ckQ0NkJXOHRsZzItVkhFalJnMWVCanBFTndTWU5SV0JfMkNfcjdlSURobkJoNUE0QzRUR3dNTmNuTEZCb0JsY0laYXFPT1BlTW1yVDkwc2FvczF3RTNYXzdjUUlpQzEtaUxWb3ZkVTV1eXp2Z3lXeTc4cFZRRlpyZW9oVThzY3dwYU9LbTRseTY3QkVxQVMtTEI5OGwxRzFRTWlod2c?oc=5,liberianobserver.com,2 Oct 2026,,no,,,,no,yes,2,6
Sierra Leone,Digital Economy,FDC Summit Paves the Way for the “Cairo Document for Trust and African Digital Integration” and Will Present Its Outcomes at the El Alamein Forum for Africa,https://eleqtisadenews.com/en/fdc-summit-paves-the-way-for-the-cairo-document-for-trust-and-african-digital-integration-and-will-present-its-outcomes-at-the-el-alamein-forum-for-africa/,الاقتصادي نيوز,4 Oct 2026,,no,,,,no,no,3,5
Sierra Leone,Digital Economy,Catalá Names Warriors Squad for Crucial AFCON Qualifiers,https://www.facebook.com/sharer/sharer.php?u=https%3A%2F%2Fwww.263chat.com%2Fsearch-dzamara-goes%2F%3Fq%3DCatal%25C3%25A1%2520Names%2520Warriors%2520Squad%2520for%2520Crucial%2520AFCON%2520Qualifiers,263Chat,14 Sep 2026,,no,,,,no,no,4,4
Sierra Leone,Governance,Misleading! Kandeh Yumkella didn’t move from SLPP to APC,https://dubawa.org/misleading-kandeh-yumkella-didnt-move-from-slpp-to-apc/,Dubawa,4 Oct 2026,,no,"Claim: A Facebook post claims that Dr Kandeh Kolleh Yumkella moved from SLPP to APC, NGC, and other political parties, while allegedly still serving as the chairperson and leader of the NGC.","Amid political tensions in Sierra Leone following the contested 2023 general elections, an attempted coup, and subsequent high-profile legal and electoral battles, political misinformation seems to be circulating in the country, either targeting political office holders or even originating from them.","A Facebook post ( archived here )  claims that Dr Kandeh Kolleh Yumkella, popularly known as KKY, has moved between several political parties, including the Sierra Leone People’s Party (SLPP), the All People’s Congress (APC), the National Grand Coalition (NGC) and EBEMA Movement.",yes,no,1,9
Sierra Leone,Governance,"ECOWAS, European Union, and GIZ initiate new regional energy governance and information system for West Africa",https://www.thesierraleonetelegraph.com/ecowas-european-union-and-giz-initiate-new-regional-energy-governance-and-information-system-for-west-africa/,The Sierra Leone Telegraph,3 Oct 2026,,no,,,,no,no,2,6
Sierra Leone,Governance,CFPs: Supporting the Implementation of the Sustaining Peace and Social Cohesion (Sierra Leone),https://news.google.com/rss/articles/CBMizgFBVV95cUxNWWVXakFRckNhcm82ZWJkZlhtazFFY0NXU0JrRjkxWTFhc2R4OTNXcUN6ZndSa1RpNW9lbFZvNWJNa25UeGwxWm05XzFxMFhnZEIzQnh4MTJYSDVpbk15X1AwMDFzdFZ2VHBWZklURjByUl9nWmVDUkY3c3hRMVh2Q05nNlRIcXdSSzNXRHlzTkE0dk10NEhOZXJmRW9LTTYzU2FENmZqa05ELXBrU0FTSjUzdllpNzBSbFNNanc1ZmZxOUlxNlpLbmRGalc4d9IB0wFBVV95cUxQRlBtT1NvOWNVeVJRbTdtTHBTUWFrcXIzdkNkZGlibVNtVUFhVEdTNlhJMk1XY2tWemNzU2RvSzYzVWpQV2ExQjhSSS1uTVp0aENBVjVHYXNqQUE0dXBvNEh2OENudXVzelFMNXFnY055RDVrSVJqeWlQVFJ1Z3R3UFZTNkVWNkM4WllkMm9pclB5NnljX29aUkdIN1JqUlVRaTk4cDBobzR4RG9fQ01PSWV2eDhPdUpZcGE4RW0zbXZTYzhnejNrMTJnczNxZFVWNC1N?oc=5,fundsforNGOs,3 Oct 2026,,no,,,,no,yes,4,4
Sierra Leone,Governance,"Nigeria, Sierra Leone Permanent Representatives To ECOWAS Push For Borderless Region",https://leadership.ng/nigeria-sierra-leone-permanent-representatives-to-ecowas-push-for-borderless-region/,LEADERSHIP Newspapers,30 Sep 2026,,no,,,,no,no,5,3
Sierra Leone,Governance,Civil Society Pushes for Voice in Electoral Reforms,https://www.thenewdawnliberia.com/civil-society-pushes-for-voice-in-electoral-reforms/,The New Dawn Liberia,2 Oct 2026,,no,,,,no,no,6,3
Sierra Leone,Agrifood & Climate,What impact will climate change have on malaria?,https://ourworldindata.org/what-impact-will-climate-change-have-on-malaria,Our World in Data,5 Oct 2026,,no,,,,no,no,0,8
Sierra Leone,Agrifood & Climate,"Same River, Same Drought: Can Teesta Farmers in Bangladesh and India Build the Water Dialogue Their Governments Haven't?",https://peacenews.com/same-river-same-drought-can-teesta-farmers-in-bangladesh-and-india-build-the-water-dialogue-their-governments-havent/,Peace News Network,5 Oct 2026,,no,,,,no,no,1,7
Sierra Leone,Agrifood & Climate,Building climate resilience in rural Tanzania to strengthen food security,https://africarenewal.un.org/en/magazine/leveraging-climate-resilience-rural-tanzania-build-food-security,UN Africa Renewal,2 Oct 2026,,no,,,,no,no,2,6
Sierra Leone,Agrifood & Climate,"Supporting Recovery from Nepal’s Floods and Colombia’s Earthquake, and More",https://www.directrelief.org/2026/10/supporting-recovery-from-nepals-floods-and-colombias-earthquake-and-more/,Direct Relief,2 Oct 2026,,no,,,,no,no,3,5
Sierra Leone,Agrifood & Climate,"Global Weather Hazards Summary, October 01, 2026 – October 07, 2026",https://news.google.com/rss/articles/CBMingFBVV95cUxNaXQ0SUFvSUlmbmNtb0NwSVVkZTlSSW1NTlVpLUtSOW5HU2RmLUdYTmk2b1dDVHhxcHFQTHZnSFV0T1hsamdCLWNsalcwZG16a050eGc5Q1RVc0RncW54N1NjengwUHJYVWN3dmZLeGgyQUxkTS1zektDbWhQRzFHV3BUYkZmQlZGekhqTFhRQzVVX0YybzFhMmlvQ3JuZw?oc=5,ReliefWeb,30 Sep 2026,,no,,,,no,yes,5,3
Sierra Leone,Workforce & Human Capital,"""What Changes for Aminata?"" Diaspora Webinar Asks How Education, Energy and AI Can Open Doors for Sierra Leone's Youth",https://www.24-7pressrelease.com/press-release/539247/what-changes-for-aminata-diaspora-webinar-asks-how-education-energy-and-ai-can-open-doors-for-sierra-leones-youth,24-7pressrelease.com,2 Oct 2026,Youth,no,,,,no,no,0,8
Sierra Leone,Workforce & Human Capital,Zainab Sumu turns ordinary objects into the extraordinary,https://news.google.com/rss/articles/CBMia0FVX3lxTE9wQlktVkZ5OV9KN3Q2bXdka0llMmdwY28zeFQzdTJJS0dVNVdDRmdYMG11NWNHeE9JX0dpRWhwczVCN3dYaUVxcEI2M2U3cXdReWVqLVdOSXV1LXROYm5VbHhoR2NaZjgzQ01N?oc=5,WBUR,5 Oct 2026,,no,,,,no,yes,1,7
Sierra Leone,Workforce & Human Capital,Advancing sexual and reproductive health through curriculum reform: reflections and learnings,https://news.google.com/rss/articles/CBMiugFBVV95cUxPai1wZXlpakxjWnhZWGk5MHdjdkJjRVFUTmdLaWtsaUpWdTk5ajlfSURXNnltb2ZNbUJ0ZXU0Ml93bmxOVVhKbGtLRnRYQ3p2YzJyNU1PaWJPSDdrV1h1Nkp1QnkwWUlkMmltcVZ1VXg4TkRWM3dKZngtR3hJOGlqdVZNdjRPa0tTT001RmNEbWwydDNXZkF0S0xuNWJyb0hCcHR4NkJiSEVfUjZPSHN6MnlPT1A2RUN3cVE?oc=5,FIGO.org,1 Oct 2026,,no,,,,no,yes,3,5
Sierra Leone,Workforce & Human Capital,SA’s GBV crisis can’t be solved in court when it starts in the classroom,https://www.dailymaverick.co.za/opinionista/2026-10-04-sas-gbv-crisis-cant-be-solved-in-court-when-it-starts-in-the-classroom/?dm_source=blocks-category&dm_medium=card-link&dm_campaign=inform&dm_position=2,Daily Maverick,4 Oct 2026,,no,"South Africa’s devastating gender-based violence crisis demands early classroom intervention rather than reactive legal measures. Such initiatives have been successful in several countries, including Sierra Leone.","Isel van Zyl is a researcher and project manager specialising in violent extremism, conflict, and human security.",,yes,no,5,5
Sierra Leone,Workforce & Human Capital,WATCH: Tennessee LB Edwin Spillman’s Incredible Story,https://news.google.com/rss/articles/CBMisAFBVV95cUxOREtzVHJYLUdWNXFhMkZBUXpabllueEdvZWc1RGFZUmJJT1haWm0wVWFWZW9QTkZFRGppcUM2RDZKRElNNGs0UVFDaU9TbnZyQmkyN2lEamptazhzVkdmMllDSEFMNU93ckxrLWpwd29kaXkwTXdhYVU4MGFWVlBiSGRoZHZpNkRVcUxnVDZRRFpOQ3JCMUY2WXZoWVlzUnl0bDlhSk5kRFA2MjhaNmxuTg?oc=5,si.com,29 Sep 2026,,no,,,,no,yes,6,3
Togo,Jobs & Employment,Ecobank Togo Backs Digital Skills With Laptops for 80 High School Graduates,https://www.togofirst.com/en/itc/0510-20243-ecobank-togo-backs-digital-skills-with-laptops-for-80-high-school-graduates,Togo First,5 Oct 2026,,no,,,,no,no,0,11
Togo,Jobs & Employment,EBID backs $390m of strategic projects across West Africa,https://african.business/2026/10/partner-content/ebid-backs-390m-of-strategic-projects-across-west-africa,African Business,2 Oct 2026,,no,,,,no,no,1,7
Togo,Jobs & Employment,"BOAD approves US$78M targeting 100,000 tons of extra rice production",https://millingmea.com/boad-approves-us78m-targeting-100000-tons-of-extra-rice-production/,Milling Middle East & Africa,2 Oct 2026,,no,,,,no,no,2,6
Togo,Jobs & Employment,Togo Partners With Chinese Contractor to Align Training With Construction Jobs,https://www.togofirst.com/en/public-management/0210-20233-togo-partners-with-chinese-contractor-to-align-training-with-construction-jobs,Togo First,2 Oct 2026,,no,,,,no,no,3,8
Togo,Jobs & Employment,Togo President arrives in Kenya ahead of Dangote Lamu refinery groundbreaking,https://peopledaily.digital/news/togo-president-arrives-in-kenya-ahead-of-dangote-lamu-refinery-groundbreaking,peopledaily.digital,29 Sep 2026,,no,Tourism Cabinet Secretary Rebecca Miano has welcomed Togolese President Jean-Lucien Savi de Tovéto Kenya ahead of the groundbreaking ceremony for the proposed Dangote East Africa Petroleum Oil Refinery in Lamu .,"Miano said President Savi de Tové arrived at Moi International Airport in Mombasa on Tuesday evening and is among the global dignitaries expected to attend the landmark event, which President William Ruto will preside over.","The Tourism CS described the planned refinery as a transformational energy project expected to drive industrial development and create jobs, while highlighting its location in Lamu as an opportunity to demonstrate Kenya’s approach to balancing infrastructure development with conservation.",yes,no,4,6
Togo,Macroeconomy,Senate Sets Priorities Ahead of 2027 Budget Review,https://www.togofirst.com/en/public-management/0310-20241-senate-sets-priorities-ahead-of-2027-budget-review,Togo First,3 Oct 2026,,no,,,,no,no,0,11
Togo,Macroeconomy,Georgia’s Annual Inflation at 5.6% in September 2026,https://civil.ge/archives/753376,Civil Georgia,2 Oct 2026,,no,,,,no,no,1,7
Togo,Macroeconomy,Togo Motorcycle Market is among the largest in Africa,https://news.google.com/rss/articles/CBMibEFVX3lxTE9WNG0tUFBUOVg3Mm5XclJOQ0dqbmZaSGFvMkV5bFRBWm9HS1NjR3BIcXJPRFl6alNvUjlrM2JwTGVNOE9rN2VjR2ROV3k1RnlUUExuVklLSTFMdTJuZlExR056M01sdy1YNW1oRw?oc=5,Motorcycles Data,29 Sep 2026,,no,,,,no,yes,2,6
Togo,Macroeconomy,Togo: EBID Starts Preparations for 2027 Investment Forum Featuring 40 Projects Seeking Financing,https://www.togofirst.com/en/economic-governance/3009-20209-togo-ebid-starts-preparations-for-2027-investment-forum-linking-40-projects-with-investors,Togo First,30 Sep 2026,,no,,,,no,no,3,8
Togo,Macroeconomy,Museveni leads African leaders in backing Dangote’s Ksh.2.2 trillion Lamu refinery,https://citizen.digital/article/museveni-leads-african-leaders-in-backing-dangotes-ksh22-trillion-lamu-refinery,citizen.digital,30 Sep 2026,,no,,,,no,no,4,4
Togo,Digital Economy,Togolese and Malian data regulators agree to share regulatory expertise,https://www.telecompaper.com/togolese-and-malian-data-regulators-agree-to-share-regulatory-expertise/,Telecompaper,28 Sep 2026,,no,,,,no,no,1,7
Togo,Digital Economy,Yas leads Togo in national mobile quality compliance,https://www.telecompaper.com/yas-leads-togo-in-national-mobile-quality-compliance/,Telecompaper,28 Sep 2026,,no,,,,no,no,3,5
Togo,Digital Economy,"Ollo Africa, Ecobank Launch Digital Family Savings Account in Togo",https://www.togofirst.com/en/finance/2809-20191-ollo-africa-ecobank-launch-digital-family-savings-account-in-togo,Togo First,28 Sep 2026,,no,,,,no,no,4,7
Togo,Digital Economy,MTN MoMo launches remittance service in Nigeria,https://www.connectingafrica.com/fintech/mtn-momo-launches-remittance-service-in-nigeria,Connecting Africa,30 Oct 2024,,no,"MTN Nigeria's fintech business, MoMo PSB, has introduced its new outbound and inbound remittance service, allowing customers in Nigeria to transfer money to 13 different African nations.","This service will allow Nigerian users to transfer money directly to Benin, Cameroon, Congo Brazzaville, Côte d'Ivoire, The Democratic Republic of Congo (DRC), The Gambia, Liberia, Malawi, Rwanda, Sierra Leone, Togo, Uganda, and Zambia.","Furthermore, Nigerian users can also receive money from six African countries including South Africa, Rwanda, Uganda, Zambia, DRC, and Mauritius.",yes,no,5,5
Togo,Digital Economy,How OnePurze’s 20-country launch exposes the regulatory realities of cross-border fintech,https://news.google.com/rss/articles/CBMickFVX3lxTE5VeHdzNnNFcFMxZUk0TlV2dm1JN0pMY09CX0QwS1FUS25LUEFOWXZiVWlUeURFdV9oQ0dxdkZyOE5kcm5xT28xdV80d1NTY2FNdGwyVGtTQjFQOHJXU0xnR2xYR3BfRmllb3BDMm14akZYQQ?oc=5,Condia,29 Sep 2026,,no,,,,no,yes,6,3
Togo,Governance,"Ghana’s NTEs to Africa hit $1.5bn in 2025, Togo top ECOWAS destination",https://news.google.com/rss/articles/CBMimwFBVV95cUxQMkg1X25uV3ZSYWQ2YWVrcS1DNmhLdnZrZDlVUm9ZOG1uVFB1cy1ISXBaems0ZVNEa1Jwb1pRSF9ScHQ2c0VLVEhuOW1OQTBrZ0JFSThzOWxGbWNGdWhFdnl2MGRLY0NmQWVKTnhJVTVxd09UWkxPellvcjhyMXNKTjdDdTlnR0RzSkNVTzVsQWI5WFZWYVJTZmtfNA?oc=5,Ghana News Agency,30 Sep 2026,,no,,,,no,yes,2,6
Togo,Governance,ECOWAS Bank Rallies Investors For West Africa Transformation,https://leadership.ng/ecowas-bank-rallies-investors-for-west-africa-transformation/,LEADERSHIP Newspapers,2 Oct 2026,,no,,,,no,no,3,5
Togo,Governance,Togo Among Three Countries Covered by EBID’s $10 Million Climate-Smart Agriculture Facility,https://www.togofirst.com/en/agriculture/2909-20206-togo-among-three-countries-covered-by-ebid-s-10-million-climate-smart-agriculture-facility,Togo First,29 Sep 2026,,no,,,,no,no,4,7
Togo,Governance,ECOWAS Bank Approves $390m For Strategic Investments Across West Africa,https://leadership.ng/ecowas-bank-approves-390m-for-strategic-investments-across-west-africa/,LEADERSHIP Newspapers,30 Sep 2026,,no,,,,no,no,5,3
Togo,Governance,Togo’s Business Chamber Courts International Partners for Togolese Firms,https://www.togofirst.com/en/economic-governance/2809-20189-togo-s-business-chamber-courts-international-partners-for-togolese-firms,Togo First,28 Sep 2026,,no,,,,no,no,6,6
Togo,Agrifood & Climate,Togo Expands Space Cooperation with Kyrgyzstan to Support Agriculture,https://www.togofirst.com/en/agriculture/0310-20239-togo-expands-space-cooperation-with-kyrgyzstan-to-support-agriculture,Togo First,3 Oct 2026,,no,,,,no,no,1,10
Togo,Agrifood & Climate,Togo Sets Up Mobile Brigades to Strengthen Environmental and Forest Monitoring,https://www.togofirst.com/en/agriculture/0310-20240-togo-sets-up-mobile-brigades-to-strengthen-environmental-and-forest-monitoring,Togo First,3 Oct 2026,,no,,,,no,no,2,9
Togo,Agrifood & Climate,Hohoe Floods: Mahama donates relief items to displaced residents,https://news.google.com/rss/articles/CBMiowFBVV95cUxOaUc5SFl5ek85WHVWNzk5QmNoQXJjdExYNXhQQmVOcGpWSnV1QjdmT3BlYWNCVzdrd1M1U1lzaUhpZHluaDROdms3MV9vMW9jcXIxY0hoX2pZVjZpbEpWT3pBZE1KRDZTdDRVczhHamhtV1NPWXB6RmQ3MGZGRVJLTVlYbjZ3SVA0a0x6NjFlcU9BVlZTWUhhNjVKcjBPUzk0SHJR?oc=5,CitiNewsroom.com,2 Oct 2026,,no,,,,no,yes,3,5
Togo,Agrifood & Climate,"Togo: FAO-Backed Forest and Farm Program Mobilized CFAF 2.7bn, Reached 22,000 People",https://www.togofirst.com/en/agriculture/0310-20238-togo-fao-backed-forest-and-farm-program-mobilized-cfaf-2-7bn-reached-22-000-people,Togo First,3 Oct 2026,,no,,,,no,no,4,7
Togo,Agrifood & Climate,Togo Plans Pilot Agricultural Insurance Scheme for Young Farmers and Entrepreneurs,https://www.togofirst.com/en/agriculture/0110-20228-togo-plans-pilot-agricultural-insurance-scheme-for-young-farmers-and-entrepreneurs,Togo First,1 Oct 2026,,no,,,,no,no,5,6
Togo,Workforce & Human Capital,"Russia–Togo Commission Opens In Lomé To Deepen Trade, Economic And Technical Cooperation",https://trendsnafrica.com/,trendsnafrica.com,30 Sep 2026,,no,,,,no,no,1,9
Togo,Workforce & Human Capital,LIVE: UN Set To Adopt Historic Map Showing Africa’s True Size | AC15 Man City (ePNxbOlfHT),https://news.google.com/rss/articles/CBMiigFBVV95cUxOcGw2TV9aeGRscEZxWDhubVR1TkxnRkE1SGdyV1hiTklaT19HaU5MMEJiTlhZZXdtd2ctblo4enByR2pkVElQT293SVRLeUpkdE9PRHYwajVLSVI4WFZoajVUZ1ZpS29DUDZrM183Z0VteUxDUEpSQTRPaFk3endKdl9sbW43RFRRMFE?oc=5,Unisba Media,3 Oct 2026,,no,,,,no,yes,2,6
Togo,Workforce & Human Capital,"Togo-Russia: Lomé and Moscow expand cooperation in mining, energy, and science",https://news.google.com/rss/articles/CBMiowFBVV95cUxNcnY0X0daandUaUNENHY4V3g4aTJWaUF4ZTRLU0ViWktiaXhPb3djdk9SOWtwV0ktdlJNZk5mUjBOMk5SeGVZZUsycndXeGVZaEs4ZWN1cnU5dm9IM1N6MUlZSk8tTk9Ea1A5ZnZJem5RNkpvM0FuZE96QVNpRXBMNFhyYVIxZTB5SkprdWFTeTJKR1pnVlFtLW9IcG9HOW9xWmh3?oc=5,Benin Web TV,3 Oct 2026,,no,,,,no,yes,4,4
Togo,Workforce & Human Capital,Australia’s map gap for the Blue Continent,https://www.lowyinstitute.org/australias-map-gap-for-the-blue-continent,Lowy Institute,30 Sep 2026,,no,,,,no,no,6,3
Togo,Workforce & Human Capital,Togo Tests AI Platform to Make Public Services Available in Local Languages,https://www.togofirst.com/en/itc/2909-20201-togo-tests-ai-platform-to-make-public-services-available-in-local-languages,Togo First,29 Sep 2026,,no,,,,no,no,7,6
Zimbabwe,Jobs & Employment,Zimbabweans struggle to rebuild after fleeing xenophobia in South Africa,https://news.google.com/rss/articles/CBMiswFBVV95cUxQc2R2SERRbWtrS1YzVkxQS1N0SEM0cmtIbmhLeWlaX0hnMVlRb3U4RVdoc1FzRTFFVzdhVHRaU2U0dVFBY2FyTDNvSEtaSGp5Z1pCYk54czVKN0M1ak04Z09wR2N0LVJmZ1Mtc2pxLW1wOUNvNmVJeTU1Z3VoVnR3Y3VxOGZFX0dUSF9XWnRvR18tNHF5dmsxUEFObUNFbmxxUEJZaU9MVXRKLW9ITkRTajVJWdIBuAFBVV95cUxNdktQc3IzRlhvQ0lBRTJFdF9jWkxUeWs0bzk3c3VmcDNTQ2FWVXRnSTVLS3RrX09xTDR2QU9ZcHlsdjdwdVlGSndWM0ZsTmo1Nndvc0w1amhRTWtzVzVSSmQyb1hlM3BpaXJXS2FudlNoZkZnM3BuVFA0LWtLM0ZxVEdUTEZTVXZ5MWZLcFc1bnJoZE16MFdOcG5TQkZrTGFqVHVtenBpS2pEV2pmQTF0eGhIeEpQZkp6?oc=5,Al Jazeera,5 Oct 2026,,no,,,,no,yes,0,8
Zimbabwe,Jobs & Employment,Independence and decolonization in Southern Africa,https://news.google.com/rss/articles/CBMioAFBVV95cUxQNTJsQzY0ak5Hd0FlSTZ0NUhxbXZRbnJMdjMyUnRHRjhnVUU3S3hNU3dOTG1keUwxdmZiVW9jYnoybTZCa2YyZFBfd2R0aHg0SjNkSFg4WGtsSTV0ZmdZbEh0cWs4MVFjdkNkM1B5RUR5OFpBelBCa0tDZm5mTXA3WUhJbzF5M1FZMnJvSktXNGdjcThBNjFoWmo3dTFoZFlF?oc=5,Britannica,2 Oct 2026,,no,,,,no,yes,1,7
Zimbabwe,Jobs & Employment,DR Congo Beats Zimbabwe 2-1 in AFCON Qualifying,https://news.google.com/rss/articles/CBMijgFBVV95cUxPLThSc0V6REdkSHJOTFNhOFZuRXpRZ1hWMVdFZ21CX1pCcHlYUHRrUEJrWld1NklreF9oUnFjalgzR0FCUXY4cndjZ1NDNUo0d3hFVm1lT2FlTlQtajljLWtRMkxreS0tOUFGeEFIcUI4SlA4eko1c19scTFLT3I5MWFqZUl6RllSRlZxUUdR?oc=5,247sports.com,28 Sep 2026,,no,,,,no,yes,2,6
Zimbabwe,Jobs & Employment,"Geo Pomona: Ngozi Mine Resident Demands Alternative Housing, Jobs",https://news.google.com/rss/articles/CBMiwAFBVV95cUxPYldfZ2MxS2Z3YVVMRl9fQ0FBdzBLM1FCMkxxMks5eFlwX28zRERET2hucGgxM3N6ZlRobkJGWHBMcE5RZ0lpQVM2UHpUSldlODdBdmkxLUZ1eXdjZzJnT0tRa01WSXhDTDhqZUtQNkFDUnZoTS1zTnZ2WFZfOFNXWElBaGZGdHNZQU5QVXdIYXpIXzJUc1RTSmZiNjlMcGQxaWVjVmFZVEtuSTRLQ3E1MFlMYlFpU09NTDNCOERIWTc?oc=5,Wansom AI,28 Sep 2026,,no,,,,no,yes,3,5
Zimbabwe,Jobs & Employment,Zimbabwe: Ruto Mourns 'Dear Friend' Chivayo After Zimbabwe Helicopter Crash,https://news.google.com/rss/articles/CBMiW0FVX3lxTE5uWlRhZWwxSVAtVTRLeHFJa2JDUkRYQ2ljZ21MOTRONFRmMUswRWpNaTZsZjJ5OUdTNUZkTDlSdUx3MXV5MTdEWU9ZQ1BvRXJJNjlZNFBXZERYUms?oc=5,allAfrica.com,1 Oct 2026,,no,,,,no,yes,4,4
Zimbabwe,Macroeconomy,Zimbabwe Cuts Policy Rate to 27.5%,https://news.google.com/rss/articles/CBMijAFBVV95cUxNbjJ0ZlpyZ3VkcWh1SlRKZXBPV3ZEdllLZ2RyR3paTmRrcUM2X0ExYU5FU1NrVFJHY3NlUDBRSmdTUzk5QUpIc09oOXppVnBibDgwd1U4OTZ3TUZyZGhTWE9OcG5fODVnVC1wNGdkbkRWWnZueDgzb252bS1NYndVVFRMWmU1MW4zcnowRw?oc=5,TradingView,1 Oct 2026,,no,,,,no,yes,0,8
Zimbabwe,Macroeconomy,Zimbabwe Cuts Rates Amid Low Inflation,https://news.google.com/rss/articles/CBMigwFBVV95cUxQaFRaX1dvaVN4aHFxcVM4azgzLUkwc0FueFRPcm9CbFJSNkF3UVB5TjUxUWhKLVRuQzRBM182RkpVMHNYc2NzeWVYam1EM3NXTFNMM2ttcld3U1c1RGJQUDY4Qm96ejkzZjFFZXo1TGFBaURwWXZJU2lEZ0t5MmcydUQ2aw?oc=5,Briefs Finance,28 Sep 2026,,no,,,,no,yes,1,7
Zimbabwe,Macroeconomy,Top 10 Central Bank Interest Rates in Africa in 2026,https://news.google.com/rss/articles/CBMijgFBVV95cUxPOTZKRlBwYU56Q2RxVG81WWRERExCQWEzOEp6TWFWczMtOVV6Q3U4Ykc2NDREa2R5YWFCZU9wX05WUzJ4anM4SkV5ekFzMWtrYVBTNlJIcTA2bzR1QlNjdlQ5N2hnU2Q1Qkx3VHZmajNmLUhGT3BtQWExTzhfTm5MTEs4S3o2YkJyaDg5UHR3?oc=5,africanexponent.com,4 Oct 2026,,no,,,,no,yes,2,6
Zimbabwe,Macroeconomy,Zimbabwe has now paid R8.5bn to white ex-farmers,https://news.google.com/rss/articles/CBMiowFBVV95cUxOQk5QVElUWXlSU2plY3NROWZUNHUyMXJGWm42d1pBWlgwdldoZFNkemppcjY4M0xicm1zclk3bE5SbGdfWTg3VVFjSjRRZGo3NVVUQ29HeWtvS2NnWFVSVThCQlI0UXNadzRYMHVXdFZYbTZ3dlEzdnR5VEFRcG1zWm9qNzM0c3pMNzFabzNvTm1OR0sxLUQtaS1ZNWowd1R5TE9n?oc=5,news24.com,1 Oct 2026,,no,,,,no,yes,3,5
Zimbabwe,Macroeconomy,Mnangagwa Highlights Economic Stability And Mining Growth In Zimbabwe,https://trendsnafrica.com/mnangagwa-highlights-economic-stability-and-mining-growth-in-zimbabwe/,trendsnafrica.com,1 Oct 2026,,no,,,,no,no,4,6
Zimbabwe,Digital Economy,"Zimbabwe Admits 7 Fintech Projects to Regulatory Sandbox, 4 Focused on Tokenization",https://news.google.com/rss/articles/CBMiwgFBVV95cUxNNlpaU3VlTjdSMFFRaU1rLVpsZHlKS2VjaEJ1a2VuWjRQVTRmVGZ0cVJITlUyYkg0d1g5ay1vdDZrSkIzemNfTWExbm0xdDRUeUtFZ1JJTnlRT01qeFBuYlI5R2x4bGVpMTRTU2RQdXpzcmN2d190dDhTc19xTnozVHRacHQ5UE1lT21jSjk1cHVXaktvbE83eWJPNm1GdjdrZnBvNXJhaTM3aEN5cFBBNWx3WmVUU1FoNDhjQ0hDa1VyUQ?oc=5,CoinMarketCap,2 Oct 2026,,no,,,,no,yes,0,8
Zimbabwe,Digital Economy,tech bros.,https://www.linkedin.com/uas/login?session_redirect=https%3A%2F%2Fwww.linkedin.com%2Farticle%2Ftech-bros%2F,LinkedIn,30 Sep 2026,,no,,,,no,no,1,7
Zimbabwe,Digital Economy,The convergence imperative: TICON Africa's policy case at Livingstone 2026,https://news.google.com/rss/articles/CBMiqgFBVV95cUxNZUJZSXlNdFJJbkdhRlVDY2xTNGctNndxZEpaTXcxdU1RcE5OMEpFT3I4UDZtT2pScGNUekliV1c0eTVOS0FwYWhXdDg2ZGxDUjlFVHZaZHlkOFI1RFZreHNGNWVEU3lZZDFpcG0xdmxvNHBMS1ZVeFMyUTlyRkxhTVBWYnRJRk05YzlXUXJoRXRvbHF4MEMwNnk3Zmlwbks5SmxLTnRtUHpiZw?oc=5,Business & Financial Times (B&FT),1 Oct 2026,,no,,,,no,yes,2,6
Zimbabwe,Digital Economy,Catalá Names Warriors Squad for Crucial AFCON Qualifiers,https://www.facebook.com/sharer/sharer.php?u=https%3A%2F%2Fwww.263chat.com%2Fsearch-dzamara-goes%2F%3Fq%3DCatal%25C3%25A1%2520Names%2520Warriors%2520Squad%2520for%2520Crucial%2520AFCON%2520Qualifiers,263Chat,14 Sep 2026,,no,,,,no,no,3,5
Zimbabwe,Digital Economy,Zimbabwe's EcoCash to grow USD mobile money transactions,https://www.connectingafrica.com/mobile-money/zimbabwe-s-ecocash-to-grow-usd-mobile-money-transactions,Connecting Africa,10 Oct 2024,,no,Zimbabwean mobile money operator EcoCash has announced that it will increase mobile money US dollar transactions on its platform.,"The announcement comes after the company noticed that the circulation of US currency in conducting formal transactions is on the rise, surpassing the use of the Zimbabwean dollars.",To make the most of this opportunity the company said it is focusing on growing the mobile money US dollar transactions distribution footprint across the country.,yes,no,4,6
Zimbabwe,Governance,"Zimbabwe - Elections, New Government, Democracy",https://news.google.com/rss/articles/CBMigwFBVV95cUxPNzZqVGVYNzF6UVpVeFEybnRkVEJzNHJ4YTJnVEYxSm1wNGdicjU4cE8xMnE4T0JidGxOT2Fpb1pUaE51NFIyVDhCejNFOEtiTV9OTUNmUVVlNEw2TUo4MmwyZEZocXBpS1BnQlVKdUlTSURzWl8wRkdLOFNfZ05MSzNqWQ?oc=5,Britannica,2 Oct 2026,,no,,,,no,yes,0,8
Zimbabwe,Governance,From Standoff to Shutdown: Trump’s Diplomatic Failures Would Trigger Collapse of Healthcare Systems and Services in Zimbabwe,https://news.google.com/rss/articles/CBMi3gFBVV95cUxQSmlLQUNqSUxLV3lRTjREUTBTSmhiMWY0ZHhXal9lclhMeTczSUlsSGF5aTNQeDVpY0VjUjFxcmhuREh3Z05sdzVrS29DWDBab1VmZXVtYVpJbEJ1NXZ6Y0xQdlpJbU5PMEpHaVJIRHVnMXh4ZlJEQldPQzFnTUxlU1BGMEZvbzhTLTN0S052LTlDNUprOC0zSmhNZ1N1cDB2cEt6SnJyVmp5RDhHa2o4UFZ6V0lVQ2FUSUxSSzFUeUZ6NGpFcFNQYW1uNWxxd3I4Y1BXUlRlWFZIa05md2c?oc=5,Health GAP,29 Sep 2026,,no,,,,no,yes,1,7
Zimbabwe,Governance,Wicknell Chivayo dead: President Emmerson Mnangagwa mourn Zimbabwe businessman wey die wit im wife for helicopter crash,https://news.google.com/rss/articles/CBMiXkFVX3lxTE8tNkVIYVlQeUxTUUVWZ1B4TlkyaWowd29VZnZHSEpKU2VLYmd2QS1xdDJlZ0ZuNFhqTHEtX1JqN3VXYlBBeWF0LWR1QkFXUjR6Uld1Zk1GdXJ4UHAyM3fSAWNBVV95cUxPdmt3TGF6R2V4NThUODRDMUlsU3pXdENmLXcwcVFxUDlwUTNQSUdoNXhyYlNNUG9QZzJ5dXJaQ0k0bG5vQlhkWGVHS2JzdVZ4MG4xX2htRDdxTUJFd05YWFJnYTA?oc=5,BBC,1 Oct 2026,,no,,,,no,yes,2,13
Zimbabwe,Governance,Zimbabwe businessman Wicknell Chivayo dies in helicopter crash,https://www.theafricareport.com/432069/zimbabwe-businessman-wicknell-chivayo-dies-in-helicopter-crash/,The Africa Report,1 Oct 2026,,no,"Zimbabwean businessman Wicknell Chivayo has died in a helicopter crash east of Harare, alongside his wife Lucy Muteke and four others. The aircraft came down in Marondera Rural on 30 September, with authorities reporting no survivors.","The helicopter crashed after leaving the family home in Gandami, about 144km from Harare.","“When it crashed, it burst into flames,” family spokesperson Herbert",yes,no,3,12
Zimbabwe,Governance,Gachagua claims Zimbabwean businessman Chivayo held Ruto’s Ksh.1.5T before fatal crash,https://citizen.digital/article/gachagua-claims-zimbabwean-businessman-chivayo-held-rutos-ksh15t-before-fatal-crash,citizen.digital,5 Oct 2026,,no,,,,no,no,4,4
Zimbabwe,Agrifood & Climate,Zimbabwe to build 600 thsd ton grain reserve amid drought-related supply risks,https://ukragroconsult.com/en/news/zimbabwe-to-build-600-thsd-ton-grain-reserve-amid-drought-related-supply-risks/,UkrAgroConsult,1 Oct 2026,,no,,,,no,no,0,8
Zimbabwe,Agrifood & Climate,"President Mnangagwa highlights economic gains, warns of drought risk in Zimbabwe",https://news.google.com/rss/articles/CBMiugFBVV95cUxPdEcwaUR1eEZuUWxjMlVxREV2czNhejRQX1N4MGE5RzVyMzc2OWcweXNXdTh3X0ExQ3NSSG5OaHJPS0gwQWx6ZThRVEF6bWJLbHFMUlgzR0lmLWRkZ005MDJES3hOR1dOV0FaMVlvVVZHdl9SNnpucnpETWxHc2V1MWVHdEpqWGFhSnBYNzhjRzB3TGh2aU1sQTdpMWZFZWQ4NXpMMFF5MTQxNGR4d19RdGVVRWRPZXowakHSAb8BQVVfeXFMT3cxYWhJdEJNMWN6NFczUHVHOVVBX0RCYkFZM2NOaVdBS1A2Z0M1S3dNZTFRUFlXUmhZVGZkM3hrNXdDSTBJUmF0RmtQTXVGRmhZRUdqOG1zLURUQ0dpY2FkTmVIQ0poalRZSHV6YXp3ekhwbHVlZlRIVjZuYWZNWnlvbFFoSEs5NnF4WldyZ2tCbmVFSFRKMWs1MnBZbV9abHJtdnlJSjR3VTdxNDNsNjdRUXJHRTNxQjJuUldxbzA?oc=5,africanews.com,30 Sep 2026,,no,,,,no,yes,1,11
Zimbabwe,Agrifood & Climate,BII commits $65 million in Zambia and Zimbabwe to strengthen financial markets and unlock investment in frontier economies,https://news.google.com/rss/articles/CBMi-AFBVV95cUxQdDUyazdFdFhWOVRFSFRyS2hVLUhlZEIyelN5dU0tb1lVcmtqXzA3cEp0bXlXV0N5TVVUam5aTnNnTkZ0S1Zra1doRmFrYkNxUkRiWWh5TnhLYU04eXRpbm84d3BwTU85TFRWVWwyMjBUZ182WnRmTGJKR1V2cGI2MEp0ekM2MER4bE1QUGtUNEQ2QTNHNmtIZ0dRaGNXTGQzS0FoRGVVSW1RUFIyZ1Q3eDZRMFNHUUVEemNWVTI5YnRlcEx6Qy1WWWp1MU5tN2JvY0VRaVhxUlVsN09CLW81SHFZd3VzcXlOcVFEdzBKRUQ1WVFZZ0t2Rg?oc=5,British International Investment,28 Sep 2026,,no,,,,no,yes,2,6
Zimbabwe,Agrifood & Climate,"Zimbabwe - Key Message Update: Forecast El Niño-related below average rainfall likely to impact livelihoods and markets, September 2026 - January 2027",https://news.google.com/rss/articles/CBMiiwJBVV95cUxQcV9YUlFrbFZ3cElfYnB3c2lYem1yLTRONC1ZWUZiZGZYS2t5NGNBTnZBaEFYb1JFWkhyME9wT2sxNEJjZXhwVkxhM0cxR09neHBkYmNPRzBtRTBPUzZYYm1UQjFZYUdyWHJDWEgwdzRMR1o2UXktLWZ3SU9xMExUU0V3N3BoXzI3TDZkSHNfMTBtVkNnMm5oZ19HbHhjQmJxRHlXcTBLUW9QeWdsOXp2VmhlRnF6SHlwMkl5WThlZm1oWExOME9LRE55aFc2WjY0bXl1Q0RJRHQ4eGtvMURJS3VpRE10R0ZuQVVyN0pXeU9ZanRJTnVPdWxOTWJYZGF5MUZEdk4xaGI2U1U?oc=5,ReliefWeb,1 Oct 2026,,no,,,,no,yes,3,5
Zimbabwe,Agrifood & Climate,Seed Co-op Launches SW9104 Wheat Variety as Jiri Outlines Six Pillars for Sustainable Agriculture,https://panafricanvisions.com/wp-login.php?redirect_to=https%3A%2F%2Fpanafricanvisions.com%2Fsearch%2FSeed%2BCo%2Bop%2BLaunches%2BSW9104%2BWheat%2BVariety%2Bas%2BJiri%2BOutlines%2BSix%2BPillars%2Bfor%2BSustainable%2BAgriculture,pan african visions,30 Sep 2026,,no,,,,no,no,4,4
Zimbabwe,Workforce & Human Capital,"Zimbabwe Activist, CAMFED Win Seoul Peace Prize for Women's Education",https://news.google.com/rss/articles/CBMiiAFBVV95cUxOZ2NjOW4teWVlWG5FWS1xQlAzM1JVZDB1ZHVGdWl3TlVBZGdqa25CdmtVUXNWdTlHU3ZnX1pTdUliX0J5dDJfQUxzMnJPOE0zMElHZU9BRzdYc042Smd3WEhOVDRlckhwUGI5aEpWVzZ1WmV5YlpsYllTMjJzd0IteENneDdUOWxE?oc=5,조선일보,30 Sep 2026,Women,no,,,,no,yes,0,8
Zimbabwe,Workforce & Human Capital,Zimbabwe's women's education activist Angelin Murimir and his international girls' education organiz..,https://news.google.com/rss/articles/CBMiU0FVX3lxTE1GWU1qdUdRSFRjbGVlQmNQRW9zVS0tOVRkWjQtaTdWREhLNXpFNzRoLWlMRUV4RFVrOHRDb21RVlZZVm5IcGZqMkI1X3Rhb2lLcWM0?oc=5,매일경제,30 Sep 2026,Women,no,,,,no,yes,2,6
Zimbabwe,Workforce & Human Capital,"Zimbabwe - Culture, Traditions, Arts",https://news.google.com/rss/articles/CBMiZkFVX3lxTE13RjBJaWVTNWxibmFmcktmb19tN011QU1xQjJkOVp1TkQ5aTdESDhJWEw2dlNIaW1sLWVKWDI0MzV4LVlqbUVMQWZTZ3hWUWlVcUJ2a0YtMnVZcWVCVjdHMGNvdWNJUQ?oc=5,Britannica,2 Oct 2026,,no,,,,no,yes,3,5
Zimbabwe,Workforce & Human Capital,"15,000 Dogs a Year: Stop Rabies Expands to One of Zimbabwe's Most Remote Districts",https://news.google.com/rss/articles/CBMivgFBVV95cUxPOVplaS1jc3dBUG5sMmJ6OXkwSWMzMWgwTk11R296Z0FIR3hYdlBRNk1ZUGVJbFhvdldkOHp2TnRXRkZPbUpNTl9lb0pzMHp3U1BLMjZhN09VT09XVWRuS1RiVy1sNElPSS1YSVRoeG1EWGV1V2hnQmFWXzF1NHV5T2dPbzViZU9qenVJQjMwNVpTZ3dYZmtjdm9rVk9mNVUyekh0SlRHaEhXRUhkcGJDQ2h5Zkx6VU5WM0dKUDd3?oc=5,Vet Candy,29 Sep 2026,,no,,,,no,yes,4,4
Zimbabwe,Workforce & Human Capital,How did Wicknell Chivayo make his money? Inside businesses and deals behind his wealth,https://peopledaily.digital/insights/how-did-wicknell-chivayo-make-his-money-inside-businesses-and-deals-behind-his-wealth,peopledaily.digital,30 Sep 2026,,no,"Wicknell Chivayo built a highly visible business profile spanning energy, infrastructure, telecommunications, petroleum and logistics, eventually becoming one of Zimbabwe’s best-known businessmen.","His wealth attracted attention because of his expensive vehicles, properties, travel and large-scale giving.","But behind the public lifestyle was a portfolio of companies and investments, with Intratrek Zimbabwe emerging as one of the most important names associated with his business career.",yes,no,5,5
Central African Republic,Jobs & Employment,African Development Bank and Central African Republic agree to accelerate delivery of priority investments,https://www.afdb.org/en/countries/central-africa/central-african-republic,afdb.org,30 Sep 2026,,no,,,,no,no,0,8
Central African Republic,Jobs & Employment,"Central African Republic - Economy, Resources, Poverty",https://news.google.com/rss/articles/CBMic0FVX3lxTE8tWUhoRS1tek9qdklTaEROdEVQT3o2aWJCVU9oenhwd1ZQTnZmanpnS193SEEzdDFPTG5GS1RQTms4d3RJdDVRRFhvQU54YWFoQVR4SnJMR1hQTG43S3BMcU9HVVlZN1puT3FGNEg5NDYySzQ?oc=5,britannica.com,1 Oct 2026,,no,,,,no,yes,1,7
Central African Republic,Jobs & Employment,Fragmented Policies Hold Back Agroecology Adoption in Africa’s Congo Basin,https://www.globalissues.org/news/2026/09/29/44206,Global Issues.Org,29 Sep 2026,,no,"YAOUNDE, Cameroon, September 29 (IPS)  - Agricultural, land, forestry, environmental and trade policies in the Congo Basin remain compartmentalised at country levels, leaving proven agroecological models trapped at pilot stages due to a lack of advisory services, organic inputs, market outlets and sustainable financing.","In a declaration made following the Second Congo Basin Convening on Agroecology held in Yaounde, Cameroon, in August 2026, experts and activists, as well as government representatives, observed that the Congo Basin does not end at the borders of its six countries.","“The trade corridors, timber and charcoal markets, mining, energy and infrastructure investment, transhumance and pastoral movement, displacement and refugee flows, and shared river systems mean that the decisions of neighbouring states and regional bodies can protect the basin or degrade it, and that coherence between them is a condition of success,” reads part of the Yaounde Declaration 2026.",yes,no,2,8
Central African Republic,Jobs & Employment,UN Human Rights Council 63: UK Statement for the Interactive Dialogue on Central African Republic,https://www.gov.uk/government/news/un-human-rights-council-63-uk-statement-for-the-interactive-dialogue-on-central-african-republic,GOV.UK,2 Oct 2026,,no,The United Kingdom thanks the Independent Expert for his report and welcomes the Central African Republic’s continued engagement with this Council.,"We welcome progress in strengthening democratic institutions and promoting stability since the 2025 elections. However, we remain concerned by ongoing human rights violations and abuses, the continued insecurity in parts of the country, and the impact this has on civilians’ access to justice and basic services.","The UK supports efforts to strengthen accountability, uphold the rule of law, and promote inclusive political dialogue. We also recognise the important role played by the MINUSCA in protecting civilians and supporting long-term peace and stability.",yes,no,3,7
Central African Republic,Jobs & Employment,Non-Farm Payrolls (NFP) Employment for September 2026 - Previous: 162k Forecast: 84k,https://news.google.com/rss/articles/CBMipwFBVV95cUxPUk1XS3g0el9ocVJOU2NGeTdNQVVydUx0T3ZpWk9vWmFIa0JCUk9mN05oTTVyZFZqLWdReG1FZmpXNWhCUGRpUGttNlFkdVU3RUNUWk96ODRMZGRkVWx1Tl8yeExyOFgteUFzczFXNS0xazdtWlFQVE1ydkhBeWNNNzEtS3Z2RXlwUGk0VTRBeGsyMEI4Z0pHcWF5NmNEYkFTbkVOMVlZaw?oc=5,EBC Financial Group,30 Sep 2026,,no,,,,no,yes,4,4
Central African Republic,Macroeconomy,Global Inflation Tracker,https://www.cfr.org/articles/global-inflation-tracker,Council on Foreign Relations (CFR),30 Sep 2026,,no,,,,no,no,2,6
Central African Republic,Macroeconomy,Republic of Equatorial Guinea,https://news.google.com/rss/articles/CBMidEFVX3lxTE93YlFaazNLX3ZvS2NfYXhJaUJPS0xMRDhGQU1PZThONjlnSmNnWjhBY1RGVmpscU5SMkRlNTFVT2VhRnlRLV9KNGV4ekl0Uk1sNWZLb3lRV0p5dDJsbENrcndMNTJXcVAwclltaTYwU1FSYnBi?oc=5,afdb.org,1 Oct 2026,,no,,,,no,yes,3,5
Central African Republic,Macroeconomy,10 poorest countries in Africa 2026,https://news.google.com/rss/articles/CBMifEFVX3lxTE05Rm9ndG9aNERGTEZVYTl2ZGsweHZ1ZFVGekdxbV9wdXNYVFNvd2p4My1BYzBXbndWT0hicHk4bFpsa3h1N0F2WXJuNjJxRkI5U3VhbnR0a29FTzJadW1MUGM4alNBS0RqNTR0aks3Y2xXWThONlJpZW5RRmTSAYIBQVVfeXFMTTkzNm1Zdzh4ZlM1MXdpcE1VY19iRUg0ZUNQbHhRUHRuV3JEU3NfNmNTb1VJWjlJLWZfX2JxdmhIVlh2SEMxOWJ3c2VLdHZoeUJVR3pZN0Qxenp1NElWY25oWXV6TExjUUhrVjFHNHJnUXBwV2NnNkR0OUtvVHBXMUw4Zw?oc=5,Vanguard News,1 Oct 2026,,no,,,,no,yes,4,4
Central African Republic,Macroeconomy,UK 30-Year Gilt Yield Hits 6% as European Stocks Fall: What’s Driving the Selloff?,https://news.google.com/rss/articles/CBMiiAFBVV95cUxQZzZiTFhBUnlUc3ZCbk1HQkJ1Nmt3UnZUb3ZJWjg5Qmx2VUhaajRsZ2d1b19SUF9Cb3RNbElMMVlJQ1JHa3Z2OUFxbHJZTkZUS2lhYmJkTmdzMnctY0JkaENPNGFtV1Q3U0dudzdUWWZXZzU2Zi1jSFVYTmtrcFpibjNsYnppeVBo?oc=5,EBC Financial Group,2 Oct 2026,,no,,,,no,yes,5,3
Central African Republic,Macroeconomy,Gabonese Republic,https://news.google.com/rss/articles/CBMiZEFVX3lxTFBqUTJsQkRMN2lFM2dfaHFRZVRCUXFYdW9fNUhoZkRCTV9tc0ZtNTJIRFItZ3gyZzN6dGFqVmt5TFNldlFzNzBqYUZiQ19qWDJ1cWw1clI3YlE4NEI3amVVOG9nUE4?oc=5,afdb.org,1 Oct 2026,,no,,,,no,yes,6,8
Central African Republic,Digital Economy,MTN's Bayobab to manage Central African Republic fiber infrastructure,https://www.connectingafrica.com/fiber-networking/mtn-s-bayobab-to-manage-central-african-republic-fiber-infrastructure,Connecting Africa,11 Oct 2024,,no,"Bayobab, a subsidiary of Pan-African operator MTN that specializes in telecom infrastructure operations, has secured a contract to manage, operate, and maintain the national fiber optic infrastructure of the Central African Republic.","This public-private partnership contract aims to improve connectivity in the country by providing wholesale Internet services to telecommunications operators such as Orange, T�l�cel and Moov.","Under the 15-month agreement - signed by the country's posts and telecommunications minister, Justin Gourna Zacko, and Bayobab CEO and Chairman Frederic Schepens - Bayobab will sell wholesale Internet services to the country's telecom operators.",yes,no,0,10
Central African Republic,Digital Economy,Anthropic report: Is Russia using AI for disinformation in the Central African Republic and elsewhere?,https://news.google.com/rss/articles/CBMizgFBVV95cUxOazlNYnZxZmdrTTV4TGdjQUJtLXlzY0M3bm8xWFRwdGhYTDBKR2tQT1NEWlpoeEZJUGI4TTRJakpBc0liSDQtZTNEZmZUZV9kUHNYMmIzM0xsbU9FaERadjFtRDNxVGdOb2Z6M1pmNkZxcUppNzlyMFNpNFdOc0dMQUF0MHR2bTNqYXM2Rk84cVdTdGk5RHY0cXVvX0tObC0tZjdGTm9DNDhEdlFuek03X0pramxKM0YwSnRCUFBxZzVQTG9ucjJYR1NuV1hSUdIBzgFBVV95cUxOazlNYnZxZmdrTTV4TGdjQUJtLXlzY0M3bm8xWFRwdGhYTDBKR2tQT1NEWlpoeEZJUGI4TTRJakpBc0liSDQtZTNEZmZUZV9kUHNYMmIzM0xsbU9FaERadjFtRDNxVGdOb2Z6M1pmNkZxcUppNzlyMFNpNFdOc0dMQUF0MHR2bTNqYXM2Rk84cVdTdGk5RHY0cXVvX0tObC0tZjdGTm9DNDhEdlFuek03X0pramxKM0YwSnRCUFBxZzVQTG9ucjJYR1NuV1hSUQ?oc=5,dw.com,4 Oct 2026,,no,,,,no,yes,0,13
Central African Republic,Digital Economy,"Central African Republic - Conflict, Poverty, Instability",https://news.google.com/rss/articles/CBMif0FVX3lxTE43d2g2Q1AxcHh3N3FsRFNOUTFxRUZacUJNUkpoZl9QeGFQZkY5R2V2VTlISnAzTTR3TWtTYzlJTUxTNlM4cjAzN2Nkb0FXbWxkbjZ3cUw4dzdSSmxBZ2lpNFR2UVN1c0pXVEN0V1ZKQk94ZndUYkdZR2FESzJ1azQ?oc=5,britannica.com,1 Oct 2026,,no,,,,no,yes,1,7
Central African Republic,Digital Economy,Russia Accused of Using AI Model Claude in Pro-Russian Campaigns in Central Africa,https://news.google.com/rss/articles/CBMiqAFBVV95cUxOX0NQSElZdDZQSmFwTWEyNnlsZkJlR082dHBCWlRpcFFpRUk4VHh3eHo2N3dZWUpSeGkwQS1kRUEwSmVGQXNpSnJuU0VpcHRQZ2xwSjV4Nk40azhQX0sxbmRaQTUyV09JUTFrazlvc2RFUjl4SnFMSmpYMVl0MVVMMnBNcXNBS21LTG5CczRSVjNVZjQ1M1JVcElKak1LWFRibVJzTXpTbnM?oc=5,nacionale.com,4 Oct 2026,,no,,,,no,yes,2,6
Central African Republic,Digital Economy,Anthropic says Claude was used in pro-Russian campaigns in CAR — Deutsche Welle,https://news.google.com/rss/articles/CBMiugFBVV95cUxOdmJldUg3MkVyRlB6a0xfZTQzSjZVYi1VVlNacjU4c1FPMjJXbTQ4S29JTEFURTJ5X0h2Z3lfNEM4QnRUUTdXaEZnNW1SOEVwRDBXZVpKdHdhU0UtOVZ6eDJCQ3lHTTBIczltT05PUHhsR1l5RGxwa2xZSmozU09QaUV3T3ZOLTUzblRodUZGTERlcmVEdmpDQTR6cjFtRUNKSEFoaTNOWDhXQmhXaFdDUE0wZTBpTnA4Umc?oc=5,UA.NEWS,4 Oct 2026,,no,,,,no,yes,3,5
Central African Republic,Governance,"Atrocity Alert No. 496: Ethiopia, South Sudan and Central African Republic",https://www.globalr2p.org/publications/atrocity-alert-no-496/,globalr2p.org,30 Sep 2026,,no,"Ethiopia is facing the prospect of nationwide conflict as renewed war in northern Ethiopia converges with ongoing violence in Amhara and Oromia. On 21 September seven groups, including the Tigray People’s Liberation Front (TPLF), the Amhara Fano National Movement and Oromo Liberation Army (OLA), announced the creation of the Ethiopian Peoples’ Forces Alliance for Survival, which aims to overthrow the federal government. Days later, the TPLF – whose forces fought the federal government and its allies from 2020–2022 – seized key regional airports and advanced into the Amhara and Afar regions. Fighting intensified over the weekend, with the Ethiopian National Defense Forces (ENDF) reportedly retaking the strategic town of Alamata while TPLF-aligned forces advanced further into Afar. At least 150,000 people have been displaced in Afar and telecommunications across Tigray remain severely disrupted. As of 25 September, Médecins Sans Frontières reported that their treatment centers received at least 720 “war wounded” people.","UN Secretary-General António Guterres called on all parties to “exercise maximum restraint, immediately de-escalate tensions, protect civilians” and return to talks under the Pretoria Agreement (CoHA).","Before the large-scale fighting, the CoHA was already under significant strain amid escalating internal and regional conflict risks. Fighting between the ENDF and Tigrayan forces resumed on 1 August, with sporadic clashes continuing. Tigrayan regional authorities accused the federal government of launching airstrikes affecting civilians and civilian infrastructure. In August an alleged ENDF airstrike hit a residential compound in Mekelle that wounded 13 civilians, including seven children, prompting Human Rights Watch to call for an investigation into war crimes.",yes,no,1,9
Central African Republic,Governance,"Central African Republic - Constitution, Politics, Governance",https://news.google.com/rss/articles/CBMiigFBVV95cUxPcEUxakZybGxlakl1V3MxUmhNb09iaU9laFZzR0tZbWlIb3RsdlF5U0JQSmttNTY0NlltRlQwbVNnNms0czB1cFhPcG1JTUIzZ1R3TjRwNkxfR3Y0ODJMT2lvM2kyRXBGeGY1Y0g0T3BHaTdreDh5d0tjQi1oR29KbTlmUkxHbW9ucnc?oc=5,britannica.com,1 Oct 2026,,no,,,,no,yes,2,6
Central African Republic,Governance,"Overview, October 2026 Monthly Forecast",https://www.securitycouncilreport.org/monthly-forecast/2026-10/overview-94.php,UN Security Council Report,1 Oct 2026,,no,,,,no,no,3,5
Central African Republic,Governance,SCOTUS Temporarily Allows Trump Admin to Deport Immigrants to Third Countries,https://www.democracynow.org/2026/9/30/headlines/scotus_temporarily_allows_trump_admin_to_deport_immigrants_to_third_countries,democracynow.org,30 Sep 2026,,no,,,,no,no,5,3
Central African Republic,Governance,Is Berberati Safe for Travel RIGHT NOW? (2026 Safety Rating),https://news.google.com/rss/articles/CBMieEFVX3lxTE5oaE5iZnhYNHVWeWk3a0dqOEdpUFlFNXhLYnhtMzdabDQyaGwyaFpSTjJQUVhGY2RKWm1CTGZjSEwza0NfcGZ1YVkxYkU5MnVadFJ3ai13c0lYVkNVLVNFSDgyUzFqckRCdy1MTVhyLWVvLXNHbklFaw?oc=5,Travel Safe - Abroad,2 Oct 2026,,no,,,,no,yes,6,10
Central African Republic,Agrifood & Climate,"GCF Regional Dialogue in Accra seeks to scale up climate investment across West, Central Africa",https://news.google.com/rss/articles/CBMiyAFBVV95cUxQZDFOaFRMWWl2M01GR3lmY0VKOFFqLXVobFpxUDIybk9XS3ZpSG01UzB2Wkpjb1JIWXNkOTBpZVZCUVltUWQ1ZngzcHpiZXd3WFdNY2dKTnNhdWJCRS1ScU1CVjdnQTUwNjd0MFozd21SN1NNcXRiREZaRmlsRjY0YUpETFQtYU03V2I3WVQwbjBEbW8xTEU4c0N3VkdBcjdROUJxbTdBSkQwSFYyWGhyT1U1YkxDT0pfU3h2SGV1cjBpYnNsR2k1bQ?oc=5,EnviroNews Nigeria,4 Oct 2026,,no,,,,no,yes,3,5
Central African Republic,Agrifood & Climate,"African Development Bank Steps Up Push to Deliver Roads, Airport and Services in CAR",https://www.devdiscourse.com/stories/african-development-bank-steps-up-push-to-deliver-roads-airport-and-services-in-car/,Devdiscourse,1 Oct 2026,,no,,,,no,no,5,3
Central African Republic,Agrifood & Climate,African Development Bank Group to host the Africa Policy Forum on Natural Capital 2026,https://www.afdb.org/en/african-development-institute,afdb.org,30 Sep 2026,,no,,,,no,no,6,3
Central African Republic,Agrifood & Climate,Climate aid driving up public debt of poorest countries by billions of pounds each year,https://news.google.com/rss/articles/CBMilgFBVV95cUxOSk5ubjFhUF8zVV83VmhZM3BOUi1RVlIxUkd0RFBtUTJuMGUyWHBEV204UTZuczBCa2NVbHIyNGJlREkxTDRick1BSkphOGotWGRUQlQyUldHSWozMy1MNVBVc3R3eGJLdS1nYk5ERXFDUVJzR3BzZFFjOU5US0l6cTUzWFduLXNfNUV2V3lmSVo1TWFRMlE?oc=5,The Independent,29 Sep 2026,,no,,,,no,yes,7,3
Central African Republic,Agrifood & Climate,GCF’s Accra dialogue puts climate finance access and project readiness at the centre of West and Central Africa’s investment challenge,https://africasustainabilitymatters.com/gcfs-accra-dialogue-puts-climate-finance-access-and-project-readiness-at-the-centre-of-west-and-central-africas-investment-challenge/,Africa Sustainability Matters,29 Sep 2026,,no,,,,no,no,8,3
Central African Republic,Workforce & Human Capital,"Russian language included in school curriculum in the Central African Republic, which has become Wagner's mai",https://news.google.com/rss/articles/CBMiRkFVX3lxTE0xUnVCM0Nmbm93UWdaMkJJYW05bFlHLXkyYlhIcTRLcWY5QTVZUmEteWJtSGxWT05OeVVzUnpZWVh4UEFsclHSAUtBVV95cUxOa3RiRXRWTldHMXNiM21DamxMRmdtMDhlMmc1MXNEMkE0SGV6ODBHRFBDbG9kNFZWOHdwWWwyb2tHLUtpclc4eW1jN1k?oc=5,nashaniva.com,3 Oct 2026,,no,,,,no,yes,0,8
Central African Republic,Workforce & Human Capital,UNHCR: 5.8 million refugee children still out of school as funding cuts threaten hard-won progress,https://news.google.com/rss/articles/CBMivAFBVV95cUxPWlZZR2N1SEppalY4UGZRZDlSRVFWMUlSX3JhUnBCb19YRF9nQjU5MlhKVDF5UjhmdGZ1b2RZc2h4czFPdldCTlAtdzJCVHNHV3ZiZUlLbzNmM2xJMW1WS2N0RGlCaTdWR0I4WFlHcnZ5R09jMnM0RGxDRjZPdHNHZlBLaUNzQi1zUi1fdHA3NG5EeDNWOW5feV9IZkRvYWFubEdqRjhZSlR5Z3k1Y1Bkb3pQbGpNRmpJVENwbA?oc=5,UNHCR - The UN Refugee Agency,2 Oct 2026,Refugees,no,,,,no,yes,2,6
Central African Republic,Workforce & Human Capital,"UNICEF Central African Republic Situation Report No. 1 (Mid-Year), 30 June 2026",https://news.google.com/rss/articles/CBMiyAFBVV95cUxQd19yT1VWRzVHZ0RsQ3hmUUZSbjByeUFQcVdvTnZWTjR4djl3dzNHNDFIdHdKTEl2c2p5ZlVZYUMtZnhZV2VDUldaM1BnWjFoRUdkc0FLUFVYcTlKdEx0LVZKeUI2V3JWWFoxZ3h0cjdRRGdWVUJVRUlDc2ZBTVJjbGhUZlFuNWg0X2E5RHBiVzllQjM0U1h3cUhCU0VodElBdWxIRE1iaWNRU3V2M2swOWJQcHJFMnJyc1ZWSFNpY0l5ZXpBZmhIWA?oc=5,ReliefWeb,2 Oct 2026,,no,,,,no,yes,3,5
Central African Republic,Workforce & Human Capital,A Long Road to Justice in the Central African Republic,https://news.google.com/rss/articles/CBMilAFBVV95cUxQTU5nRXc3eTZpeHp1akN1c1lYcHhyMEgzVzUyUldVTWhFbnYtT1NvbFU0VnQ1aVNWNzlVYWtIdGk4ZzE5ZUJRZ3FPNjFCSlZPTi1EU011UzVuSEFkMGFXMTIwZldtQ0t5QTF4MHZEVEx4NmpSNjhySjNsVlQwYXdDX1BHRW1zWWxOUFl0VllLaFkwcWdv?oc=5,Human Rights Watch,1 Oct 2026,,no,,,,no,yes,5,3
Central African Republic,Workforce & Human Capital,Women Peacekeepers: The Power to Empower,https://news.google.com/rss/articles/CBMihAFBVV95cUxPeUVZM0ZWbTExZTNlaDBna29rRlVuR1VxY2pWdy1COEF3ZWpKc3VCUTZCYkZ2U01rVmxNdjZHcGIxTmNoWUZWcjJwcnpnSWkyR3RObkgwMGlTNDlzbVB5TVFURENHVjB2QUktSFJmRlBnQlFrSVF2LUZkZUV1Y0tERG03N3g?oc=5,Welcome to the United Nations,1 Oct 2026,Women,no,,,,no,yes,6,3
Cape Verde,Jobs & Employment,How Cabo Verde uses data and financing to turn skills training into jobs,https://news.google.com/rss/articles/CBMipwFBVV95cUxOU0ZkWDFGSEJuZGhXZlZ5d2tWZEdtTndnR3BBZTR6VTNwNEZUaWJ5Vnp6VS1pQ0lZUzF5WFM4ZGJnMTU5TUY2S2Y3ZTdPU2h6djVMeWRoLWU1eXVYeGtWWDV2d3B1a1pPQl94SEdhdHZlYi1HNTdHMUotNXhPQldLOHRJZkppWUxyZWNjMnNhY1FsSlVRWkNHckt5LW1WMkNfZTFESXZrUQ?oc=5,World Bank Group,28 Sep 2026,,no,,,,no,yes,0,8
Cape Verde,Jobs & Employment,Cape Verde goalkeeper Vozinha says fame comes at a cost,https://www.turkiyetoday.com/sports/cape-verde-goalkeeper-vozinha-says-fame-comes-at-a-cost-3229216,turkiyetoday.com,29 Sep 2026,,no,"C ape Verde goalkeeper Josimar Jose Evora Dias, known as Vozinha, said he misses the privacy of life before the 2026 FIFA World Cup, in an interview with British outlet Observer.","The 40-year-old said that if given a choice between his life today and his life before the tournament, he would choose his previous one.","Vozinha said even routine outings have become difficult since the World Cup, as people frequently ask him for photographs or autographs when he visits restaurants.",yes,no,1,9
Cape Verde,Jobs & Employment,"Ghana, Nigeria, World Cup wildcards Cape Verde crash in AFCON qualifying shock",https://news.google.com/rss/articles/CBMivAFBVV95cUxNYjZ4Z2ZSOHYtY3FGWjFMSFF3TXliejdtdV80V2o2ZWRESjBNdjNObWp5ZjdlcW5KREN3UnJyUFBfd1I0bC1KMXJlSXN4YW4zbVQxNGZTOXA3a2I2dFdJX0U1ZnBWQkpzMG9RRVg2c1pwOUcyTzdLVHV5Q2g1TGNVOVRicklZdnRMS3J1YnVUU3V2czRUMi15amZGVVdGcEhmWHJLclFOckJrX05oM0pFdHZ0Sk42ZlMxS0xIbA?oc=5,Jamaica Observer,29 Sep 2026,,no,,,,no,yes,2,6
Cape Verde,Jobs & Employment,‘Revolution has begun’—Constantine upbeat after Rwanda stun Cape Verde| The New Times,https://news.google.com/rss/articles/CBMiwgFBVV95cUxNblRZcDlSRFpqTzJaMXpaMnUwSG5aNXBZVHZXa1BxUnhxbzVMbDJPOGpFVi1GLXdHY3NrQzlIYUdqN0xDYVdMNFBIMTllMFpaeE5MMkQ1OFRzWEFQWXJvT0lLT19SczBoT2RqNzF1TjN0SjR1Sm1ETkxuMG1yN18tOXd2ZFUwaDZJTDNYQ0pkTGdpQXBJVXhScjFyOHBjb2hmNXItSldOc19zc0gtcXhUbTZMcm1zSFRxNGRZR0k5dUwtUdIBxwFBVV95cUxNY2YzeGtzUzcybTNDTVltMkdkWjVSRnpZSlBqUlhuc2lTNGVkU3VGOG45cjBBSHFRSjhFajFlV0w1TnktZ1czb3RNZmVpUFp1Sjh4c1luN0NGcmM1MThNX19Nc04xTGJSSXRYU05ibWZZYnJYNzlHcTB1a2lEa0FROFQ5cW43c2Z6bFd2d0ZyaGItXzRyTUZxTW9acVFkRlp6TlR3Yml1S09JanJTYURPREl3aWdRd2VnQWdzSWNZbHB5d0xxUWdF?oc=5,The New Times,30 Sep 2026,,no,,,,no,yes,3,5
Cape Verde,Jobs & Employment,"UNFPA report: Migrant workers cite livelihood insecurity, low wages, poverty and debt as reasons for movi",https://news.google.com/rss/articles/CBMinAJBVV95cUxOMm5ValdDM3F2N2xzR2d5ZTRORmptakpHZjk4eEtVOEJ1WjF4UFZubFhrYzJTTGRmM180ME9pNU83Q2pFQ0hRRUlldzJMMGRoN0NwUDE2WnRIOXA1NUdNZWdjLUFKbTdaLTBjbVp6NEZPRGtxcWYzRnZ3MzlDVkdwUlVhNk5VNmd3dWE0b21mMmY0dklWcDVyNVhuX08yd3hHXzBlcUNYakVBTWxYOWJ4U0VqNkp3cExMc0trTk9QZ283OWRTenJKOUxvRWJ4UTJrUXhqcUltTHJjMFRjMC1GcHEwM05WTDlISFdXUkNzRkpZNUE1SDNfQjNrRkxET0o2aDhDS2hubHp1X1VDV0IxYzZHNjZXOERaeVNtUNIBogJBVV95cUxNZnlYLTB6dnRXV3dsQTI3ZWQwdGFvMDFPMTlxRjlIVHJMdjZpcVE4WGh2ZWVpOGRJdm9jcDR4UUZ5dzdBSFpDVEtRRHNPRHA0LXlfNHUxTFA0cXlfMmFZUGowVlh6UTRHYS1BWjYwczdxWTIxNFRYbE5jM2xaM0xQclN1NnpfcmctTVFjUEpUclpacDZ1Z0M2X0RkU3djeDNCQnVGVHVtOFV6S2paYTZqa2JyRi1oa1EzRVE1U01RQkRRZElGUVl3S2ZERmFsYzlzbFJQZFNEZ08zX215azRqNVVxZ21Uc2xFZmp4UjV0XzVoTGlmSXFwQ3lQbGRaNTljcXdMd3hNVExLNlBPR0VzWjdBOUJELUE3VVN5b1RGeURHQQ?oc=5,The Times of India,28 Sep 2026,,no,,,,no,yes,4,4
Cape Verde,Macroeconomy,"Democrats have advantage on cost of living, AP-NORC poll shows, but few voters think either party can solve big problems",https://news.google.com/rss/articles/CBMiggJBVV95cUxQTml0Tjh5NTI1Qm9acVdqeW10NGVQVnpqbVpVVHlQSExtTGZjVVIxMGEzNUlhNE1XY2dKMGpmYmVmdFZSVVhFblpJZFRxeG5Md05UZ0xiSWp1NVpDTmYtUTFEeW1aZGc2a1A2QUlTb0picDQtTnZCcTFpbnY4dFNTWXlLaWh3QzZDc1pLSWxqSU0yM3BmQWtkWjl1bGpHVUJ0VDRlYmtkaTFxSE44WjZsQXVDckVIREZFdnlYOUxqamFlckl3TUtyY1pUY2t3QkdIV1RuZFlyZUMxMDZIampKcEVBYVZVdWwzek5RaUl5Q0NBZ3JtdE1hWmpwTnI2bVZXVHc?oc=5,The Verde Independent,3 Oct 2026,,no,,,,no,yes,1,7
Cape Verde,Macroeconomy,Manchester Airport offers October sunshine with return flights from £46,https://news.google.com/rss/articles/CBMipgFBVV95cUxPRHJtdGR6cDBMYUxUdTlwMTUtbjA4OUgtNWNyUF81YmctampacGdqQkdPalJWMDdORGRsWnZvUnU5THVkVUREWVlEQzhva29MY0w0YWlQSUI1TS1WdXo3YTJNbHZib3dFdVRqa2NPd3ZNSGI4TVhiYnpxUDEzMGNUcmxpTFFfcXlFTGMzY0o5SlVVT21vXzN5eDIyME5TOVc3WlF1bjlB?oc=5,The Bury Times,2 Oct 2026,,no,,,,no,yes,2,6
Cape Verde,Macroeconomy,"Ryanair, easyJet, TUI and Jet2's 78 new 2027 holiday destinations - full list",https://news.google.com/rss/articles/CBMie0FVX3lxTFBERFNDY25xdnJLWjdxYzR0T1JmcWVraEZXTlZuX1ZsQ0FCU0FXaDRWOS0weWczTGJJVFlqZTFrR0pxOUZOQ2NNLXFNNlpZNDJBVkowWnZBMzFUWWVtLW1lSUVlWW9COFM4NmFuRXhHV3JiLVRXUDN3UGtnWQ?oc=5,AOL.ca,30 Sep 2026,,no,,,,no,yes,3,5
Cape Verde,Macroeconomy,Cape Verde Economy Picks Up in Q2,https://news.google.com/rss/articles/CBMijAFBVV95cUxOUjh4Y1NuN1ZYTjdTd2E3ZGI5RXNIRGxXeGtsaTNxcjVqUlBTTmpINkJKWlZHSURpU1ZZdzUxT1lyUHBwMjBTeXFCN0lEeWVIWHVUdnhTN3VrNk1nbE9FUnlMLTYtS2tvYTBCTS1JNlE3RFBaY3dDN0pfOHNMTGJ3Z3pvWk1CWjU0OWMxTQ?oc=5,TradingView,30 Sep 2026,,no,,,,no,yes,0,8
Cape Verde,Macroeconomy,"Cape Verde • Boosted by EU funding, Praia is working on its future security projects","https://www.africaintelligence.com/west-africa/2026/10/02/boosted-by-eu-funding-praia-is-working-on-its-future-security-projects,110888829-art",africaintelligence.com,2 Oct 2026,,no,"In order to ensure high-quality and independent journalism,  Africa Intelligence relies solely on subscriptions from its readers, with no advertising, no events and no consulting work. Several offers are available depending on your particular reading needs","Discover our work by making use of the following possibilities: daily newsletters, a selection of free articles, keyword alerts.",Togolese security officials favoured the choice of an Italian operator to oversee a new €5m aid package approved by Brussels to modernise the navy.,yes,no,1,9
Cape Verde,Digital Economy,De-Cix and Cabo Verde Telecom to build new South Atlantic connectivity hub,https://www.telecompaper.com/de-cix-and-cabo-verde-telecom-to-build-new-south-atlantic-connectivity-hub/,Telecompaper,29 Sep 2026,,no,,,,no,no,0,8
Cape Verde,Digital Economy,EllaLink launches the Caribbean Gateway Initiative,https://news.google.com/rss/articles/CBMirgFBVV95cUxNcHU5UUZRdGY2N1MyWTdqOEdCUVA3NUV6eXh4S2dmVk1IdUFIem5qanB4UTNIaXFzTldlNEtzeUdodEE2VUpHX3Zxb1Y0LWFzdDZrX212SVZ4Zldqc1VWNHQtTGdzSEI2UWM2czdyTkQ4dENjNDdrRkN1TEg1b0laOEtWMzNCcURicGtQZWcwUERPQjBuYkRFeFY4N1VxWUVFYUNZb2ZDVkVMV05HWkE?oc=5,StreetInsider,29 Sep 2026,,no,,,,no,yes,1,7
Cape Verde,Digital Economy,GSMA partners with UNDP to boost Africa’s AI ecosystem,https://developingtelecoms.com/telecom-technology/enterprise-ecosystems/20916-gsma-partners-with-undp-to-boost-africas-ai-ecosystem.html,Developing Telecoms,5 Oct 2026,,no,"The GSMA signed a strategic partnership with the United Nations Development Programme (UNDP) on Friday that aims to strengthen and accelerate Africa’s AI ecosystem, including deployment of African-language AI.","Under the partnership, the two organisations will collaborate to mobilize talent and expertise in their respective networks, including the UNDP-supported University Innovation Pods (UniPods) network, AI labs, universities and other ecosystem partners, to accelerate the development, deployment and scaling of AI solutions across Africa.",The UNDP and GSMA will collaborate via the UNDP timbuktoo initiative to improve access to compute infrastructure for priority AI pilots and connect African talent to real-world AI applications. The partnership will also support the deployment of locally developed AI solutions and identify pathways for long-term sustainability and scale.,yes,no,0,10
Cape Verde,Digital Economy,"I preferred my old life, says Cape Verde World Cup hero Vozinha",https://news.google.com/rss/articles/CBMisgFBVV95cUxOdi1qUHBxUVZxTlFZd0J0SHhuQ3F5VXN5dkhDblZCb0RYWDlyRlUtcTQ4Ry1pQmtLOC1Ickl6djItci1jSmNIWXUwQUFWR1BWSGZ5RElMOUNweDEtakNYc0dVdTgtRi04bXpGMFZ2ajNneWtqaDJpaHJ6VE05aWxkSjRGWGc1RzI2NDF4ZXVkdFhMLWY0Tm9uUjJjXzF5UGhTdUVnZW51RGVwMWJqSDQ2Q0Rn?oc=5,Reuters,28 Sep 2026,,no,,,,no,yes,3,12
Cape Verde,Digital Economy,Cape Verde vs Saudi Arabia World Cup Odds: Toss-Up Pick,https://www.oddsshopper.com/articles/cape-verde-vs-saudi-arabia-world-cup-odds-toss-up-pick,OddsShopper,1 Oct 2026,,no,,,,no,no,4,4
Cape Verde,Governance,Flávio Bolsonaro inherited his father’s right-wing movement. Can he win Brazil’s presidency?,https://news.google.com/rss/articles/CBMiiwFBVV95cUxPZmdPQVVRcU9Td1BUaHdaT3g3SXFVOExUanAtU2FFM01CWEhZbzNVdXlUM1JHM1BpYlJNTkNrQl9mbjR4RWlTanhYZWlGS0luQzZJdGNjX1YyQmdKQXptVnNhZGUtTnJCcEZXMG5sejRrcWZYRnhuSW1vTmlWOXZCRmR6VWhRM3RQSjQ0?oc=5,CNN,2 Oct 2026,,no,,,,no,yes,0,8
Cape Verde,Governance,"Côte d’Ivoire - Disputed Election, Political Standoff",https://news.google.com/rss/articles/CBMiqAFBVV95cUxPdUREWTlUNFFwcUlWM0pXUE5kdnlPejJzQ2NrcUNyV0lDcXhfS3lOSWd3eTFpUFYzTlJRZU82bUprdEFmb0dGT3g0cWtiZkhHQURpUjhrS0QtclFBSHMzb1V0aERWNGNjVDJMTnF2MS16UUVMQzloSGRKN1BvbEhMUmFoQXUzWmlxVDVHd21tWHpxcEIzOGx4NzF2Z0xkNHhjYnQ2UXk3TmE?oc=5,britannica.com,2 Oct 2026,,no,,,,no,yes,1,7
Cape Verde,Governance,Guinea-Bissau: Calls for Calm and Order Amid Political Tensions,https://timbuktu-institute.org/index.php/toutes-l-actualites/item/1779-guinea-bissau-calls-for-calm-and-order-amid-political-tensions,Timbuktu Institute,4 Oct 2026,,no,"On the occasion of the 53rd anniversary of independence, General Horta Inta-a Na Man defended a transition that is “on the right track” and called for preserving social calm ahead of the December presidential election. A conciliatory speech that contrasts with the hardening observed this week: former President Umaro Sissoco Embaló has been barred from returning to Bissau, while soldiers entered the PAIGC headquarters, closed since 14 September, to declare it “state property”. From Lisbon, Domingos Simões Pereira denounces the persecution of his party, and civil society is calling for an inclusive dialogue to preserve a stability that remains fragile.","General Horta Inta-a Na Man spoke publicly on the occasion of the 53 rd anniversary of Guinea-Bissau’s independence. He described a country “under construction” and said that the political transition was “on the right track”. Praising the government’s action, he also gave assurances that the various infrastructure projects were continuing.",The President of the Republic Defends the Transitional Government and Calls for Preserving Stability,yes,no,2,8
Cape Verde,Governance,"The Gambia - Coup, Election, Constitution",https://news.google.com/rss/articles/CBMiowFBVV95cUxQdUo4aXk0LUZ6amxPWWgyRU9FNXcwaldzTXktb1ZSRlpoVW13V0hYWUFzUkdoV2lRMDdxUDN4VTNqSE5DRk8wU2hvRE1DM2tGUDlxT1lsb01HUUM0ZWZ4c2t1aXotWjVSQ0Fwc1BTM3AyVEdIOFFVX2RhSGNMMXhkc0V0VnhFaDdnNDRRQVp5clVwQ0pYal9scnVEQnBSelZKYnhr?oc=5,britannica.com,2 Oct 2026,,no,,,,no,yes,3,5
Cape Verde,Governance,EU citizens in Spain urged to register intent to vote in 2027 local elections,https://www.thelocal.es/20260930/eu-citizens-in-spain-urged-to-register-intent-to-vote-in-2027-local-elections,The Local Spain,30 Sep 2026,,no,,,,no,no,4,4
Cape Verde,Agrifood & Climate,Cabo Verde Backs Early Warning Roadmap After Gonzalo Floods Hit Coastal Communities,https://www.devdiscourse.com/stories/cabo-verde-backs-early-warning-roadmap-after-gonzalo-floods-hit-coastal-communities/,Devdiscourse,1 Oct 2026,,no,,,,no,no,0,8
Cape Verde,Agrifood & Climate,Catholic Bishop in Cape Verde Calls for Responsible Use of Country’s Limited Water Resources,https://www.aciafrica.org/news/24395/catholic-bishop-in-cape-verde-calls-for-responsible-use-of-countrys-limited-water-resources,ACI Africa,29 Sep 2026,,no,"Bishop Teodoro Mendes Tavares of the Catholic Diocese of Santiago in Cape Verde has urged Christians in Cape Verde to value water and take responsibility for protecting the country’s limited water resources, noting that without water there is no life.","In his homily during the Perpetual Profession of Religious Vows of Sr. Ludmila de Jesus Correia Silver at Santa Catarina Parish, Bishop Tavares called for awareness of the responsible use of water, describing the global water crisis and water scarcity as serious challenges.","“Water is necessary for life, agriculture and the development of communities. Greater awareness about the use of this resource is important,” he said during the September 27 Eucharistic celebration.",yes,no,1,9
Cape Verde,Agrifood & Climate,Nepal Telecom suffers $5.8m damage from extreme floods,https://developingtelecoms.com/telecom-business/operator-news/20913-nepal-telecom-suffers-5-8m-damage-from-extreme-floods.html,Developing Telecoms,2 Oct 2026,,no,State-owned operator Nepal Telecom suffered around NPR88 million (US$5.8 million) in damage after extreme flooding affected parts of South and Southeast Asia.,"The Nepali government said the floods damaged Nepal Telecom's mobile and backbone transmission networks in Rasuwa, Nuwakot and Dhading districts, where more than 1,400 people were killed and 5,000 were reported missing.","Economic Times reported, Information and Communications Minister Bikram Timilsina told the House of Representatives that 83 of Nepal Telecom's 120 sites were affected, with around 70% of the operator's sites taken offline.",yes,no,2,8
Cape Verde,Agrifood & Climate,World powers gather in Pacific to chart climate battle,https://news.google.com/rss/articles/CBMingFBVV95cUxPLVp4T3Z3SThuTDBQLTlOakVrX05LdDFNZm56ZnJqTTRYNV9ENWcwY01pWGNBdUNHdzNVNlRrR0JVQV80Tk9heEVIYVVBanJJM2RWSWtwTVRhS092RmlSRlMxejZUdnJSbTFBY2lDWjJWOFR2LUJKd1dpYUhBV1FiNl9OZVk0bXpaNTFlTDVNSElPdFFEak4zcUtsVUVMdw?oc=5,RFI,2 Oct 2026,,no,,,,no,yes,3,10
Cape Verde,Agrifood & Climate,Strengthening rural livelihoods through agriculture and tourism: TUI Care Foundation launches TUI Field to Fork project in the Western Balkans,https://www.tuigroup.com/en/strengthening-rural-livelihoods-through-agriculture-and-tourism-tui-care-foundation-launches-tui-field-to-fork-project-i,TUI Group,1 Oct 2026,,no,,,,no,no,4,4
Cape Verde,Workforce & Human Capital,Cape Verde's prime minister visits Rhode Island for flag raising memorial,https://coastalabc.com/news/nation-world/us-marine-stationed-in-okinawa-accused-of-murdering-woman-in-a-hotel-burglary-crime-law-enforcement-naha-government-prime-minister-snae-takaichi-ministry-of-defense-futenma-air-station-military-iii-maine-expeditionary-force,coastalabc.com,1 Oct 2026,,no,"OKINAWA, Japan (TNND)  — A US service member is in custody on suspicion of murdering a Japanese citizen on the island of Okinawa. Lance Cpl. Devin Jacob Ballard, 20, is suspected of killing Anna Yagi, 39, in a hotel located in Naha, the capital of Japan's southernmost prefecture, on Saturday.","Ballard is accused of also taking Yagi's wallet and backpack, local police told Reuters. Ballard has denied all allegations according to local law enforcement.","Ballard, a Marine, was stationed at Futenma Air Station on Okinawa Island, police said, and was arrested at 1 a.m. local time Sunday.",yes,no,1,9
Cape Verde,Workforce & Human Capital,"Havana event discusses Cuba, Africa independence struggle",https://news.google.com/rss/articles/CBMilwFBVV95cUxPdjlJb3VZNXI3NGpBa0Q1SHBGeWtubGR0TmFvbDlQTDh4Q0I4SThjU3hKQUVIN1U5eXNZNUJYY2Y4bE1DdVczWUZUSUs3Z0JpekpkTUhXanhYTGsxSkRrU2FTaURTaUxPLUFCOG14bnNiREVpdXh4LW5lTTdTUnNMMzBTUFMzdDZTbTFPNG12NVJIM0FvSmZF?oc=5,The Militant,2 Oct 2026,,no,,,,no,yes,2,6
Cape Verde,Workforce & Human Capital,Open Call for Fulbright African Research Scholar Program (Cape Verde),https://news.google.com/rss/articles/CBMirwFBVV95cUxQUmtBQ0Rwa2ZhQ1VLT21VNTVfNVlaOGxuM21mM25RMjJERDNHNFlMRGhxUjZLSi1OMHdUWGRqeFVBNEY1cFVFekFfd1l4dUFzWVh6N0phNmNnbG9mTzBUTV9IM1VRN05TUnRkUlJTS3dKMW0tT0xJeWdjRXIyTEdXVmdPNTZQRjV5Y0dMa0pjc1gwY09Ra29aUXRGQlFJTXdBLWx0cmJSRHpjQmFRUl9v0gG0AUFVX3lxTFB0Vy10dkhnUjM5cElSV0tOTWhiV3RVSVdGU3d4TWt5TUVXcUl0aTc5UTBaM3lZNFlYdHBSRzd1ekFMUGNKM2p5T1Z4d3NCZEo5aVBBNW1sTlBlMkRhTjBwaEhXWW1wdHFfZmpiU0V6b3F3R2hwekYxTS03NDJwMklYSEI1b0FkNm5rRWJhWDJGcG8ybkpjX2xPdURoNV84WkNrbDlvODBjclAxUjRCTUxZd0VtQg?oc=5,fundsforNGOs,30 Sep 2026,,no,,,,no,yes,3,5
Cape Verde,Workforce & Human Capital,"Cape Verde, Ghana and Nigeria crash in AFCON qualifying",https://news.google.com/rss/articles/CBMipgFBVV95cUxPMEZLZ2wxeFFLdHRFX3pqUzcycEFqeVEzUWx3dXZoeVVlTER3MXplM295RHpBWUl6LTVsTk5GUVVOMlZwME5DSDRzTzYzVy1ZV0VnY0JuQXo2U1gzQm5WNnNFOFhzTkV1NXdQSEtCY3lDNjdvRXJiMGpQTW9FdjYzWjJqSE5TSFZESlA0WHlJRDk4UUZzUkQwRmVBNnZveUozWHMzNm1n?oc=5,The Jakarta Post,30 Sep 2026,,no,,,,no,yes,4,4
Cape Verde,Workforce & Human Capital,"High school football scoreboard: Bridgeton, Ocean City, Lower Cape May pick up wins",https://news.google.com/rss/articles/CBMisgFBVV95cUxOSGFBUWVzU1VySkFzTG1Oc3pHWkh5WFJvc1ZESWxZcXNmb19pNE9nZ3U2OUFuZE5oWnp4NkhXWWVXX0hVdFQ3OUU5dDEtQUIzMzRVUTJhUE54cE5TdWsyZENEX0V6ZnNaZ2lmWk8yeDlxZjRFMURBMEY5ZGRKRUZIMHNqU3BncEY5TEJmM3RZSndNdEpxa0RZNTh6TTJQVVB1WlotUzBXZTNMdVdaT1pWemFn?oc=5,Press of Atlantic City,3 Oct 2026,,no,,,,no,yes,5,3
Gabon,Jobs & Employment,Informal economy: AfDB highlights a sector essential to Gabon's economy,https://news.google.com/rss/articles/CBMingFBVV95cUxQTU5pTFZIZE9KbXhoUGtJNEVXZHY4eXhLd2xVMENDc250OUJxcEgwaUZkcEN3ZWp2Sy15LXpVRlFKR09lTElhME9jSENXc3BNSEs1bU1scW5SMmF1ZTNGSHAwcVVhVU9IajdGcGJIVDBkVktSRnBSZjFOVXoyREp0WVZGQ1liNmxjVjdNYVRSMEZkRmVMM0pjVjJBNVB3UQ?oc=5,Capmad,1 Oct 2026,,no,,,,no,yes,0,8
Gabon,Jobs & Employment,MLPNF: Zacks SCR Update on Millennial Potash with commentary on political events concerning potash and management’s local country’s engagement for fast-tracking & de-risking of the Banio Potash Project in Gabon.,https://news.google.com/rss/articles/CBMipgFBVV95cUxNaUNVYVVkaEdsQ3ZNbm4tUE83TUpjZ0pkazdtSVRfNmhkMW1rUEVUNEh5SHF0SXNZdklnaHBGZXcwRG85SEdtZEJGbC04UGhHRU5MSE5qTkUxcXROVFR2c2xrS2hNRDRaclNNXzNKa0o3QVpOWEszZ09pNlc4MzVTYmZSVGM2aUNRZmpqcXdtWnhfaV9Xc0ZlOTFFOWlKaFNDTjNkNzZn?oc=5,Yahoo Finance,28 Sep 2026,,no,,,,no,yes,1,7
Gabon,Jobs & Employment,Gabon: Oligui Nguema urges Fortescue to accelerate the Bélinga iron project,https://news.google.com/rss/articles/CBMiogFBVV95cUxPUHh2bTEzM3p5UUpBSU1jMFdhVGpjQnByX3VhLVF2UjYtNjFyMVNlMGVoYzN3WmhTQ1FrTVlodUZrT2d0MF9tRXFORVZJYjJmN2dxTHdENXJFNGFoOUhfSFpxUS11S25GMlpHNnhVQkN3V0VHaUNYNmZlTnhpUHQtaXRNSGd6Y25vN1V1MUNvRFY3QlF5LWJNNlMxUm1mOW0zVWc?oc=5,Benin Web TV,30 Sep 2026,,no,,,,no,yes,2,6
Gabon,Jobs & Employment,Top 10 Countries with the Highest Minimum Wages in Africa 2026,https://news.google.com/rss/articles/CBMiggFBVV95cUxOV0ZxZk80Qmc0a0NsZkJCZmM4dTJvRkZIb0FXT0pFbjhYQzFBcVFNVGZab3RNbG1FXzZxSVczUHI4V2MwSlF1SlFDYnVlVXJPMGZnLXlXUHJBM0ItaHZCakVmNUFLSE9jTm94OFZQNjNxdldYUTBQbFcwT0o0Y3k5NGhB?oc=5,The African Exponent,30 Sep 2026,,no,,,,no,yes,3,5
Gabon,Jobs & Employment,Gabon: Fortescue has already invested CFAF 250 billion in the Belinga project,https://www.capmad.com/post/gabon-fortescue-has-already-invested-cfaf-250-billion-in-the-belinga-project,Capmad,29 Sep 2026,,no,,,,no,no,4,4
Gabon,Macroeconomy,Gabon Public Finance Review 2026: Improving Fiscal Policies to Deliver Better Results for All Gabonese,https://news.google.com/rss/articles/CBMi7AFBVV95cUxNajJoYmVFX09CNUwxNDhZZmxaMFcxbG93Tnc4dE5XN2JVX3p1ajdRMUtwWnVOZTF5TnhJeWRUTFZrMlAwYjUyMFNSTXp0dHZnSVY1T2w5LV92a1A5cWNDNkZXUjFaTV9JOGR4TEJuT2g5WWNmczZKeC1QMXUtX1Zac1p2SVd6ZW9KZmpCYjQzVHhrbWFCbERJU1YtMnpMaXRnUHBUdlVvUGNLSFljYWJQT2Y1Ul9VaWthYnFHczFlZ1lhU3JIZjdGVTVuWVVGeERvQTZsVVZKMlJrRFNsdWZ0ZnpiMmRXLXA3OFdwZA?oc=5,World Bank Group,29 Sep 2026,,no,,,,no,yes,0,8
Gabon,Macroeconomy,Gabon’s Bond Yields Surge With Debt Numbers Raising Questions,https://news.google.com/rss/articles/CBMisgFBVV95cUxNOTdTT2dkQmRGQ0hjRTU5eXlWVm5xNl9vR0FSdW1TYXJNMTJuamF4VEpJN0VZWEtvVmViajdJLUQ0UF9fMnNjaFJ0NjByUXBKV1FIekJrS2ZCTlVEanQwT2NQWjNVSzV3bXRsdzJ6YktPR2x6ZlFjYTBNN0RFNVBhT19tOUE2MWV3czc3MVc0SEdqTE1NcTh4aVc2eTdpZzJCOUtFeGZiUC1xalhJa1h2b3Bn?oc=5,Bloomberg.com,2 Oct 2026,,no,,,,no,yes,1,14
Gabon,Macroeconomy,Gabonese Republic,https://news.google.com/rss/articles/CBMiZEFVX3lxTFBqUTJsQkRMN2lFM2dfaHFRZVRCUXFYdW9fNUhoZkRCTV9tc0ZtNTJIRFItZ3gyZzN6dGFqVmt5TFNldlFzNzBqYUZiQ19qWDJ1cWw1clI3YlE4NEI3amVVOG9nUE4?oc=5,afdb.org,1 Oct 2026,,no,,,,no,yes,2,11
Gabon,Macroeconomy,Gabon Eyes $580M Bond After $920M Eurobond,https://news.google.com/rss/articles/CBMikAFBVV95cUxOWmtpamliZTlSN3R1dnBOUFh3TTIzdmo4Q3pfNTl0Mk11bU5EaWNvN3R0UlMwZlNvOXV4MU1sUlY1cGNXZnpGMkJwZHdjaEh5UU1lMmgtNVF6NlFsQ1JMSFE1azg2MVBCOTRyRlNoMk4yNnVqcHAxUjZiLUN0aUVyUXN5T0U5dXhEbXFmZDlwS1U?oc=5,Briefs Finance,30 Sep 2026,,no,,,,no,yes,3,5
Gabon,Macroeconomy,Gabon: A Police Force to Protect Purchasing Power,https://news.google.com/rss/articles/CBMilwFBVV95cUxQaDRuLTlaczFoaVdHaTZjLXd6TUsyRkVrYnVHOWpiUnluZzVObkZDLWt6elZnTVNFdXpLSDRRRHN1SXFIX0g5V1dUX19YUHJCclBKbUN0RGViSXVzRGxQUlF1b1JuNEE2TFdJSU5SODN4ODVCamRDQlpwSUlqcWtST3djRXBEX0NZVTV1cVg3RFdhMExfb21V0gGXAUFVX3lxTFBoNG4tOVpzMWhpV0dpNmMtd3pNSzJGRWtidUc5amJSeW5nNU5uRkMta3p6VmdNU0V1ektINFFEc3VJcUhfSDlXV1RfX1hQckJyUEptQ3REZWJJdXNEbFBSUXVvUm40QTZMV0lJTlI4M3g4NUJqZENCWnBJSWpxa1JPd2NFcERfQ1lVNXVxWDdEV2EwTF9vbVU?oc=5,Powers of Africa,2 Oct 2026,,no,,,,no,yes,5,3
Gabon,Digital Economy,Gabon Digital Economy Minister’s Adviser calls for verifiable public information in AI era,https://techreviewafrica.com/news/7488/gabon-digital-economy-ministers-adviser-calls-for-verifiable-public-information-in-ai-era,Tech Review Africa,29 Sep 2026,,no,,,,no,no,0,8
Gabon,Digital Economy,Healing Africa's Elephants,https://news.google.com/rss/articles/CBMifEFVX3lxTE9MbWxkaUJuNmtmLVRwUXA2LWIyU0RYWF9FaW44amlKQVNuX2M0T3R4YkVlRkx5U3hPbVp6eTVMdnZfX2VfTWFZMHRsWVJZNGk3eDk3T2ZnZ29BR21iR0hKamhPRWZ3THJYbkF3dXNrTDUxbzdnTjdKeXByUHI?oc=5,Sky,4 Oct 2026,,no,,,,no,yes,1,7
Gabon,Digital Economy,Gabon begins work on National Artificial Intelligence Strategy,https://techreviewafrica.com/news/7491/gabon-begins-work-on-national-artificial-intelligence-strategy,Tech Review Africa,29 Sep 2026,,no,,,,no,no,2,6
Gabon,Digital Economy,Gabon: Libreville launches work on its first national artificial intelligence strategy,https://news.google.com/rss/articles/CBMisAFBVV95cUxPTmhoa2JHVk9ZdGlyeTIzTjF6MllJLW1ianNsLWc4TktZYk5nT3Q4eVk0Nzk3OG5YOXFKcjlxWWJ5X0ZtaUQ2S3hHX2tJUEQxZjFEd2c4b1pIZDFjQ1NjT1FsajRBQW1FVHhJSFBGQktZa3NmbUJoUjRRVnZLNzVFZXVkSy1xZ1FRUS1EbF9iVmo0eFVsRklvaWpKbUNJU0I0d3VCTDF6Qm1zdGNFdUFlbA?oc=5,Benin Web TV,28 Sep 2026,,no,,,,no,yes,3,5
Gabon,Digital Economy,Gabon begins process to develop national artificial intelligence strategy,https://techreviewafrica.com/news/7491/gabon-begins-work-on-national-artificial-intelligence-strategy,Tech Review Africa,28 Sep 2026,,no,,,,no,no,4,4
Gabon,Governance,Guinea-Bissau military leaders bar ousted president's return,https://www.genocidewatch.com/single-post/guinea-bissau-military-leaders-bar-ousted-president-s-return,Genocide Watch,3 Oct 2026,,no,,,,no,no,0,8
Gabon,Governance,2027 AFCON Qualifiers: Morocco Defeats Lesotho (2-0),https://news.google.com/rss/articles/CBMif0FVX3lxTE83dWtJVHpFNXc4OXJzYVhFRUVLNFc0WUFQcXJnMzQzbWFpUmI5ZHRIMWM3cVEtd3dacFZTSjFNS0doRURXcmJhTXdhazc3NjJHalN1LXNqWmV6OFhzQU94VkZraXVqZXJIUzRHaHhJYm1oQ21mNVp4ZWJFWWpCU0E?oc=5,Maroc.ma,30 Sep 2026,,no,,,,no,yes,1,7
Gabon,Governance,"Morocco to Raise Average Public Sector Salary to $1,000 By 2026 – Minister",https://maroc.ma/ar/%D8%A7%D9%84%D8%A3%D8%AE%D8%A8%D8%A7%D8%B1,Maroc.ma,10 Jan 2026,,no,,,,no,no,4,4
Gabon,Governance,The ‘polisario’ is a “Terrorist Organization” that Destabilizes Global Peace & Security,https://www.maroc.ma/ar/%D8%A7%D9%84%D8%A3%D8%AE%D8%A8%D8%A7%D8%B1,Maroc.ma,10 Oct 2025,,no,,,,no,no,5,3
Gabon,Governance,US-Africa: Trump’s seven ambassador nominees clear Congress,https://www.theafricareport.com/415891/trumps-incoming-africa-hand-inherits-gutted-diplomatic-corps/,The Africa Report,30 Sep 2026,,no,Join the top leaders who read The Africa Report every day,"Fifteen months into his second term, President Donald Trump is about to finally have an Assistant Secretary of State for African Affairs. What he doesn’t have are many ambassadors to keep him informed or carry out his priorities on the continent.",,yes,no,1,14
Gabon,Agrifood & Climate,Climate Risks: Madagascar Strengthens Its Financial Safety Net,https://news.google.com/rss/articles/CBMiowFBVV95cUxOaWVOVzdxV0pfUEUxbGxCTUk0Ym9TSHh1VGpONmNNSUVJejltUGhmWFdMZmZUbG1FNV9GRWM1di1xcU54MVloc2VpWkttM2pqZkcyZElwc0lBbFl5VFBaTkE0aXIxZl95eEtWWmRDdUtfMlphM1ZKLTEzZ0JhdnVYdk5JOUljTHBEa1hGMlZ4Y0p4M3BJVWdKZ2Y1TUVXeWdpWFdF0gGoAUFVX3lxTFBTQzduQnhSODBZbDZDUTFFM1dTbU8ycHhjLXdiZ05pMndMdjFxMlNleUFSRlpjRG5lRXVyZXhDNUtjbUZzb0VXcUV1TnJ0TFRXZXNCWkQ4YmJWQnhhbnVzdkRBcDZQYlI0M3ZnUDJ5OEplUHZMMVoxVm5XaHJCYVFhNHRIbk5oRmdIbkVab0pSalN0VjBzdnhRZHo1UFJjZWs1aGtra2t5RA?oc=5,Powers of Africa,2 Oct 2026,,no,,,,no,yes,1,7
Gabon,Agrifood & Climate,Namibia Launches Its New Climate Plan,https://news.google.com/rss/articles/CBMigwFBVV95cUxOYWVlaHRiNFRaaVNjeW9rN0pvaF9VanRtTlN2V3VnYXYxcmtXTGpCYWoyMWhOS1FJalBwaDRXMlZfckY5dlJDWmIzVzBSQ21JNkhyTHZRaXJFeGI2aG9TdVJkWWhTLUp0V1dmTTRtTUpTNHE0dTZlcXQ5TjQ0RmRKWktfY9IBiAFBVV95cUxNb25jcHdQWUE2OWs1d3R2OUdLT3puVEs0NTNyaEpqTHhyaGtYalQxY3RoVnZUY1ZVYmcwc1NUWE53QlBtMFNxT1FzRzF5cjdJUFBtVWt0WTgwdURRZHhMWEdIZmxhaDhia0s3X2hFTGtZb05oSDlrQ1dyYmtWaFVJMk44Rm96YVlK?oc=5,Powers of Africa,30 Sep 2026,,no,,,,no,yes,2,6
Gabon,Agrifood & Climate,Energy and power,https://news.google.com/rss/articles/CBMicEFVX3lxTE9QQno0LUFFVGZPeFducjlwQ2xFVkJqNUd6dVJpTVIxUF9JN1R2NnQzSTlmQVdibGJOa0dNTVprNkwweGMxNkNJM254RVU0cmd0V0VWb3BHQVd3SEc2NWFIYy15VUhSakxUS0dTcUVLY1k?oc=5,afdb.org,25 Jan 2017,,no,,,,no,yes,3,5
Gabon,Agrifood & Climate,"Ten years after Gabon’s post-election violence, painful questions remain",https://www.genocidewatch.com/single-post/ten-years-after-gabon-s-post-election-violence-painful-questions-remain,Genocide Watch,1 Oct 2026,,no,,,,no,no,0,8
Gabon,Workforce & Human Capital,Gabon: Annie-Flore Batchiellilys targets 640 schools with Mu Tsanu,https://news.google.com/rss/articles/CBMilgFBVV95cUxORnV1MHhGbGVhUUpGM0gwZUljTG43UTVhbjhwTVJaUkR5OWlqMXM2U3dBQlY2MUF1RWZTeXRhd2FzSHc4QnoxQ3F6V3cyZWFSejYxYlpCLWMxN1pRR3hfVnQxSG53bHRUVUNFa1pKNms3eGg5VVAxaDZZSldqRG5TQ1RzbWNraFUya3R0X3AtYldKdF82Vnc?oc=5,Benin Web TV,30 Sep 2026,,no,,,,no,yes,2,6
Gabon,Workforce & Human Capital,Mexico hosts 2026 UNESCO International Literacy Day celebration,https://www.unesco.org/en/commemorations-celebrations,UNESCO,28 Sep 2026,,no,,,,no,no,3,5
Gabon,Workforce & Human Capital,CAN 2027 Qualifiers: Mazraoui steps into the spotlight as Morocco defeats Gabon,https://news.google.com/rss/articles/CBMisAFBVV95cUxQOUpEZFFRLXlCLWE0eFhMY3JVdGhnT2NpdEctZ0JPNktfaDdudy04WWF1dVNtWEI1UEFCUWgydDQ1NWF1YzhJVVdkd1BkUjY3WGxNZndSa3RvRVpIQUQzUUtNc1BsdzBCN1VCNmNJUW1NMVJGSGtaN2lxV2lfUHhFWUpZd2FTTTZza0lXY0NVTEQ5eV9xUXdILVlfYWtDMFlYYzc1ZWxBWnloUmJnVVEyYQ?oc=5,Benin Web TV,29 Sep 2026,,no,,,,no,yes,7,3
Gabon,Workforce & Human Capital,"Gabon: Diesel rationing, gradual return to normal expected from Sunday",https://news.google.com/rss/articles/CBMimgFBVV95cUxNT3gzQVI1Q2ZaMnJrUnczWWRzeGtNbVJFN0tramJubVdZbXVOQ1NqQmI3dWxZVzVFbnpFSy1nTVhhaU1qMjZZQXNnelJscnNfOWhBMGJFNjdYMGNvaE01akZZR0d6MllUMUtua1U0Nl9BdXZFc2VLU2JrbG84amdJMWM2Uk1qR0xCWDZQeVREN084d3ppM1VpNjRn?oc=5,Benin Web TV,3 Oct 2026,,no,,,,no,yes,8,3
Gabon,Workforce & Human Capital,"CAN 2027: Nayef Aguerd ruled out against Lesotho, Morocco must reassess their defense",https://news.google.com/rss/articles/CBMirgFBVV95cUxNZUZ0VDlVU1lrT2V1RG93YnZhcVFtSEJSaG03QnQ3aXBpN2JKSTZLZEJLampGYU1pNDBrNmc4cHN1NzY0LUtsSU9aRnVIOG9FTUJwakhUQk1LMUUwV3dHUGJkOE1Pd0w1eDUwVkU5Z3V0Szd0aEhIZ0hieExhT2dKNW9kSnptWDBUZXVURDFRVlhIWnVLWjBGMGptb0JxeF9YSXVweGVjQXZFSk9acXc?oc=5,Benin Web TV,28 Sep 2026,,no,,,,no,yes,10,3
Kenya,Jobs & Employment,Kenya Set for New Investment Push as World Bank Highlights Four Key Opportunities- Expert View by Spherical Insights,https://www.sphericalinsights.com/blogs/kenya-set-for-new-investment-push-as-world-bank-highlights-four-key-opportunities,Spherical Insights,4 Oct 2026,,no,"Kenya could unlock billions in private investment by addressing financing, infrastructure and regulatory barriers while developing avocado, mango, medical manufacturing and coastal tourism value chains.","NAIROBI, Kenya- Kenya could unlock a significant new wave of private investment if it addresses regulatory, infrastructure and market-access constraints in four areas identified by the World Bank: avocado and mango value chains, medical consumables manufacturing and coastal tourism. The World Bank Group’s latest Kenya Country Private Sector Diagnostic says targeted reforms could unlock up to US$1.5 billion (about KSh194.6 billion) in additional private investment and around 80,000 direct jobs over the medium term.","The assessment comes as Kenya seeks to attract more private capital while strengthening domestic production, exports and employment. Rather than proposing broad reforms across the entire economy, the World Bank’s latest diagnostic takes an investor-focused approach, identifying specific sectors where relatively targeted policy changes could remove bottlenecks and make projects more commercially viable.",yes,no,0,10
Kenya,Jobs & Employment,How Alternative Credit in Kenya Empowers Borrowers,https://news.google.com/rss/articles/CBMiZEFVX3lxTE01R202c2tPR1FCQWQzc2Jfc1JSTGVmMEFyVERXdVhVbVViNTRnUnNpOVVobE8zb25Fb0VKXzBHb2pzRXRuR2lYdlhoOHFCSnkwci01cWhHRmVnbDlCTzFDejMzZ1o?oc=5,The Borgen Project,2 Oct 2026,,no,,,,no,yes,1,7
Kenya,Jobs & Employment,Gachagua promises to reset Kenya as Boston diaspora demands action on jobs and corruption,https://peopledaily.digital/inside-politics/gachagua-promises-to-reset-kenya-as-boston-diaspora-demands-action-on-jobs-and-corruption,People Daily,3 Oct 2026,,no,"Former Deputy President Rigathi Gachagua has pledged to help “reset” Kenya and restore confidence in the country’s institutions as he engaged Kenyans living and working in Boston, Massachusetts.","Taking to his official X account on Saturday, October 3, 2026, shortly after the meeting, Gachagua said members of the Kenyan diaspora he had met in the United States were deeply concerned about the country’s direction, particularly the challenge of youth unemployment and the environment facing potential investors.","The Democracy for Citizens Party (DCP) leader made the remarks during his ongoing engagement with Kenyans in the United States, with his Boston visit forming part of an extended diaspora tour that has also included investment and political consultations.",yes,no,2,8
Kenya,Jobs & Employment,"Fake: Kenya’s national exams body dismisses 2026 ad for 230,000 jobs",https://news.google.com/rss/articles/CBMiuwFBVV95cUxOcDN1VU1UUTBDamZ4TjdDLW4tSVVQanBoVXNGQ09lTVdyamIwQ0RWV1QwWjR2X0dRd1JaTk9NMUk0VmhyaFItQjY3Q2V3cjI5VDRnVmxleVJNQVl3NzZlU2MwOW5uUmZSeVNBZ2I1am16NVp4ZlFDVzVyaU1wTk9ydmtDMUtQS0wzRzFDRTN1QnVmVkgzeXY2RHJnWUFDYjBZcU1ZVWg1YS1HVXpBX0RuRlBncmRvMUNJVTRN?oc=5,Africa Check,30 Sep 2026,,no,,,,no,yes,3,5
Kenya,Jobs & Employment,"Dangote’s Planned Kenya Refinery To Create 60,000 Jobs, Ruto Says",https://www.forbesafrica.com/current-affairs/2026/09/29/dangotes-planned-kenya-refinery-to-create-60000-jobs-ruto-says,Forbes Africa,29 Sep 2026,,no,Wednesday’s groundbreaking ceremony will formally move the Kenya refinery project from an investment proposal toward construction.,"Kenyan President William Ruto toured Dangote’s 700,000-barrel-per-day (bpd) refinery on the outskirts of Nigeria’s commercial capital Lagos last Friday ahead of a groundbreaking ceremony for the Kenyan project, scheduled for Wednesday.","Africa’s richest man Aliko Dangote plans to build a similar oil refinery in Kenya’s coastal Lamu region, a project he said will help create a wider industrial complex in East Africa.",yes,no,4,6
Kenya,Macroeconomy,Senate Majority Leader Aaron Cheruiyot has urged the opposition to distinguish between political competition and development initiatives that can contribute to the country’s economic growth. Cheruiyot said the proposed Lamu Oil Refinery by Aliko Dangote’s,https://news.google.com/rss/articles/CBMi3gFBVV95cUxNTWtrT29GYzB4cmE1T1o3Zndnb0lpWTh2ZGpubm8xZUQyRTlyY0NNcFpIa2U4MFJxWGctVzV4LVFydXMxSG5xS0ZXTjVIRlVXanV6SjY2bFRocE96UXJtTU9oSGlxd2RoYndLOUhmX0F6Ri0taDhUc0ZjaV9zUktzVzJ6RlBqeDJBN1VfeHhobFpIcHVkSkxDanhWczVaMnNaSEF6TW5NMEZGaXhNeUNkd2N2dERvTThGSnRYTUQ1T2sybURHcU4ySkFsOVZROHE2UnVyczV2cTgydkNLRXc?oc=5,facebook.com,4 Oct 2026,,no,,,,no,yes,0,8
Kenya,Macroeconomy,Kenya’s inflation at 6.8% year-on-year in September,https://www.cnbcafrica.com/2026/kenyas-inflation-at-6-8-year-on-year-in-september,CNBC Africa,30 Sep 2026,,no,"NAIROBI, Sept 30 (Reuters) – Kenya’s inflation rose to 6.8% year-on-year in September from 6.6% a month earlier, the statistics office said on Wednesday.","On a monthly basis, inflation was 0.4% in September, the same rate as in August, the Kenya National Bureau of Statistics said in a report.",,yes,no,1,14
Kenya,Macroeconomy,Kenya Inflation Rate Quickens to Over 2-1/2-Year High,https://www.tradingview.com/chart/BTCUSDT.P/wIVM3eLd-Bitcoin-Has-the-bullmarket-started/,TradingView,30 Sep 2026,,no,,,,no,no,2,6
Kenya,Macroeconomy,IMF flags energy policy shift as Kenya inflation rises to 6.8%,https://news.google.com/rss/articles/CBMinwFBVV95cUxNemN2SEhsdElIQzNrSm4yQW9jU1gyRlFJdmY5VTlMc1MzTUxYazJiZDR0UTY3dG8tMGptUHhFbnQxWWg0eHNMWmN4Z211MnBPM1JrLXF1dUNobmVfbElURkF5SlJabHpSNXE2YXNYNVg2WnA4MjQxOVczWmlZaGIwWjI4NnpqekpGRGFfUzNnc25WWFNKazdUSWMyeXBuWkE?oc=5,People Daily,2 Oct 2026,,no,,,,no,yes,3,5
Kenya,Macroeconomy,Kenya's inflation at 6.8% year-on-year in September,https://news.google.com/rss/articles/CBMipgFBVV95cUxOekt3bUJGb3phRGl6dVEzWHZyNkZnbGNOMUxlVVBHRS1qNFFMMTc4LUU3aWtjSUlOU1B4RUFLc3MyWTJRM1kwcUZaVHFHU09uSWRaODllUlNDXzdtQXZha1JJSVZPNHZkVktXNTRHSEhtYm1qamhfSTJqSVVhQ05rUkl6Wmd0NF9VVFJ6MXdEc0J2Mi1kSkFmNnlhRXlEX3pRMUJfUzBR?oc=5,marketscreener.com,30 Sep 2026,,no,,,,no,yes,4,4
Kenya,Digital Economy,"South Korea is investing almost $900bn to rival China and the US as an AI superpower. To ensure enough home-grown talent, primary school children are taught robotics and how to code. Credits: Al Jazeera’s Jack Barton",https://www.linkedin.com/passwordReset/?session_redirect=https%3A%2F%2Fwww.linkedin.com%2Fsearch%3Fq%3DSouth%2BKorea%2Bis%2Binvesting%2Balmost%2B%2B900bn%2Bto%2Brival%2BChina%2Band%2Bthe%2BUS%2Bas%2Ban%2BAI%2Bsuperpower%2B%2BTo%2Bensure%2Benough%2Bhome%2Bgrown%2Btalent,LinkedIn,5 Oct 2026,,no,,,,no,no,0,8
Kenya,Digital Economy,"Oracle Academy supports Java skills development for young women in ICT, Kenya",https://news.google.com/rss/articles/CBMirgFBVV95cUxOdHBTcmp4T2dVVTNiQTlWVEZSUE5zY2NFUEVEb1U4NC1QNHRkMngtOGpXQVAyaHlkSW01ZnhxZ0dpdlRBaTdUd2thWHFFNU8xcWozaGhCV2o3dWlkY3BJTE5DODhUX2lDZk1OZU1rc1pGNlJITTRqbk9lVVBVV2pGcnpTV3ZwYkhkYnhlSHp4RC11YnYzT281dHN5a2VZUWoya1Bvd1RMeGV0d2FmWmc?oc=5,Oracle Blogs,29 Sep 2026,Women,no,,,,no,yes,1,7
Kenya,Digital Economy,🤔🤔,https://news.google.com/rss/articles/CBMimAFBVV95cUxOenpPc29Ia2JJRERRSVc1SUktaXZGczF1M2lvaEZXQVY2cWdBam12eHlPYnFnQVg5STdqMWloNVpsb0hTcFBPUVN6M2NpcE9Td1RrMHY2dFJNTXlGYXhDaGFnVkZqR0x2MFBTUW5QZkdieVAtMmVKMG1md0U3WHNNSWdMNGZlRll0bUNkWVVSa3A2c2JyX2MyZQ?oc=5,LinkedIn,3 Oct 2026,,no,,,,no,yes,2,6
Kenya,Digital Economy,Sri Lanka–Kenya Digital Cooperation Strengthened Through Engagement with Murang’a County,https://news.google.com/rss/articles/CBMiswFBVV95cUxObnhmOWppa0xGblEyaHZpZ2xXSi1PQ1dfOG9WUUtsdDRIT09ETGc3cEF4Rll2ckx3Z2JBR3NTcjZOMWpwOU5LM1pMTjhwaUYtemY5bjJaYUg3VFZULUVZcm9POGVCWDF4bEc5MkVYVFp0YnB0TUFUblV4d3YwTF9OSHhLRVlfRGZmblhpVG16bFFaaVBjN3JNRUZMSGduc29TaVpLVjMwUURXTmNfSmZqWVZtbw?oc=5,Africa.com,30 Sep 2026,,no,,,,no,yes,3,5
Kenya,Digital Economy,Kenya records 52.3M smartphones as mobile use expands,https://news.google.com/rss/articles/CBMilAFBVV95cUxPai1wZXllZVN3RG03VVRXSGRodUNVVy0tVnV5OEt4VjJxQTVmZmZvOTBWUXFiX0RnSF9PbWx5QWM0elFoVVRMOVBVUW5zbmtRenEya1VvQzdIRC00Y2YtNm80ajk1elJ5b2ltRFJqNkROT0YyUTNMTVcyN2Faak9qZEVHbW5LNWlJZzFYbEM4RS1qY0xo?oc=5,People Daily,2 Oct 2026,,no,,,,no,yes,4,4
Kenya,Governance,Kenya’s opposition parties audition for imperialist powers ahead of elections,https://news.google.com/rss/articles/CBMiaEFVX3lxTE1pUE5JSjNkbE55MTFGVHByWkN6QmRVNEI5WmdFQW5aM21lY0xJb0k1TVJfOW8tXzJzLVIxMWtiVjZLMXhQU1NYRTdIbFJTN0lPQW9GSG9JanNzbUlWc1p0cGc3UmxWMm5w?oc=5,World Socialist Web Site,4 Oct 2026,,no,,,,no,yes,0,8
Kenya,Governance,"Germany presses Kenya on credible, peaceful 2027 elections",https://www.the-star.co.ke/news/2026-10-05-germany-presses-kenya-on-credible-peaceful-2027-polls,the-star.co.ke,5 Oct 2026,,no,Germany has pressed Kenya to ensure the 2027 General Election is peaceful and credible.,"Speaking at the Germany Unity Day reception, Ambassador
Sebastian Groth stressed the importance of credible elections, protecting
fundamental rights and maintaining public confidence in electoral institutions.","Ambassador Groth said Berlin would continue working with
Kenyan institutions and civil society ahead of the election on voter education,
electoral processes, the fight against corruption and strengthening the rule of
law.",yes,no,1,9
Kenya,Governance,Africa's richest man Aliko Dangote blames oil firms for Kenya refinery protests,https://www.billionaires.africa/2026/10/03/africas-richest-man-aliko-dangote-blames-oil-firms-for-kenya-refinery-protests/,Billionaires.Africa,3 Oct 2026,,no,,,,no,no,2,6
Kenya,Governance,How LGBTQIA+ civil society can unlock community-led protection in conflict settings,https://odi.org/en/publications/how-lgbtqia-civil-society-can-unlock-community-led-protection-in-conflict-settings/,ODI: Think change,29 Sep 2026,,no,"Lesbian, gay, bisexual, queer/questioning, transgender, intersex and asexual/ace (LGBTQIA+) people face acute risks in everyday life, and these risks are compounded and exacerbated by the onset of armed violence. These harms also intersect with other forms of marginalisation on the basis of socioeconomic background, age, migration status, racialisation, disability and other axes of oppression.","However, major gaps and failures characterise the international sector’s efforts at inclusion to date – gaps that could be eased if LGBTQIA+ civil society organisations (CSOs) were treated as true partners in terms of programme design, humanitarian access, funding, coordination and decision-making power. In the face of significant cuts and attacks on diversity and inclusion since early 2025, these gaps are only widening – and addressing them is more important than it has ever been before.","This briefing note draws on primary research undertaken in 2025 and 2026 by The PRIDE Centre: Protection, Rights, Inclusion in Displacement & Emergencies, which took place in the Democratic Republic of Congo (DRC), Ethiopia and Nigeria, and by the Humanitarian Policy Group (HPG) in Haiti and Syria. Across these contexts, our research reveals diversity as well as synchronicity – that is, while important common threads can be found across the settings under study, they also show profound diversity and specificity, which serves as a further argument for consultation and coordination with place-based actors as experts.",yes,no,3,7
Kenya,Governance,"Three in four Kenyans say social media is good for democracy, a 37-country survey finds",https://tech-ish.com/2026/10/04/three-in-four-kenyans-say-social-media-is-good-for-democracy-a-37-country-survey-finds/,tech-ish.com,4 Oct 2026,,no,,,,no,no,4,4
Kenya,Agrifood & Climate,Drought-stricken Kenya,https://news.google.com/rss/articles/CBMiX0FVX3lxTE5CR1RvQzlDTURVbzZZQnhEa2tXRTFPZVJoWlFTMkJJUlRjNnJRa3lhT2JkWFlwV2lLRDNSZHhycWt0bzhCNFR0VzFiN3FRaTB5Nk80X0hEUExCc0pDYURZ?oc=5,Reuters,3 Oct 2026,,no,,,,no,yes,0,15
Kenya,Agrifood & Climate,"For Women in Nairobi’s Informal Settlements, Floods Don’t End When the Water Recedes",https://news.google.com/rss/articles/CBMirwFBVV95cUxOS1FUZ3RtbVZPM0s5U3JDc2NFRWUxT01mX0tEd0lxTTlhSF83NDQyank2TTZBSDR0bzIwN2k4blA1VHBMdDlNbjdBN1lfVVN3bzZIdU9fM0NUS1dyYTYydFh6VHRUVVFLTGVzSGNyVDhhb1pQMFlfdGFZbHgyMzVmZ0dXd1ZJSXFQV3ctU0dxcFZhbWtDWDN4NF9QUXlWNkQ3Z0JKb2R0eGhlcHZOU1o0?oc=5,TheCityFix,1 Oct 2026,Women,no,,,,no,yes,1,7
Kenya,Agrifood & Climate,Kenya's Senate petitioned to control the spread of cage fish farming in Lake Victoria,https://news.google.com/rss/articles/CBMivAFBVV95cUxOaWM5MEx5WVVScFBpd3owSUlXYXhxQVl4cDlJeHdTU091VmpaQVJyZ0NzQXNxNDFZME9ITFcyempub2s5S2JOY1FmNlRNOWFtaFVKRGo3Z194MUw0MHJ3TThQdDBJM3llQXhEdFUzelFrM0hsOHY1dDBvUC1fSWoxVUdxRDVjRFdYNU4zWDZOcm9VQzlhZWQ2bzNWQ01fUHc1elhKRno3WW9RLXZadGVjR2V1TXNrV3FIUVctWQ?oc=5,SeafoodSource,29 Sep 2026,,no,,,,no,yes,2,6
Kenya,Agrifood & Climate,El Niño preparedness steps intensified as parents across Kenya warned about floods and disease,https://eastleighvoice.co.ke/regional-perspectives/390897/rwanda-steps-up-flood-preparedness-as-strong-el-nino-looms,The Eastleigh Voice,5 Oct 2026,,no,"Thanks for listening. Continue with a related story, or tap the speaker icon on the next page to listen.",El Niño preparedness steps intensified as parents across Kenya warned about floods and disease,"Government officials and regional climate experts say the coming months should be used to strengthen early warning systems, protect vulnerable communities and prepare key sectors for the possible impacts of prolonged heavy rainfall.",yes,no,3,7
Kenya,Agrifood & Climate,"Floods, heat and lost lessons: How climate change is disrupting Kenya’s classrooms",https://news.google.com/rss/articles/CBMiwgFBVV95cUxOYXQtTmhlNWtSYW5ubjU1WUtQa1YwS19Pemg1MWdyRWpqUzl5Umo1LWI1Z0JEM2N5bDNib3FtSkhUdnpRWmZxM1NtU0ZOMTRvXzFvODd6V1VVUEdDVWRhRGR1NEgyejhlNFpNWTBWUXNXX0NRWGxPenJwR1A3WUNzTC1aUUZIdGlQUG5ndVA3VWhWRlM5M3BBRVNzSW4ta0NWdHVQeHZOdUR1eERyU0h0TXRYUElvX29vbWE1TXZuQW9vZw?oc=5,Daily Nation,3 Oct 2026,,no,,,,no,yes,4,4
Kenya,Workforce & Human Capital,Kenya’s Refugee Youth Education Hub listed for Global EdTech prize,https://citizen.digital/article/kenyas-refugee-youth-education-hub-listed-for-global-edtech-prize-n391427,Citizen Digital,5 Oct 2026,"Youth, Refugees",no,,,,no,no,0,8
Kenya,Workforce & Human Capital,"Gareth Parker-Jones named Head of Education, Rendeavour, and Founding Master of Wellington College International Kenya",https://news.google.com/rss/articles/CBMiggJBVV95cUxOWU1zZkhCMGcwTmJaZmVfZHJQWlJoM2RJUWQxWVh4RGlzVXZscFN5bzllRmU2cm5YUGlnWWdZZEo4cjBTTkZ2eTI2S29Hd2Jzd1psS2gxSE1YVmQycFZNc0UzeWR2UWlkaURiLW5DT054NnJmYUZEOVN2YWc0Um9vNEZNS1VzY3FkSjI0Y0QweG1xd0pXT3ljT2puMnpXeF85TnhIbzAxN0lDUGZwc2ZUY0JCWnk1ZHViaFRNcTRielZfZDVuTVJ1RzNQX0prbTNkeTZZN1VpMGpFdU1ydTZJUEVrVGVXazFfNTNkbS00RDZLajRqOHBydXI0WFJXcVdHUnc?oc=5,PR Newswire,2 Oct 2026,,no,,,,no,yes,1,7
Kenya,Workforce & Human Capital,Restore humanity celebrates 20 years of transforming lives in Kenya,https://www.nwaonline.com/news/2026/sep/30/restore-humanity-celebrates-20-years-of/,Northwest Arkansas Democrat-Gazette,1 Oct 2026,,no,,,,no,no,2,6
Kenya,Workforce & Human Capital,"Notre Dame Exoneration Justice Clinic continues annual summer internship program with students from Notre Dame, St. Olaf College, Kenya, and Mexico",https://law.nd.edu/news-events/news/notre-dame-exoneration-justice-clinic-continues-annual-summer-internship-program-with-students-from-notre-dame-st-olaf-college-kenya-and-mexico/,University of Notre Dame,1 Oct 2026,,no,"This summer, the Notre Dame Exoneration Justice Clinic (EJC) welcomed a diverse cohort of 14 student interns from the University of Notre Dame, St. Olaf College, Strathmore Law School in Nairobi, Kenya, and the National Autonomous University of Mexico (UNAM) in Mexico City, Mexico. The interns worked primarily on intake cases, allowing them to review several requests for legal representation and make recommendations on whether to accept or reject cases based on a rigorous screening process. In addition, the interns were assigned to assist in ongoing EJC cases, providing them with a comprehensive understanding of the overall process of building a case.","This summer’s cohort of EJC interns included third-year Notre Dame Law School student Zoë Bonnichsen and second-year law students, Aaron Qiao, Maggie Feighery, and Jack Puricelli; undergraduate Notre Dame students, Victor Kaminski, Caroline Petrikas, and Marco Gonzalez; undergraduate St. Olaf College students, Alex Hollie, Emma Linder, and Sarah Degand; Strathmore Law School exchange students, Anisa Ali and Gina Mulaku, from Nairobi, Kenya; and UNAM exchange students, Diana Bolaños Cuevas and Griselda Santos Garnica, from Mexico City, Mexico.","“Our obligation to our clients does not end at the end of the academic year. We have an obligation to our clients every month of the year,” said Professor Jimmy Gurulé , founder and director of Notre Dame Law School’s Exoneration Justice Clinic. He added that the annual summer internship program provides ""intensified participation for the students.”",yes,no,3,7
Kenya,Workforce & Human Capital,Education as a pathway to biodiversity action: The Wildlife Clubs of Kenya experience,https://iucn.org/crossroads-blog/202609/education-pathway-biodiversity-action-wildlife-clubs-kenya-experience,International Union for Conservation of Nature,29 Sep 2026,,no,,,,no,no,4,4
Kenya,Country-Specific Context,Kenya coffee opens new marketing channels,https://news.google.com/rss/articles/CBMiekFVX3lxTE1hWFRuX2lNaFd4cVJQclBfUVcxV2hac1BjbjUxSGNsWFh2VFVRQjI0LUk3RGw2LVRocmhCM094OHNKUm9ERE0xdVYtTjdVcWxoNTR3YnpKVENVdTlrMENUWWxEeUxfSEtMZFluZURMekV1UVhCM0d0WXRB?oc=5,Kenya News Agency,2 Oct 2026,,no,,,,no,yes,0,8
Mali,Jobs & Employment,Mali: African Development Bank and business leaders strengthen dialogue to improve private sector access to financing,https://www.afdb.org/en/news-and-events/press-releases/african-development-bank-president-secures-eu270-million-financing-agreement-expand-moroccos-airport-infrastructure-97171,afdb.org,2 Oct 2026,,no,,,,no,no,0,8
Mali,Jobs & Employment,Mali strengthens vocational training centre management to improve skills provision,https://news.google.com/rss/articles/CBMiqgFBVV95cUxQbzFJV1F3VTFYQ24ycHVZQ3NWM1hOdlMxLTVVdWk5aklzdi1kTC1LWm1HWTBHVFEyaFJ1SWtqTmRDUkpXdUkwOF85Y0N6U2JiekpkdzdZZV82ZU4yWHZoZHQyNkF3NVh1SElaUXZZVmM5dVNZdFBFMEtHQ2tqdUdOTVRnbk1uSjE1V2hLOU1JQS1Dc2dva2RjR2J3dU51NXhzTHctWWI0aE4tdw?oc=5,ilo.org,2 Oct 2026,,no,,,,no,yes,1,7
Mali,Jobs & Employment,Barrick Mining (B) Reaches Mali Labor Deal To Avert Loulo Gounkoto Strikes,https://news.google.com/rss/articles/CBMimgFBVV95cUxQNC1sXy10LWQ4ZngwMU1SMllYYU5BZHdMSF9zcnFWcFNvQlFkdUM5S21hTEUwdE9JUHdoYTEtZXY5X01QMEpNTFdHcEdOV1BCSHpFblpsQXBqNk93b0wwYld3aExveTBLQmZsdlk4UkNVeUpST0VudGRzbTVXZ1pBMDJva2FPWi1DdzRPbFNZUHpfallhdTJORFRR?oc=5,Yahoo Finance,30 Sep 2026,,no,,,,no,yes,2,6
Mali,Jobs & Employment,From robots to remedies: China's Luban Workshops in Africa,https://news.google.com/rss/articles/CBMivwFBVV95cUxQOEdLZWhJUndUVFo4cmxSczJxYkZDZXdvOGMzSl91QnRjVHVjbWZCeThSUFJZWGltV1ZiTDhsTVpCYW5VdTZodGYzSWE1RHRoOFZFNEhxYVUyWDhYQ1VkY0xFLURWNzd5eE1RNW9lYjVRZ2ZYTGlmUG55UksyeVpZbjlraWhRektMV0hZNERJZTM2Tk5JaW1YY1QwQmxvZHEzSFZDNVR6ODdLaU9aZGJJX3VDMjVBNnpwY1QyaEkxOA?oc=5,news.cgtn.com,3 Oct 2026,,no,,,,no,yes,3,5
Mali,Jobs & Employment,Fired embassy worker wins harassment case but loses most of her damages,https://news.google.com/rss/articles/CBMizwFBVV95cUxPQzN1SEpkZFN2ZXkwMVRDUENoaXlWallxc0xBOGtSNUdyb2F0Y3ZzZlQ3MEVSeXE4aWwyZHNmT2pHM0lPZktJVW00WUlra2Rua2c5RzBLbmE0d3VCZUZJQjdoRFhzbVFpc1J6SHBkVHhMMjlROEFKdVJFcHdkVDkxdjRWVW1MVmlBUk9GYVE2TWZhUzJCOU5mcVpJdlZfVVE2eHJLekg1ZUtHS2J4cjgtY25DY2xEdlg5THhlRldWRUlkSU91YS1zZzIyOE9pUDQ?oc=5,hcamag.com,28 Sep 2026,,no,,,,no,yes,4,4
Mali,Macroeconomy,Mali raises 38.231 billion FCFA on the UMOA financial market,https://www.financialafrik.com/2026/04/07/microfinance-plus-de-2-961-milliards-de-fcfa-de-ressources-mobilisees-par-les-systemes-financiers-decentralises-de-lumoa-en-2024/,Financial Afrik,1 Oct 2026,,no,,,,no,no,0,8
Mali,Macroeconomy,Morocco’s next government faces Oct. 20 deadline to reshape inherited 2027 budget,https://en.hespress.com/146697-moroccos-next-government-faces-oct-20-deadline-to-reshape-inherited-2027-budget.html,HESPRESS English - Morocco News,5 Oct 2026,,no,,,,no,no,1,7
Mali,Macroeconomy,"PMU-Mali Foundation launches US$69,000 job-creation fund for youth and women",https://news.google.com/rss/articles/CBMiggFBVV95cUxObzNhUXdDS0hTX0JTalJiWWhIWEJlVHVJX1dDbEhpcmhPOTZ1dC1Pbkp6TklINUFkMFF3WDlEZXpINUFhekY3NTlST201aVRUVGtOenVyRjJnSnJmTlBEWU1zZFl2M20wUFE2cWtLbUJqdGxmQ0QwSEY0b09XSjVGb2V3?oc=5,focusgn.com,30 Sep 2026,"Youth, Women",no,,,,no,yes,2,6
Mali,Macroeconomy,Samsung Galaxy M08 and F08 budget smartphone launched: Here's what we know,https://tech.sportskeeda.com/mobiles/samsung-galaxy-m08-vs-redmi-17c-5g-which-better-budget-smartphone,Sportskeeda Tech,1 Oct 2026,,no,,,,no,no,3,5
Mali,Macroeconomy,"N1 Debate: Mali, Nikezic, Bajatovic on Wages and NIS",https://news.google.com/rss/articles/CBMinAFBVV95cUxONGpMQTg1bW5ueFNDM0tWbXB1bFhvVlJ5bVFfQlBCa2VXeFdGSW9iNzlFR21Tazc4dW9aT0RaZENIdDBzUUpVd0dLOUtTYWExZ1JmelRFa3B6bGtMYTFXU20yMjNOYldnTFJJYlUxWGFwRGVqN2pOVFduWXRxQXNvdG1ERzFUU2JGbGVfRnNGdnFCcWd4M1dRMlFDOXU?oc=5,srpske.rs,2 Oct 2026,,no,,,,no,yes,4,4
Mali,Digital Economy,"Egypt, Mali deepen digital ties",https://news.google.com/rss/articles/CBMiggFBVV95cUxNLWYyZzF0VHZSSzlBSTRrQTcxa184QUpMWUFpeEsxanlZdHBQX0dnN1YzaF84clJkemoxdWJCMmZ3d0tzUlNoa1NWRHR6UTRabzhwU1B1UGw5TC0zcDZMb0JvTW5kT3dWY0tYMEFyUEdvSjdFSU9yMG1wRXpId2Z3VHFB?oc=5,ITWeb Africa,29 Sep 2026,,no,,,,no,yes,0,8
Mali,Digital Economy,"Egypt, Mali Discuss Cooperation On Digital Infrastructure And AI",https://cioafrica.co/egypt-mali-discuss-cooperation-on-digital-infrastructure-and-ai/,CIO Africa,28 Sep 2026,,no,,,,no,no,1,7
Mali,Digital Economy,"Egypt, Mali discuss cooperation on digital transformation, government services - Tech - Business",https://news.google.com/rss/articles/CBMiWEFVX3lxTE80cDVta2R1VDhpRU03RWp4OTl6bWFMOEEyeGJJNzlfOVk3dHZYUDRkamVqWGVzalNham5RTlFlVXRXN0M3NmMyVTk1dnJxWnFVTW9MQjNMV2U?oc=5,english.ahram.org.eg,28 Sep 2026,,no,,,,no,yes,2,6
Mali,Digital Economy,Togolese and Malian data regulators agree to share regulatory expertise,https://www.telecompaper.com/togolese-and-malian-data-regulators-agree-to-share-regulatory-expertise/,Telecompaper,28 Sep 2026,,no,,,,no,no,3,5
Mali,Digital Economy,Lesaka returns to profit as merchant division faces major reset,https://www.ewn.co.za/lesaka-returns-to-profit-as-merchant-division-faces-major-reset/,ewn.co.za,15 Sep 2026,,no,"Stephen Grootes speaks to CEO Lesaka Technologies, Lincoln Mali,about the restructuring of Lesaka Technologies' merchant division, recent job cuts, the integration of four acquired businesses, and how the company plans to restore growth while preparing to bring Bank Zero into the group by the end of the year.","Lesaka Technologies has returned to annual profitability for the first time since its creation in 2022, with the fintech group now turning its attention to restructuring its underperforming merchant division and scaling its broader platform.","The group reported net revenue of R6.33 billion for FY2026, up 20%, while adjusted EBITDA climbed 41% to R1.27 billion and adjusted earnings per share more than tripled to R6.51.",yes,no,4,6
Mali,Governance,Who can speak on behalf of the people? The new frontiers of protest in the Sahel,https://globalvoices.org/2026/09/30/who-can-speak-on-behalf-of-the-people-the-new-frontiers-of-protest-in-the-sahel/,Global Voices,30 Sep 2026,,no,"Demonstrations in the Sahel: (left) Mali , (center) Niger , and (right) Burkina Faso . Screenshots via YouTube.","This post is part of Global Voices’ September 2026 Spotlight series, “ Protest in Democracy .” With this Spotlight, we seek to explore the many forms of protest, the tactics states use to delegitimize and suppress them, and the complex relationship between protest and democracy. You can support this coverage by donating here .","In the countries of the central Sahel, Mali, Burkina Faso, and Niger, military juntas present themselves as the voices of restored popular sovereignty. At the same time, political parties have been dissolved in all three countries, more than a thousand civil society organizations have been suspended in Burkina Faso, and labor unions are under attack in Niger. What becomes of the right to protest when those in power claim to embody the very people on whose behalf the protests are being held?",yes,no,0,10
Mali,Governance,"Burkina Faso, Mali and Niger launch Tafouk TV channel to push their own narrative",https://news.google.com/rss/articles/CBMiswFBVV95cUxQbWdhODVsd21pYTNlWTBnMmNsZHh5ZzBrZE9yRGgtYktBRHFVWjRBbTRBV1pWcW03TGRHYTgzZlNBV2pHNEFmN1B2MlFzdXZ6WmhvX05MZWcwdDVHMUZibTdYb2lnX0x6TEw1MTZKLVRFTW4tWVRoQzFGM0hEend2cmJMbHVRNUtMdjZMUnBUUG1FdnBEd2c2QzJ4R2x5ZFdrSnB4NkxHUXpDQnM5UGZ5NnFfQQ?oc=5,RFI,29 Sep 2026,,no,,,,no,yes,1,12
Mali,Governance,The Raging Information Battle in Nigeria,https://africacenter.org/spotlight/the-raging-information-battle-in-nigeria/,Africa Center for Strategic Studies,29 Sep 2026,,no,"Foreign actors are targeting Nigeria with manipulative information operations to erode trust, deepen polarization, and shape security narratives to gain greater leverage over Nigeria’s political and economic trajectory.","Network map on Nigerian social media topics shows detected coordinated inauthentic behavior (in red) closely overlaps with accounts spreading pro-Russian narratives and those promoting military-led governance. The accompanying bar charts show the most influential accounts in this conversation across two 6-month periods. The leading amplifiers in both periods are documented or suspected malign information operation (IO) assets, illustrating how a relatively small number of coordinated actors can exert disproportionate influence. Over time these narratives are increasingly picked up and shared by authentic accounts. Click the graphics for a full size image.","Nigeria is facing a host of coordinated and deceptive foreign information campaigns intended to shape public perceptions of insecurity, governance, and Nigeria’s regional partnerships.",yes,no,2,8
Mali,Governance,Spain protests: Evicted 87-year-old woman to return to Madrid home,https://news.google.com/rss/articles/CBMiqgFBVV95cUxQZkFFaWU3VWZ0OFh5MzcxbjNQeHl3MktYVTZsQi1VRUkzaS1KWFpXSUEyN3M2TERNM2hmVkJpVG9iNE56bnZMQzhhZXR5MzBsUEstM2JsUXR3OUdmR1FHZzBibGhaalBJYWRDVlBRMkdUbzJPcEM3THU2M1FhYXNxb3hFdmlWQW5RY3VVNXo1Zi11VUpmanE3YWZfZFlvVl9RRzUyeWxJdmF0Z9IBrwFBVV95cUxQLU5sNkN5bWJjS0I0aVlHcTc1eS1XbHA3eEVMYV9aOEZtQUZMVlZjU3RXaHJPX3JWVDR6TnZibGNRSjUwWFhaNmdueEFkeG92MmJid0oyQTE5c0JCaUJzNFQ1TEJLWk9WVm9rVktNMENMblRwa3JXUWxkSS1CeUJYaFhSbEJOSkcwekVVYXFKV3lGVTR1OTV5eFZFdFg3M3cta3BTcTZaOXhYZjlGaWVN?oc=5,Al Jazeera,29 Sep 2026,,no,,,,no,yes,3,5
Mali,Governance,Côte d’Ivoire and the Sahel: Trade thaws a political freeze,https://news.google.com/rss/articles/CBMingFBVV95cUxQRjRZa3FrQ0dPTW5HVnhOUjN3NU1JYXA2YnVwOUNCMkloajhtTWJHeXIyMEpjWEpwMGxWWnJtdHhHYUt1ejJFdTBzcTcxM3lCbTJpSXQ4NUZZMERzWVRyWExtT0hOQTg2cmF5cUdUblZQa0R4T2FGYVBrMEJndW1oM1d6RWh1QjNzVWEtTEp2N0VhMHlJSnNXNU1rWnYxZw?oc=5,The Africa Report,30 Sep 2026,,no,,,,no,yes,4,4
Mali,Agrifood & Climate,What women told us in 2025: Women (in VSLAs) Respond: Full Report,https://news.google.com/rss/articles/CBMilwFBVV95cUxNUld1NWl6aGlwQTRaNjlscWFzYmF4bmh5Nml3RWNHaW0zemJhclU1S0JZMDdrdFdicWFvVm5kNGFjMEljUjBJV013SWhoZVFHQlpUbTBHbEpjR2h2dV9XaXpWbWtMTDNxcmZyQ0FNMmlNR3diRTl1NWhIcVdxX2dLNW5VbmNOd0ZmZ1daSmc4b01qV3lIVHo4?oc=5,ReliefWeb,2 Oct 2026,Women,no,,,,no,yes,0,8
Mali,Agrifood & Climate,Mali... When Agriculture Becomes a Pillar of National Sovereignty,https://news.google.com/rss/articles/CBMiW0FVX3lxTE9VWDA2NlZSX1VSTUN0b0pFQzljOTlkQ1gxTUt0NGxZRVRBQWJJWHhuSzIyWDM5NmRpUjExUEk3a2N3RDNvUmhWSGZUUkVuSHhBUWpOdGtobzRSNFE?oc=5,sadanews.ps,1 Oct 2026,,no,,,,no,yes,2,6
Mali,Agrifood & Climate,Culture versus climate: how global heating endangers Unesco heritage sites,https://www.modernghana.com/culture-versus-climate-how-global-heating-endangers-unesco-heritage-sites/,Modern Ghana,3 Oct 2026,,no,,,,no,no,3,5
Mali,Agrifood & Climate,Villagers fight to save land from the sea,https://fijisun.com.fj/news/nation/villagers-fight-to-save-land-from-the-sea,Fiji Sun,5 Oct 2026,,no,,,,no,no,4,4
Mali,Agrifood & Climate,"If Msimbazi’s prayers work, can Doumbia also deliver Taifa Stars from their goal drought?",https://dailynews.co.tz/if-msimbazis-prayers-work-can-doumbia-also-deliver-taifa-stars-from-their-goal-drought/,dailynews.co.tz,4 Oct 2026,,no,,,,no,no,5,6
Mali,Workforce & Human Capital,"Learning needs more than just a classroom: UNICEF and partners together for a safe, healthy, and inclusive start to Mali’s school year",https://news.google.com/rss/articles/CBMixAFBVV95cUxNQUFCRDNBUlhTZkM1UTN0U3Q5WnBFQnhFNG56T3FYcGxCNkFlcE42VFBqazQzSV9xcU85VzRsZjNaSUNZS3pwYUhpRU0tUFFMTUFBa2JlWmw4WTg3T01mVm1zZ0E4cUdKUWpsWXR0bHFEdDBHN2dXQmFVVVZfeF9UeVk2S3hZTEdjN0tRRk8tZVJuWDZXdVhwTUhlRVctMHMtWXRyQVYwVHRtcGt5SW43M0NwcmJJSVNQR0UwMDB2Z0FYSVIx?oc=5,UNICEF,2 Oct 2026,,no,,,,no,yes,0,8
Mali,Workforce & Human Capital,"Mali: more than 2,400 schools remain closed as insecurity disrupts new school year",https://news.google.com/rss/articles/CBMiuwFBVV95cUxPWVFwaFJZZl91ckwyN3VIbXVxWFAtem9kUlRjWGtDUnJFUVRIYURHdk4tWEJhdHE0VElnZW0zVlMySUhldVFjMktSYS1mSkZ2cUsyNURodUZOMFdWNTA3ekh1dWNlbV85UXdPaTlTSmw4Um1BUnk3ODFfa3pXdEhfSDViWW5sdmVfdTg5UHh3YlNkSkxLWDd6VVFZSjNvSG5IRVY5ZlFrQ2h5VlNNQ3FBU0tEdFh4bDJacU9B0gHAAUFVX3lxTE9SRk4zbHpJOW9SLXNsNEstX09iZDdFMWtyRXVlVFNzdnRKaEk0eEJqM3F1Tzh0VkZKcU82NWxYVGFKMVJJZW50LS1rSWtndlBFa21iZVBjSXYtVXZQdF9RMlh0b3gyd05CbTB1aXdnRG00aXREOXYtZnNscUE5cks3Z0RlUVNzTGJZeUhXTkY5S1FCQ2VXWVlzemdJMnM1aVhUVkJxT0txczNkNDdUaDZ2N2M0bm5Vc1pIZ0RCaHBYRQ?oc=5,africanews.com,1 Oct 2026,,no,,,,no,yes,1,11
Mali,Workforce & Human Capital,Sissonville Football Roster (2026-27),https://news.google.com/rss/articles/CBMigAFBVV95cUxOT0xGMXIwMExWUkNFRklaWVV6bm5XcDEwYkRETjBFbGx4a3FHQlVUdTlmMGdmakoxam0xQ0IwazFtc0JaVlFEMDA0MUEzeEp6eTFKbk9RSVU1OTBJUk1KSzhOSVhEM0dVWk82UUJDSm5hNmVIUGFhN2VqdW40UVRKeg?oc=5,MaxPreps,28 Sep 2026,,no,,,,no,yes,4,4
Mali,Workforce & Human Capital,‘Di puro mali! Joey Salceda wants to improve quality of textbooks,https://news.google.com/rss/articles/CBMikgFBVV95cUxOLXZKUmg4Mi1PRWd1MFZHdnB2NW9ocEJmeG1CbnF6MHFvMlpORHJuZ3EtMzdhMmNidzlvcTZWQVN5X2hva05yV3NkSmw1Y2VtVHQyZG1IWm1wOVFrSDRUZHhqREdIS3IwTnFrbGhHVjZDYXUtZFItOVhzYjBWRXNzdFVjQTdRc0hQMTRkOHJaUlJIdw?oc=5,politiko.com.ph,1 Oct 2026,,no,,,,no,yes,5,3
Mali,Workforce & Human Capital,Township and village schools make rugby history,https://grocotts.ru.ac.za/2026/09/30/township-and-village-schools-make-rugby-history/,Grocott's Mail,30 Sep 2026,,no,,,,no,no,6,3
Niger,Jobs & Employment,"PIND, KEFFESO HCDT, Ink Partnership to Expand Jobs, Clean Energy in Bayelsa Host Communities",https://freshangleng.com/42118/pind--keffeso-hcdt--ink--partnership-to-expand-jobs--clean-energy-in-bayelsa-host-communities,Fresh Angle,1 Oct 2026,,no,,,,no,no,0,8
Niger,Jobs & Employment,"PIND, KEFFESO HCDT sign three-year pact on youth jobs, clean energy",https://thenationonlineng.net/pind-keffeso-hcdt-sign-three-year-pact-on-youth-jobs-clean-energy/,The Nation Newspaper,1 Oct 2026,Youth,no,"The Foundation for Partnership Initiatives in the Niger Delta (PIND) and the KEFFESO Host Community Development Trust (KEFFESO HCDT) have signed a three-year Memorandum of Understanding (MoU) to promote youth employment, clean energy and sustainable livelihoods across 11 host communities in Bayelsa State.","The partnership combines KEFFESO HCDT’s community development mandate with PIND’s expertise in enterprise development, energy access, peacebuilding and partnership building across the Niger Delta.",The initiatives under the agreement will align with KEFFESO HCDT’s approved five-year Community Development Plan.,yes,no,1,9
Niger,Jobs & Employment,"FG targets 10,000 jobs per abattoir, seeks end to live cattle transport",https://news.google.com/rss/articles/CBMid0FVX3lxTFA2NG5WOWVaakdNTEVENnJxd2d2Tm5weEctRzdMNFV6RXE1amxRbkh1S1JLeEVNeG4za1hrYVdNZTQxZ1o0bTJQUGN4UjFiZDdVczB0dllicERPM2d4N2REb28zbDg4NC16MGtfX0MyUnExS09UUTNn?oc=5,Punch Newspapers,2 Oct 2026,,no,,,,no,yes,2,10
Niger,Jobs & Employment,"Newspaper Headlines — Tuesday, 29th September, 2026",https://www.tvcnews.tv/newspaper-headlines-tuesday-29th-september-2026/,TVC News,29 Sep 2026,,no,"The major national newspapers lead with developments across politics, the economy, healthcare and the petroleum sector. The Nation reports that the APC has begun reconciliation efforts in five states ahead of the 2027 elections, while Vanguard examines the debt burden of listed companies and the possible implications for jobs and…...","The major national newspapers lead with developments across politics, the economy, healthcare and the petroleum sector. The Nation reports that the APC has begun reconciliation efforts in five states ahead of the 2027 elections, while Vanguard examines the debt burden of listed companies and the possible implications for jobs and investment.","The Guardian focuses on Nigeria’s growing heart disease burden amid high treatment costs and shortages of specialists and infrastructure. Punch reports a fresh legal battle over petroleum import licences, while ThisDay highlights the Federal Government’s push for a larger national budget to support Nigeria’s ambition of becoming a $1 trillion economy.",yes,no,3,7
Niger,Jobs & Employment,"Nigeria@66: : Ex-agitators celebrate N- Delta peace, declare support for Tinubu",https://news.google.com/rss/articles/CBMirwFBVV95cUxPazVWVjdaRFo3NWx4bmdTbWpqdWQzWFZwbFVVYTN5eE5xYmdUaGU1b0dwSEdrUkR3Y3libWVrYzd4d0hUdXo4Tkd1aDNtN0tGRjJsYmZ0TDY5MG9FLXE5VzdCYU83dWJxbzVrTl9PeTF4cmpCbGRXQ095MnR6N3FzY3lRTEw5RDNGbWZJNi1uTVBkVUJ1MlZYYXpOR1YxenpCX0pIdDUxWXdmTGtvcnRn0gG0AUFVX3lxTE9jY2ZvWG5kU2xKRTF6SnRnaVVPT1FGVkNlQnVvYlROWThDM0dwbkJ1bDdWWUVQd3BnMmFIS1duek9UTk55cFdYel9HVElwWEhPNzc3ODh2RDI2WGowbFNFMUctcFFOLXYzUGxUSk5iTC0wOEFGcUx3d2Q1dV9OeEI3b2piNW1PRjVSeERSNmhJbVRWOFVoOTlaWnJ5aVg3aWRwRURERmVWc3dTNVZzc2JaTEYwOQ?oc=5,Vanguard News,2 Oct 2026,,no,,,,no,yes,4,4
Niger,Macroeconomy,"Senate Receives 2026 NDDC Statutory Budget from President Tinubu, with Focus on Youth Empowerment and Job Creation",https://naltf.gov.ng/senate-receives-2026-nddc-statutory-budget-from-president-tinubu-with-focus-on-youth-empowerment-and-job-creation/,naltf.gov.ng,4 Oct 2026,Youth,no,,,,no,no,0,8
Niger,Macroeconomy,"Senate Extends 2025 Capital Budget Implementation for Fourth Time, Moves Deadline to December 31",https://www.thisdaylive.com/2026/09/30/senate-extends-2025-capital-budget-implementation-for-fourth-time-moves-deadline-to-december-31/,THISDAYLIVE,30 Sep 2026,,no,• Senator blames centralised payment system for slow execution,•Says policy now ‘cork in the wheel’ of budget implementation,•Tinubu seeks passage of NDDC’s 2026 appropriation bill,yes,no,1,9
Niger,Macroeconomy,Tinubu sends NDDC 2026 budget proposal to Reps for consideration,https://news.google.com/rss/articles/CBMiowFBVV95cUxPdjVlSFJzbExzQmJ4djkyVkxLbG0tUFNHUHpiZDVjMDgzOXVNLWItMWFVMHRsam9xdFFQbzhnVlY5d1Awa2Mza09wQkRhbXVOT2JmcHNlRVhoWlNYa3ZTcUhmcU5RaG1MWVpoaTEwQldJeUt2QWo1T2UxUkRZNGlrSUdvTVJEVlA5VmZhR0pfdE0taWNBVHNXSWg2RzJwQndDWmd30gGoAUFVX3lxTFBlT1BwYzNNS0JwbWxRNlNqZERqVzNpdXQ1OWs5QU5SQWZIS3d4OWY4V3J1OU5mWGttUGR2R1QwNmxWQlBWcGZsU2NXQWxpQmFCb2xEbzJ1UDRDVDdlckxVcVg5UWxVcEVkdDVESXR5VFA2WjJiMjF1dThZN3Z5bmJ0em1veExYTlM2cmJvb2hTaE5vVDBKZHdBVFVsVjdCZHRQSTZMM1RzMw?oc=5,Vanguard News,29 Sep 2026,,no,,,,no,yes,2,6
Niger,Macroeconomy,"Tinubu transmits NDDC 2026 budget, medical, research bills to Reps",https://guardian.ng/news/tinubu-transmits-nddc-2026-budget-medical-research-bills-to-reps/,The Guardian Nigeria News,29 Sep 2026,,no,President Bola Ahmed Tinubu has transmitted the 2026 statutory budget proposal of the Niger Delta Development Commission (NDDC) and two bills to the House of Representatives for legislative consideration.,"The submissions cover funding for development projects in the Niger Delta, expanded academic powers for the National Postgraduate Medical College and the establishment of a National Research Development Fund.","Tinubu conveyed the NDDC budget proposal in a letter dated August 20, 2026, addressed to the Speaker of the House of Representatives, Tajudeen Abbas.",yes,no,3,7
Niger,Macroeconomy,Tinubu asks Reps to pass NDDC 2026 statutory budget,https://punchng.com/tinubu-asks-reps-to-pass-nddc-2026-statutory-budget/,Punch Newspapers,29 Sep 2026,,no,"President Bola Tinubu has urged the House of Representatives to consider and pass the Niger Delta Development Commission’s 2026 statutory budget, with youth empowerment, electricity, education, healthcare, security and agriculture listed among the commission’s major priorities.","The president made this known in a letter dated August 20, 2026, addressed to the Speaker of the House, Tajudeen Abbas, in which he transmitted the proposed budget to the chamber for legislative consideration.",Tinubu said the proposal was prepared by the Minister of Niger Delta Development in accordance with Section 121 of the Constitution.,yes,no,4,10
Niger,Digital Economy,Ijaw group hails Otuaro over deployment of 150 Niger Delta scholars to UK varsities,https://thesun.ng/ijaw-group-hails-otuaro-over-deployment-of-150-niger-delta-scholars-to-uk-varsities/,The Sun Nigeria,5 Oct 2026,,no,"The Ijaw Youth Network (IYN) has commended the Administrator of the Presidential Amnesty Programme (PAP), Dr Dennis Brutu Otuaro, for deploying 150 Niger Delta youths to universities across the United Kingdom for postgraduate studies.","In a statement issued on Sunday by its President, Frank Ebikabo, and Secretary, Federal Ebiaridor, the group described the deployment as a demonstration of visionary and purposeful leadership.","The IYN also praised President Bola Ahmed Tinubu for his steadfast support for the PAP, saying the President’s backing remained the driving force behind what it described as the programme’s unprecedented achievements under the current administration.",yes,no,0,10
Niger,Digital Economy,2027: Ijaw youths rally behind Tinubu after 243 Niger Delta scholars’ UK deployment,https://thenationonlineng.net/2027-ijaw-youths-rally-behind-tinubu-after-243-niger-delta-scholars-uk-deployment/,The Nation Newspaper,4 Oct 2026,Youth,no,"The deployment of 243 Niger Delta postgraduate scholars to overseas universities this year has triggered a fresh mobilisation for President Bola Tinubu’s 2027 re-election, with the Ijaw Youth Network (IYN) vowing to rally support for the President across the oil-rich region.",The group said the Federal Government’s sustained investment in the education and human capital development of Niger Delta youths through the Presidential Amnesty Programme (PAP) had convinced it that the region should reciprocate the Tinubu administration’s support with massive electoral backing at the 2027 polls.,"IYN made the declaration while commending the PAP Administrator, Dr Dennis Brutu Otuaro, for the latest deployment of 150 Niger Delta youths to universities in the United Kingdom for postgraduate studies.",yes,no,1,9
Niger,Digital Economy,Ijaw group hails Otuaro over PAP scholarship programme,https://guardian.ng/news/ijaw-group-hails-otuaro-over-pap-scholarship-programme/,The Guardian Nigeria News,4 Oct 2026,,no,"The Ijaw Youth Network (IYN) has commended the Administrator of the Presidential Amnesty Programme (PAP), Dr Dennis Brutu Otuaro, over the programme’s deployment of Niger Delta youths to universities in the United Kingdom for postgraduate studies.","The group also praised President Bola Tinubu for his administration’s support for the PAP, while pledging to mobilise support for the President ahead of the 2027 general election.","IYN President, Frank Ebikabo, and Secretary, Federal Ebiaridor, made the remarks in a statement issued on Sunday.",yes,no,2,8
Niger,Digital Economy,Ijaw Group Hails Otuaro Over Deployment Of 150 Niger Delta Scholars To UK Varsities,https://independent.ng/ijaw-group-hails-otuaro-over-deployment-of-150-niger-delta-scholars-to-uk-varsities/,Independent Newspaper Nigeria,4 Oct 2026,,no,,,,no,no,3,5
Niger,Digital Economy,"50,000 North-Central youths to get free digital skills training",https://guardian.ng/technology/telecoms/50000-north-central-youths-to-get-free-digital-skills-training/,The Guardian Nigeria News,2 Oct 2026,Youth,no,Fifty thousand young people across North-Central Nigeria are set to receive free digital and employability training under the Federal Government’s iDICE Skills-to-Jobs Programme.,"Applications are now open to eligible youths aged between 15 and 35 in Benue, Kogi, Kwara, Nasarawa, Niger, Plateau and the Federal Capital Territory. The programme is designed to equip participants with practical skills for employment opportunities in the digital services and Business Process Outsourcing sectors.","The intervention is part of the Skills-to-Jobs component of the Investment in Digital and Creative Enterprises programme , which targets 300,000 young Nigerians across the six geopolitical zones.",yes,no,4,6
Niger,Governance,"'Absolutely nothing' justifies arrest of Niger journalist, rights expert tells RFI",https://news.google.com/rss/articles/CBMizAFBVV95cUxQeTBaM25ZYWNKcWZfakNFX0xPQ0txb0JOU2ZEb0VjTk1mZEtuYkFDQmdYdThJWEpySjJSUHV4bWVsOENzZU5wbE9KNTBPQUNpbUJwZ21LUEJQRmR6RnJhV2g2YXNSclFMYzMzQW0wcUFTUG9tZmxDSGtBelY3U3BOVk1kOGlFTGpOelFUTk02RThSN1pRaUlrbUptUWROMURMMElyOG95OVFpYmZkanBCLXlraVhhVGxzUWlBM1ZzRjJkVDFkVU9nNGVGS0I?oc=5,RFI,1 Oct 2026,,no,,,,no,yes,0,13
Niger,Governance,Who can speak on behalf of the people? The new frontiers of protest in the Sahel,https://globalvoices.org/2026/09/30/who-can-speak-on-behalf-of-the-people-the-new-frontiers-of-protest-in-the-sahel/,Global Voices,30 Sep 2026,,no,"Demonstrations in the Sahel: (left) Mali , (center) Niger , and (right) Burkina Faso . Screenshots via YouTube.","This post is part of Global Voices’ September 2026 Spotlight series, “ Protest in Democracy .” With this Spotlight, we seek to explore the many forms of protest, the tactics states use to delegitimize and suppress them, and the complex relationship between protest and democracy. You can support this coverage by donating here .","In the countries of the central Sahel, Mali, Burkina Faso, and Niger, military juntas present themselves as the voices of restored popular sovereignty. At the same time, political parties have been dissolved in all three countries, more than a thousand civil society organizations have been suspended in Burkina Faso, and labor unions are under attack in Niger. What becomes of the right to protest when those in power claim to embody the very people on whose behalf the protests are being held?",yes,no,1,9
Niger,Governance,Côte d’Ivoire and the Sahel: Trade thaws a political freeze,https://news.google.com/rss/articles/CBMingFBVV95cUxQRjRZa3FrQ0dPTW5HVnhOUjN3NU1JYXA2YnVwOUNCMkloajhtTWJHeXIyMEpjWEpwMGxWWnJtdHhHYUt1ejJFdTBzcTcxM3lCbTJpSXQ4NUZZMERzWVRyWExtT0hOQTg2cmF5cUdUblZQa0R4T2FGYVBrMEJndW1oM1d6RWh1QjNzVWEtTEp2N0VhMHlJSnNXNU1rWnYxZw?oc=5,The Africa Report,30 Sep 2026,,no,,,,no,yes,2,6
Niger,Governance,Niger: Fresh bloodbath as three youths shot dead,https://thesun.ng/niger-fresh-bloodbath-as-three-youths-shot-dead/,thesun.ng,4 Oct 2026,Youth,no,"There was early morning pandemonium in the Kpakungu area, a suburb of Minna, the Niger State capital, on Sunday when youths numbering over 100 took to the streets to protest the killing of one of them by members of the local vigilante. This brought commercial activities to a temporary halt for several hours, with early morning worshippers also stranded.","The protesting youths blocked the ever-busy Minna-Bida highway, thereby disrupting vehicular and tricycle movement, including commercial motorcycles.",The protests quickly degenerated into destruction of public property and looting of shops along the road as residents scrambled for safety.,yes,no,3,7
Niger,Governance,"Three Killed As Vigilantes, Youths Clash In Minna",https://www.channelstv.com/2026/10/04/three-killed-as-vigilantes-youths-clash-in-minna/,Channels Television,4 Oct 2026,Youth,no,"At least three people have been killed following a clash between local vigilantes and aggrieved youths in Kpakungu and Gbeganu areas of Minna, the Niger State capital.","The incident began at about 10:30 p.m. on Saturday, October 3, when a group of vigilantes reportedly mobilised to Kpakungu to arrest some suspected miscreants.","According to the Niger State Police Command, a vigilante member allegedly shot and killed a man identified as Aliyu during the operation, sparking protests in the area.",yes,no,4,6
Niger,Agrifood & Climate,UNESCO strengthens Niger State's capacity for climate-resilient flood planning,https://www.unesco.org/en/articles/unesco-strengthens-niger-states-capacity-climate-resilient-flood-planning,UNESCO,29 Sep 2026,,no,"Minna, Niger State — UNESCO convened a three-day technical dialogue and capacity-building meeting last week in Minna, Niger State, bringing together relevant State Ministries, Departments and Agencies (MDAs) and national stakeholders to strengthen flood preparedness, climate-informed planning and resilience. The activity was implemented under the project “Strengthening Flood Resilience in Nigeria to Foster Long-Term Societal Stability – Focus on Niger State,” with support from the Government of Japan.",The meeting provided a platform for participating institutions to reflect on lessons and challenges arising from the devastating floods experienced in Niger State in 2025. Participants assessed existing institutional capacities and identified gaps that could affect preparedness and the ability to reduce the impacts of future flood events.,"Discussions focused on critical areas including governance, institutional frameworks, logistics and financing, with emphasis on strengthening coordination and systems for improved flood preparedness and community resilience.",yes,no,0,10
Niger,Agrifood & Climate,Niger summary,https://news.google.com/rss/articles/CBMiUkFVX3lxTFBCTmlKelpaWjI4dFlWa3NoeTBjeUU1dDBYZnVlUkc5MUNnZVpjd3lYYjVKblNCc1paVkxsUG95bW5TOXU3OHdCbU9uT0o5d0FYcXc?oc=5,Britannica,30 Sep 2026,,no,,,,no,yes,1,7
Niger,Agrifood & Climate,Côte d’Ivoire and African Development Bank Group launch $24 million investment to strengthen climate resilience and restore forest landscapes,https://www.afdb.org/en/news-and-events/press-releases/unga81-african-development-bank-group-and-partners-launch-free-ai-training-african-public-officials-97043,afdb.org,28 Sep 2026,,no,,,,no,no,2,6
Niger,Agrifood & Climate,Women restore Niger Delta mangroves after decades of oil pollution,https://theclimatewatch.com/women-restore-niger-delta-mangroves-after-decades-of-oil-pollution/,The Climate Watch,4 Oct 2026,Women,no,,,,no,no,3,5
Niger,Agrifood & Climate,Niger: Tiani summons CCR on agriculture and terminates Hadiza Adamou’s position,https://news.google.com/rss/articles/CBMipgFBVV95cUxOcFlvaEpVTnlYajVQcWJyeTRwZGJLWUhTZVhuVEphUTFkZHFBRzNmWHViTjN6STVESzd1V0hKOE1wWkVLN1J4VXRfR21OUFc2bmhBR19aUWh2YlotN3ozTjlQc1JrcWxhX1RpMVl5Zk4tbHRpRFJPNmVGb1FZSENWcGdUcXIzVkhoYndwZlVXWWhfN2dfLU1UZzJMREg3MkxNZzQ5QUVB?oc=5,Benin Web TV,2 Oct 2026,,no,,,,no,yes,4,4
Niger,Workforce & Human Capital,Did UNICEF predict Niger State will not have boys in Grade 7 by 2027?,https://dubawa.org/did-unicef-predict-niger-state-will-not-have-boys-in-grade-7-by-2027/,Dubawa,1 Oct 2026,,no,"Claim: Niger State Governor Umaru Bago recently claimed a UNICEF report predicted that by 2027, there would be no male child in Grade 7/JSS1 in Shiroro and Munya local government areas of the state because children had left school and gone into artisanal mining.",Verdict: False. UNICEF told DUBAWA it did not conduct or commission a study on the impact of artisanal mining on children’s school attendance in Shiroro or other Local Government Areas (LGAs) in Niger State.,"Niger State Governor Umaru Bago recently claimed that a UNICEF report projected that by 2027, some areas of the state would have no male children in Grade 7/JSS1 because children had left the classrooms to engage in artisanal mining.",yes,no,0,10
Niger,Workforce & Human Capital,"About 200 Pupils Abandon Niger State School Over Dilapidated Classrooms, Group Demands Government Action",https://news.google.com/rss/articles/CBMiwgFBVV95cUxPUnFGNGFNR0RuRjcxREZKSGtyUDJvbENLY0JnMDljYWg2bndYM2tOU2lKWV83TmptVGVYZzVWMVN5WldqMVhzUDZFREV4ZFZjRlhwX2NXNmpncVI5SGRXTlU3cFBlQ1dCYUg0RHNRanlCYlNWU3lodllDVEt3ZUFaemNfLUNzZzN3YVlSckR1ODNPLWNyZ0dZV2JpdE1zeEJlbFVKb2F0ZmtqNlFFU0p4R2hJb1RvYkh1aHdQNGdNSHhGQQ?oc=5,Sahara Reporters,1 Oct 2026,,no,,,,no,yes,5,3
Niger,Workforce & Human Capital,Niger-Russia: Tiani calls for accelerated cooperation ahead of Moscow summit,https://news.google.com/rss/articles/CBMiowFBVV95cUxOVk9DOEt3dEh5djZWZ2tucVFPQXpQVDMwMXlENmxSSFJ1MUxqYzgwUWp5NFo1Rnp4bE5PMTRiQnZ4NzZFcGduVG8xX1hQRjdIUlNQdDR1R2VGc2RUZmhXYTlUeTBMczBmSVlxV3ROd0h4Vm1yeVNJOUxjQVJKZVd3eG9kTmNKUkctZ2dWSUNJam1qTExQMlFUeEM3NFRRajlZMzZB?oc=5,Benin Web TV,3 Oct 2026,,no,,,,no,yes,6,3
Niger,Workforce & Human Capital,Ijaw group hails placement of 150 Niger Delta scholars in UK varsities,https://punchng.com/ijaw-group-hails-placement-of-150-niger-delta-scholars-in-uk-varsities/,Punch Newspapers,4 Oct 2026,,no,"A Niger Delta group, the Ijaw Youth Network, has hailed the placement of 150 Niger Delta youths in universities across the United Kingdom for postgraduate studies under the Presidential Amnesty Programme.","The group described the development as a boost to human capital development in the Niger Delta and commended the Administrator of the PAP, Dr Dennis Otuaro, for implementing the scholarship scheme.","In a statement issued on Sunday by its President, Frank Ebikabo, and Secretary, Federal Ebiaridor, the IYN also commended President Bola Tinubu for his support for the programme.",yes,no,7,9
Niger,Workforce & Human Capital,"FG flags off skills training for over 2,500 Nigerian youths in Abuja, Niger",https://blueprint.ng/fg-flags-off-skills-training-for-over-2500-nigerian-youths-in-abuja-niger/,Blueprint Newspapers,3 Oct 2026,Youth,no,,,,no,no,8,3
Somalia,Jobs & Employment,"World News in Brief: Cycle of violence continues in Haiti, seafarer deaths off Somalia, food insecurity in the Middle East",https://news.google.com/rss/articles/CBMiV0FVX3lxTE9XMFZvbld1ZnRnZnhaYXJrOUlFdDFCS1hUX01oRVNjTzZwUXNGOXNrZ3c5d0gwVllKYU9OMUlVd3BsUzdYVkRETWNCV3J3dkdzdkNXQjlybw?oc=5,UN News,2 Oct 2026,,no,,,,no,yes,0,8
Somalia,Jobs & Employment,Hassan Sheikh Highlights Somalia’s Investment Opportunities in Egypt.,https://www.dawan.africa/hassan-sheikh-highlights-somalias-investment-opportunities-in-egypt,Dawan Africa,4 Oct 2026,,no,,,,no,no,1,7
Somalia,Jobs & Employment,Ilhan Omar,https://news.google.com/rss/articles/CBMiW0FVX3lxTFBHRFhEQVB3UWRwVENNbzFzenpDNWNIU29Tc3BDdWROOGU3cENkV0RjVDVTck11RzJGUHlDRjFET2Q1VV9nZUJkTktoaktDV1BQQTFsTDd6cFQ5Tkk?oc=5,Britannica,30 Sep 2026,,no,,,,no,yes,2,6
Somalia,Jobs & Employment,From early warning to earlier action: Predictive analytics for child undernutrition,https://news.google.com/rss/articles/CBMixAFBVV95cUxPUXUxdHJQRDh0LTlneHVheWRRQUd5MmZRMy1nRGJtTkE3YXROMGpGdjZoSGlvbzNZdVZlYk9jQ0d2VWMwNENFcjdLR2xfLU5sbmZzdjVqRjJ1c2tUM3VWbXhqVXNxSjR1OEU5V3ZjbXN2Yi1hdUFDdlZYWFVjX0J4QUN2Sk9JaENWMFJ1YjA4M3JoRXdnU005bFN0bkJfQ2JXVDRZTUtlRktLWDhjYi02dWhpWmNITjJRd1hqLVd3Y044anB6?oc=5,Devex,1 Oct 2026,,no,,,,no,yes,3,5
Somalia,Jobs & Employment,Somali President Pitches Investment Opportunities at Alamein-Africa Forum,https://shabellemedia.com/somali-president-pitches-investment-opportunities-at-alamein-africa-forum/,Shabelle Media,4 Oct 2026,,no,"ALAMEIN, Egypt — Somali President Hassan Sheikh Mohamud on Sunday called on African and international investors to explore investment opportunities in Somalia, saying the country was rebuilding its economy and was open to business.","Hassan was speaking at the Alamein-Africa Business Forum in the Egyptian coastal city of Alamein, which brought together African leaders, ministers, business executives, investors and financial institutions.","“Somalia is not only a country recovering from conflict; it is a country rebuilding and reforming its economy. We are open to trade and investment, and we welcome anyone ready to build with us,” Hassan said.",yes,no,4,6
Somalia,Macroeconomy,Somalia pitches trade and investment opportunities at Alamein Africa Forum,https://www.hiiraan.com/news4/2026/Oct/206441/somalia_pitches_trade_and_investment_opportunities_at_alamein_africa_forum.aspx,Hiiraan Online,5 Oct 2026,,no,"Alamein, Egypt (HOL) — Somali President Hassan Sheikh Mohamud called on African business leaders, international companies and investors to explore opportunities in Somalia, saying the country is rebuilding its economy and seeking productive partnerships.","President Hassan Sheikh made the remarks during the Alamein-Africa Business Forum in Alamein, Egypt on Saturday, an event attended by heads of state, ministers, business leaders, investors and financial institutions from across the continent.","In his address, the president discussed global economic and political shifts and emphasized the importance of African cooperation and economic integration.",yes,no,0,10
Somalia,Macroeconomy,Community Health Workers Emerge as Somalia’s Lifeline for Resilient Primary Care,https://bioengineer.org/community-health-workers-emerge-as-somalias-lifeline-for-resilient-primary-care/,Bioengineer.org,1 Oct 2026,,no,,,,no,no,1,7
Somalia,Macroeconomy,Qatar Reaffirms Support for Somalia at UN Human Rights Council,https://www.fananews.com/language/en/qatar-reaffirms-support-for-somalia-at-un-human-rights-council/,Fana News -,1 Oct 2026,,no,"Geneva, October 01 (QNA) – The State of Qatar has reaffirmed its support for the Federal Republic of Somalia’s government institutions and efforts to strengthen security and stability, sovereignty and territorial integrity.","Speaking during an interactive dialogue on a UN human rights report on assistance to Somalia, Qatar’s Acting Charge D’affaires to the UN Office in Geneva Abdulrahman bin Mohammed Fakhro said Doha stood with Somalia as it faced multiple challenges affecting its security, stability and economic development.",The statement was delivered during the 63rd session of the UN Human Rights Council in Geneva.,yes,no,3,7
Somalia,Macroeconomy,Somalia’s Customs Revenue Falls 40% as Hormuz Disruption Hits Trade,https://www.ftlsomalia.com/somalias-customs-revenue-falls-40-as-hormuz-disruption-hits-trade/,FTL Somalia,29 Sep 2026,,no,,,,no,no,4,4
Somalia,Macroeconomy,Somalia finance ministry concludes consultations on 2027 national budget,https://shabellemedia.com/somalia-finance-ministry-concludes-consultations-on-2027-national-budget/,Shabelle Media,30 Sep 2026,,no,"MOGADISHU, Somalia — Somalia’s Deputy Minister of Finance, Abdifatah Elmi Hange, has concluded an annual public consultation meeting on the government’s proposed 2027 national budget.",The two-day meeting in Mogadishu brought together participants from different sections of society to review the proposed framework for next year’s budget and provide recommendations on spending priorities.,"The consultations formed part of the government’s preparations for the 2027 national budget, with officials seeking public input on key priorities and the allocation of state resources.",yes,no,5,5
Somalia,Digital Economy,Somalia Opens EA-RDIP Implementation Review Meeting in Nairobi,https://sonna.so/en/somalia-opens-ea-rdip-implementation-review-meeting-in-nairobi,Somali National News Agency,29 Sep 2026,,no,"NAIROBI, (SONNA) — The Minister of Communications and Technology of Somalia, H.E. Mohamed Adam Moallim (Mohamed Somali), opened a meeting in Nairobi to review the implementation of the Eastern Africa Regional Digital Integration Project (EA-RDIP).","The meeting brings together officials and experts from the World Bank, Ministry of Communications and Technology, National Communications Authority (NCA), Data Protection Authority (DPA), Project Implementation Unit (PIU) and representatives of Somalia’s Federal Member States.","The project aims to advance digital connectivity, expand broadband infrastructure, facilitate data flows and strengthen digital integration across East Africa. It includes components focused on digital market integration, data infrastructure, digital services and project implementation support.",yes,no,0,10
Somalia,Digital Economy,Hormuud Telecom launches 5G in Somalia,https://www.connectingafrica.com/5g-networks/hormuud-telecom-launches-5g-in-somalia,Connecting Africa,11 Oct 2024,,no,Somali telecommunications operator Hormuud Telecom has launched its fifth-generation (5G) network in key locations in the East African country.,The telco said its 4G customers will receive upgrades to the next generation technology at no extra cost.,"""The network will initially be accessible in Mogadishu, Kismayo, Galkayo and Baidoa, as well as Dhusamareeb, Beledwayne, Afgoye, Merca and Dhobley, offering 81% coverage,"" the telco said in a statement.",yes,no,1,9
Somalia,Digital Economy,Somalia issues first spectrum license to Hormuud Telecom,https://www.connectingafrica.com/regulation/somalia-issues-first-spectrum-license-to-hormuud-telecom,Connecting Africa,11 Oct 2024,,no,"Somalia's National Communications Authority (NCA) has issued the country's first spectrum license to Hormuud Telecom, a step forward in the East African nation's regulatory environment formalization.",The country's mobile operators have been using spectrum for many years to run their networks but up until this point there was no formal licensing regime.,"In February 2022, the NCA established a Unified Licensing Framework and urged companies in the telecoms and ICT sectors to submit applications for spectrum licenses.",yes,no,2,8
Somalia,Digital Economy,Somali families face renewed violence amid worsening hunger crisis,https://news.google.com/rss/articles/CBMiV0FVX3lxTFAxcW1yWUU2NF9NVklHdDZhUUpUd2pQSW0zZzB1RjdkYXRpU00xTDE4RjV2NnFSS0MydllQeVZubUJsSkFFQzZkajExZmtBQnd6b2hPSjlzcw?oc=5,UN News,30 Sep 2026,,no,,,,no,yes,0,8
Somalia,Digital Economy,"Over 3,300 Civilian Casualties in US Airstrikes in Yemen, Syria, Iraq, and Somalia",https://thedefensepost.com/2026/10/02/civilian-casualties-us-airstrikes/,The Defense Post,2 Oct 2026,,no,,,,no,no,1,7
Somalia,Governance,Somalia’s ruling party wins 78 of 99 seats in HirShabelle election,https://somaliatoday.com/politics/somalias-ruling-party-wins-78-of-99-seats-in-hirshabelle-election-2026-10-04/,Somalia Today,4 Oct 2026,,no,,,,no,no,0,8
Somalia,Governance,Somalia: Al-Shabaab signs deal with Hawadle clan to end 4-year war,https://www.somaliguardian.com/news/somalia-news/somalia-al-shabaab-hawadle-deal-end-war-somalia/,Somali Guardian,4 Oct 2026,,no,,,,no,no,1,7
Somalia,Governance,Somalia and 14 Years of Indirect Elections: When will citizens reclaim their vote?,https://www.hiiraan.com/op4/2026/Oct/206438/somalia_and_14_years_of_indirect_elections_when_will_citizens_reclaim_their_vote.aspx,Hiiraan Online,4 Oct 2026,,no,"In 2012, Somalia adopted a constitution that established a federal political system and envisioned an electoral process in which citizens would ultimately participate directly in choosing their representatives. The expectation was that the country would gradually move elections in which citizens could exercise their political rights every four years.","Fourteen years later, however, Somalia remain trapped in the cycle of indirect elections.","When elections are concentrated in the hands of a limited number of delegates, the political power of the wider population is inevitably reduced. It also creates persistent concerns about money influencing votes, bribery and private interests shaping the electoral process.",yes,no,2,8
Somalia,Governance,Sheikh Ali Wajiis: Hawaadle Ugaas Has No Mandate to Engage in Elections,https://www.ftlsomalia.com/sheikh-ali-wajiis-hawaadle-ugaas-has-no-mandate-to-engage-in-elections/,FTL Somalia,4 Oct 2026,,no,,,,no,no,3,5
Somalia,Governance,HirShabelle and Galmudug Elections Stir Fresh Political Tensions in Somalia,https://www.garoweonline.com/en/news/somalia/hirshabelle-and-galmudug-elections-stir-fresh-political-tensions-in-somalia,Garowe Online,30 Sep 2026,,no,"BELEDWEYNE, Somalia — Hundreds of people took to the streets in the central Somali city of Beledweyne on Wednesday to protest planned elections in HirShabelle state, amid growing political tensions over the electoral process.","The demonstration was organised by political figures opposed to the candidacy of HirShabelle President Ali Gudlawe Hussein, who was recently issued a candidate card by the Justice and Unity Party (JSP).",Protesters said they rejected what they described as a one-sided electoral process being pursued in HirShabelle and called for an arrangement agreed upon by all political stakeholders.,yes,no,4,6
Somalia,Agrifood & Climate,Somalia health centers close as hunger and drought deepen - CARE,https://news.google.com/rss/articles/CBMihgFBVV95cUxPMnBEOV9ad1BOVmtOMlZtRTh4bkoyUnRDMTktZmtQYS1MR0FwZ0xDeHJhMkZZYlJmUGxGYnBmeC1ORzNFS3ZNZ0kzS1ZSMDdhMnhMMlN4NUVHc1RYeDcxWFV2SlUyQnJCNHRrcTFtYTlMUXVqbTJ5SkN3ZnVqc1hkaGtOd3NEZw?oc=5,care.org,30 Sep 2026,,no,,,,no,yes,0,8
Somalia,Agrifood & Climate,How colliding crises are shaping Somalia's hunger emergency,https://www.wfp.org/stories/how-colliding-crises-are-shaping-somalias-hunger-emergency,UN World Food Programme (WFP),29 Sep 2026,,no,"At the crowded Weidow health centre on Mogadishu’s outskirts, a health worker slips a special tape around the arm of 21-month-old Farhiya, cradled in her mother’s lap. It takes just seconds for the measurements to confirm the little girl with big eyes has moderate-acute malnutrition, becoming yet another casualty of Somalia ’s deepening hunger crisis.","“I didn’t even know my child was malnourished,” says Farhiya’s mother, Hawo, adding, “I hope I can get the support I need for my child to recover.” (As a displaced person, Hawo’s last name is being withheld for her protection).","That support is increasingly precarious, as severely limited resources collide with soaring needs. New expert hunger findings estimate 5.4 million people could face crisis or worse food insecurity in the Horn of Africa country, amid an El Niño -intensified October-December rainy season. That number includes nearly 1.5 million falling into emergency hunger. Even more alarming, 26,000 people in the south-central city of Baidoa face catastrophic food insecurity – the highest level on the hunger scale and putting them at risk of famine.",yes,no,1,9
Somalia,Agrifood & Climate,Hunger and malnutrition crises persist in Somalia,https://news.google.com/rss/articles/CBMidkFVX3lxTE5PQmFKSDRhUmJIWWtPRUFHNzh3alJOazdNOWRXZjgxTGZvQmZQSGxHMTRVMHNVZ1lHdXF1SG9QSllMSENEV1FwaEljdDJycnphekMtNnJtdEFUV21xUjk0RDRlV1J4eUt3RVNTVU02ZkRpSVdRTkE?oc=5,wfpusa.org,29 Sep 2026,,no,,,,no,yes,2,6
Somalia,Agrifood & Climate,Somalia Weekly Weather Forecast - Valid From 30 September to 6 October 2026,https://news.google.com/rss/articles/CBMipAFBVV95cUxNVWdWSmktTUxrT0FpWDRkOGJwNm5DUGJtZjloRTdQTHhVaWlRNmgxaVNTdFdjenpfWFJvQl9WZ2F4RVgxdUVyQ2JPQ1NsYjNDMk1JdjNMX0tQbmkzekhmQjYtanlCWk85dmNlOUpScjNjek1uSk9KQklDVURNdjdwWmV0ejgza3ZqMy1ocjI3ZHJGMmNYMXdIOXRVVkxYSlpuMGlQMg?oc=5,ReliefWeb,5 Oct 2026,,no,,,,no,yes,3,5
Somalia,Agrifood & Climate,Somalia: humanitarian needs rise as aid funding declines,https://news.google.com/rss/articles/CBMidEFVX3lxTE9XT1hTdkxyQTlHM2phNEMya18ydl80V1hrUjZ2QkNlVjkyOFM5bEZ2VmRHT1ZvV0Q3NHRZTlZkekRPMVdJeXVoNkRHbWRaZVlKTVFYYWlzX1ZrREZsSUtULVVZcFpPM1ljVmExM2g3OV9nVUdk?oc=5,Unric,29 Sep 2026,,no,,,,no,yes,5,3
Somalia,Workforce & Human Capital,"‘Thank You, Türkiye’: Demonstrations of solidarity continue across Somalia",https://www.trtafrika.com:443/english/article/518645f4b1d3,TRT Afrika,4 Oct 2026,,no,,,,no,no,0,8
Somalia,Workforce & Human Capital,Somalia’s only special needs school faces closure amid funding cuts,https://news.google.com/rss/articles/CBMiXEFVX3lxTFBCbEY4Ry1ibk1MS255RGFfUXc4U0lWb0piRUlfWnpIZFFHdFdQNGFteERDeV9MRkZtVlo2TndGTGxuaU5KQTZtOV92TFplR3g0VHNsbERTTWNrOUJ10gFcQVVfeXFMUEJsRjhHLWJuTUxLbnlEYV9RdzhTSVZvSmJFSV9aekhkUUd0V1A0YW14REN5X0xGRm1WWjZOd0ZMbG5pTkpBNm05X3ZMWmVHeDRUc2xsRFNNY2s5QnU?oc=5,Modern Ghana,4 Oct 2026,,no,,,,no,yes,1,7
Somalia,Workforce & Human Capital,Education Minister Meets Turkish Deputy Minister to Strengthen Academic Ties,https://www.ftlsomalia.com/education-minister-meets-turkish-deputy-minister-to-strengthen-academic-ties/,FTL Somalia,2 Oct 2026,,no,,,,no,no,3,5
Somalia,Workforce & Human Capital,"Somalia, Italy Strengthen Cooperation on Port Logistics and Youth Skills",https://sonna.so/en/article/Somalia-Tanzania-Speakers-Discuss-Strengthening-Parliamentary-Cooperation,Somali National News Agency,3 Oct 2026,Youth,no,"Arusha, (SONNA) — The Speaker of the House of the People of the Federal Parliament of Somalia, H.E. Abdulkadir Mohamed Nur, held a meeting with the Speaker of the Parliament of Tanzania, Hon. Mussa Azzam Zungu, in the city of Arusha, Tanzania, where they discussed strengthening relations and cooperation between the two parliaments.","The meeting specifically focused on strengthening parliamentary relations between the two countries, exchanging expertise and experience in legislation, and ways to further develop Somalia-Tanzania cooperation on matters of common interest.","The two Speakers also discussed the importance of strengthening the historical relations between Somalia and Tanzania, enhancing diplomatic cooperation, and supporting efforts to strengthen peace, stability, and integration among the countries of the East African region.",yes,no,5,5
Somalia,Workforce & Human Capital,Call for Applications: Chevening Scholarship Program (Somalia),https://news.google.com/rss/articles/CBMiowFBVV95cUxNZUw0SFByelBFb1NzRnZtXzJSM3dyNV9wZm5xY092WGV1VVR5bm1xc2ZqcTZ3RE0wSkFHVUgtUTJwLW5XaWp6aVRRN1EzeWxyZjM2WGRNekpCVFFwTkRmaGwzcDB4TzZsUFZuUTBrZUx3NmdmaE1tbEcxelplZjdfaGx0TWQ1YTFGeWN0bHdLakxjOWJYdFFLUlh6SVhBUGhkdURz0gGoAUFVX3lxTFB5eFlrcmhvVEQtbU52LVRvRzN6cVl4RWFycHF3QUVOQ3ljOTVNSGN4a0tCMFdhR21hVTh3U0pJNlFjOTZTekMzV0V2SkdTblVpejZQcEtWNm5scHd4V3dDc1R2TFBvWExnVFFiaWpIaUJVdXZYaGtyTWlyMkNKVTBCWGp0NTJVWG90T05IbElZQnVPZGlMb1RMUmtiRDJCZGx2dXdQQjJDNA?oc=5,fundsforNGOs,28 Sep 2026,,no,,,,no,yes,6,3
Tunisia,Jobs & Employment,New French law leads to thousands of call centre job losses in Morocco and Tunisia,https://uniglobalunion.org/news/new-french-law-leads-to-job-losses-in-morocco-and-tunisia/,UNI Global Union,30 Sep 2026,,no,,,,no,no,0,8
Tunisia,Jobs & Employment,"Counting the Cost of Plastic Pollution in Egypt, Morocco and Tunisia",https://news.google.com/rss/articles/CBMiqwFBVV95cUxNRHlBXzdlMVU2Ri0zQXBmYzRRQXBLaFZCd2MzR2VEczBLX0tCQzVzSURtYjFKS2VPT1B4WDl3WGExV1NiM1dfT1RSNWlXZzJFTGtuNWxIQWRocWc0eXRkZDFveTB4Z2Znb1hCR0I3WW1oUHVpMk9xbUFHWW9FSWI4aVE1VWxyWHk5UHVKUUhrd21SaDZPU3BMT0NxZ09VTDFCa0xlcDNIOThPTjA?oc=5,Greenpeace,2 Oct 2026,,no,,,,no,yes,1,7
Tunisia,Jobs & Employment,Top Middle East leaders - Mohamed Mehdi Haloui Tunisian National Tourist Office,https://www.breakingtravelnews.com/focus/article/top-middle-east-leaders-sandeep-walia-at-marriott-international/,breakingtravelnews.com,4 Oct 2026,,no,"Sandeep Walia’s career has developed inside one company, but not inside one market or one type of hotel. Since joining Marriott International in 2005, he has moved through finance, development and operational leadership, building a perspective that connects owner returns, brand standards and the daily realities of hotel teams. Walia has more than 25 years of international hospitality experience. He became chief operating officer for Marriott’s Middle East business in 2021 and added responsibility for luxury operations across Europe, the Middle East and Africa in 2024. In 2026, his remit expanded again to include sub-Saharan Africa and global leadership of Design Hotels, the collection of independent, design-led properties affiliated with Marriott.","The numbers explain the management challenge. Walia oversees more than 410 hotels and around 90,000 rooms across a region that includes mature tourism capitals, fast-growing Gulf markets, resort destinations and African cities with very different infrastructure and demand. Marriott opened 35 properties with about 6,500 rooms in the region during 2025 and is targeting significant additional growth in Africa. Saudi Arabia is a major engine. A 10-hotel agreement valued at about $1.33 billion illustrates how Marriott is using multiple brands to match new destinations and customer segments. Across the Gulf, the company is expanding luxury, select-service and extended-stay offerings while competing for owners with every major global group. Walia’s role is therefore as much about relationships as hotel operations. Marriott generally grows through management and franchise agreements, so owners provide the capital and expect performance. The operator must protect brand standards while adapting to local project economics. Walia’s grounding in finance helps him understand that tension, while his operational career keeps the guest and associate experience in view.","He has consistently argued for a people-first model. Hospitality growth in the region is creating intense competition for general managers, chefs, commercial leaders and frontline teams. Recruitment alone will not solve it. Training, mobility, local career pathways and inclusive leadership determine whether new hotels can deliver the service promised by their brands. Luxury adds another layer. Travellers increasingly expect personalisation, cultural connection and distinctive design rather than uniform formality. Walia must manage established flags such as Ritz-Carlton, St. Regis and JW Marriott while giving Design Hotels’ independent members room to preserve their identity. Scale creates distribution and loyalty benefits, but too much standardisation can erase the qualities that make a property desirable.",yes,no,2,8
Tunisia,Jobs & Employment,Soccer-Tunisia's Esperance appoint Spaniard Franco as coach,https://www.devdiscourse.com/stories/soccer-tunisias-esperance-appoint-spaniard-franco-as-coach/,devdiscourse.com,3 Oct 2026,,no,,,,no,no,3,5
Tunisia,Jobs & Employment,SA tourism losing ground to Morocco and Tunisia. Here’s what needs to change,https://news.google.com/rss/articles/CBMirAFBVV95cUxQY2Z0OGkzRmE2Q1VsN2ozd0pRNnNWenBKX0VJeTN6bDM3SE9rMnNac3A3TFUteTRpdWd4bmtjcXVhR2hqOExCRWd2bFlqcl80UUV3YmFabmxNLWhoY0hSQkxGQm9OYm5xTDdha3JRTlVuTHVIcTNXb3JwbjJMOXVxdmMtVDItbFhKRVUzQXhMeUZZZTQ0SFlYVDduYWQ0NlVSMmZBemltU0p3c25i?oc=5,ewn.co.za,2 Oct 2026,,no,,,,no,yes,4,4
Tunisia,Macroeconomy,"Tunisia’s food, water shortages overshadow economic growth",https://www.aa.com.tr/tunisias-food-water-shortages-overshadow-economic-growth/,aa.com.tr,30 Sep 2026,,no,,,,no,no,0,8
Tunisia,Macroeconomy,Apply Now: U.S. Embassy Economic Partnership Program (Tunisia),https://news.google.com/rss/articles/CBMiowFBVV95cUxQRDhQZzhUZm1mUy1qVzkxTW43cmNGX0NoSTJyUE93UmZYRVdWVFFoeXBuQVFFVkQxSU0xOGMxaklvTXZIWVJ6YWNvQjMyb2xFMl9XckFNcS0xVXV6anVxUy1DV0RnRzMzMTJsOXNCcE81UVNUcENfSkNWS1VZVUVnVl9wUmVKaU1relFIRHRvN3VYYVdSUDFfcWxkVjRZV2tKZWpR0gGoAUFVX3lxTE1nZ2JicVJobkNQN0VPX1o4U1cxUGl2dm9sUUc0enB6YVVsZDc4WEdrUDUtMksteUNTZDltV25mYTQ1MXI5ZURBcEVxM0p4RFJGSjRTZ1RLdGVhWnN2elJqclFybmdRSHc5dWQ0RnVIakRvNTFHeHdkbEdiZld4Q0h2RW5zNk0wQ3N2QW0yLXhJbk1QbWhkY1B0S05uVklUanVhWXE5R1VxVA?oc=5,fundsforNGOs,30 Sep 2026,,no,,,,no,yes,2,6
Tunisia,Macroeconomy,Tax burden: Tunisia among the highest in Africa,https://www.capmad.com/article/tax-burden-tunisia-among-the-highest-in-africa/,Capmad,28 Sep 2026,,no,,,,no,no,3,5
Tunisia,Macroeconomy,Tunisia’s food and water shortages overshadow economic growth,https://news.google.com/rss/articles/CBMinAFBVV95cUxPSS1aRHdNQURRN0VpZmUwcnp4dFhfcjc3UXZVcE1iWUdHaENKeTVCUi1OUUtCSzJsTmVJS0tmM2NRS2doODhydUdRSEVhSnZOQVlqd3lTYk81eE96anhnbk9Hak9RMmM3eFgxNFlfUjhrV1BsSm1jZ2VnME1yT3o1c29ObU16aU9aMWNYRC1JUFRBOUVVWmQ4RXlmUEo?oc=5,Operativ Məlumat Mərkəzi,30 Sep 2026,,no,,,,no,yes,4,4
Tunisia,Macroeconomy,Bangkok talks seek to bridge divisions over global plastics treaty,https://www.aa.com.tr/bangkok-talks-seek-to-bridge-divisions-over-global-plastics-treaty/,aa.com.tr,1 Oct 2026,,no,,,,no,no,5,3
Tunisia,Digital Economy,MIDE Celebrates Dr. Kulu Haruna After Presenting Letter of Credence as Nigeria’s Ambassador to Tunisia,https://news.google.com/rss/articles/CBMi2gFBVV95cUxPWHNJSnh5WWpZWlB1dmpXdThLSTlXZUhHNExKcW5tVHVsdlp4cmtxM1lsOUIxMzEtTldGMGtmMUxOZkxKeUg0aDlob1VLazVaWU95OEhDV1huSFlIX0R0a216LUZfNHhYdXByOC1CemR1YVdFN2psZFBQREYyVVptSTB0U2MtdW5XRHctYXQxdDlpemNZVWhXelNCS2t5Nk1aOGdkX3Y5REJWM01ESzBoUF9HdmxUR3NKc0tVb3cwUThMRFNUSGZ1SVJGYWNCekwwRndTQ0tlamQ3dw?oc=5,sokotostate.gov.ng,5 Oct 2026,,no,,,,no,yes,0,8
Tunisia,Digital Economy,Replit acquires AI analytics startup Atta,https://www.fwdstart.me/p/replit-acquires-ai-analytics-startup-atta,FWDStart,2 Oct 2026,,no,"Replit has acquired Atta, the Menlo Ventures-backed AI business analysis startup co-founded by Omar Shaik and Amine Ben Khalifa, closing a loop that opened with a cold email two years ago.","In a LinkedIn post, Shaik recounted how wrote to Masad asking him to invest in Atta, and Masad and CTO Michele Catasta, after seeing an early demo of Atta's charts and data apps on an infinite canvas, wrote a cheque the same day. Both founders now join Replit, while financial terms remain undisclosed.","Atta built tools for business teams to investigate performance without routing every question through specialist analytics workflows, examining KPI changes, modelling revenue scenarios, and exploring pricing and retention.",yes,no,0,10
Tunisia,Digital Economy,Tunisia cancel Mali friendly due to injuries,https://egyptian-gazette.com/sports/tunisia-cancel-mali-friendly-due-to-injuries/,Egyptian Gazette,30 Sep 2026,,no,Copyrights for © Egyptian Gazette - Administered by Digital Transformation Management.,Copyrights for © Egyptian Gazette - Administered by Digital Transformation Management.,,yes,no,1,9
Tunisia,Digital Economy,In Tunis: Italy-Tunisia Innovation Talks on AI and Energy Efficiency,https://news.google.com/rss/articles/CBMiiAJBVV95cUxQVURIR0pFT0JqR2JrSjdmZjVpMlphUHF3MGJDX2RvajhrQmdscDNDd2VNRV83QnhKYkY1VzA1QTRPamhEd3AydVB6UnU2dHMzTFJIenhxV1IwcGRHSWtYY2E4a3dsaXZpZ3RlU2UzaDBLN3ZYclVqdTdQa3lyeHZSV21xS0tzaWRYd2t2VFF5cVkyY3NIWkZZZTRMWjJMOUJyMTdzQ2lwVjJfZFNvVVJfeEhQYmZXaFhyOUV4VlJqVDNmUEV6SE5iRjJSZlRDaEsySTh4ZTlrV1hvUGpjZVMtRGcyUWY3R2g2Yl8yLWk0Rk1FTDdBSmxfcEljSUxEQzN3RVBtS3lYTDbSAYgCQVVfeXFMUFVESEdKRU9Cakdia0o3ZmY1aTJaYVBxdzBiQ19kb2o4a0JnbHAzQ3dlTUVfN0J4SmJGNVcwNUE0T2poRHdwMnVQelJ1NnRzM0xSSHp4cVdSMHBkR0lrWGNhOGt3bGl2aWd0ZVNlM2gwSzd2WHJVanU3UGt5cnh2UldtcUtLc2lkWHdrdlRReXFZMmNzSFpGWWU0TFoyTDlCcjE3c0NpcFYyX2RTb1VSX3hIUGJmV2hYcjlFeFZSalQzZlBFekhOYkYyUmZUQ2hLMkk4eGU5a1dYb1BqY2VTLURnMlFmN0doNmJfMi1pNEZNRUw3QUpsX3BJY0lMREMzd0VQbUt5WEw2?oc=5,ANSA,1 Oct 2026,,no,,,,no,yes,2,6
Tunisia,Digital Economy,Would AI lie to you? Research finds China’s AI agents can deceive users,https://news.google.com/rss/articles/CBMi7AFBVV95cUxOMFBBR0JHRDM4Wk5NU0RtSk4yWnh4MmVMZkQ0X2lrZ093Y2o4b2cxVzFZSVlKU2VWd2ZEUEtqdVE5aWVlZER3Y1NiczVsME0yZ1IzSFpBR21DdzhqckFyZmQtdG9xZzhHUi16RmJqRDVRSlZXMzFlcEttSFZpbWFDeU9CbTRLODBJYW5lR2ZaQXIxM3dtd2EtSzEza0N3a2EyRUwtR2RZZldkUzFacUNaajNIaVJ6ajN0eFp1cl9hNEwtMjhwbXJPbGN4MzlnTUpTaWF5MFpMeGRzeUQ2TWlobnVQRkpIakRuVEEwVg?oc=5,The Weekly Times,29 Sep 2026,,no,,,,no,yes,3,5
Tunisia,Governance,"Tunisia softens its ‘false news’ penalty. What really changed, and why now?",https://news.google.com/rss/articles/CBMisAFBVV95cUxOcTdSY0loM2hzQnphV3A2eHdMQTBVbndpTTE2LTExWkpCdXVaamxoMXlYRE5kYjYtaEpDaUczaUx1SFIwSl80dU1yWjFEYV9vOUhxYVpIbTk1SDNKaEpBaGRiNDRZODYtWkJLWkhSaVZoNmlxOGthTEdScXdnNTZrdWZOWnhwS2FNQmZ6WllYTkJSSkRZVzlvVDJwVlJuZkp0X1hRUTBQdHVmZDg3bjRxM9IBtgFBVV95cUxQS3BqREVFdHk0bUpPTWltekpjSGJjU3JRMmtxWF8xaGZkYW9YWGpiY3dBb2tFWEdPVWQyc3ZGOU5pNGF5RzQxSXF2b3VfWERNLUFCSWZuVnRDY1FwZHZWQndGTi0weTZVZFJva015T3c1Qkxob2dMZDlNYjAzOXhWamdCLXJEWDdVNTA4SG5KbnR4VnVqZGs5aF96T0YwUDFpYjRjNFlxbWFMVDRRQ2pRY0dwNmlGUQ?oc=5,Al Jazeera,2 Oct 2026,,no,,,,no,yes,0,8
Tunisia,Governance,Tunisian president eases cybercrime penalties after rights groups' criticism,https://news.google.com/rss/articles/CBMif0FVX3lxTE9MbHZrV0RLclpiWk5yQTlNcktCamlLSnF6SURkVUpzOTdKaGVKaktpaThxX3FCZks5QVdUUGVxQkY5STF6ckVIMVZiaGx4Y0lPUXptU3UtbnJ1TlRXY0FvN2tTcGhwZ2RfMmo0QlhVVmhUQ3Q3WjQ0dHU3RUhDdUU?oc=5,Rock Hill Herald,30 Sep 2026,,no,,,,no,yes,1,7
Tunisia,Governance,"Around the world, People fight for Palestine as Authorities crack Down",https://www.juancole.com/,Informed Comment,3 Oct 2026,,no,,,,no,no,2,6
Tunisia,Governance,"Haaretz | Israeli News, Politics & Culture",https://news.google.com/rss/articles/CBMiUkFVX3lxTE5aUGJKZS1zdlZycGgzN2dORmY2ajJhd0w2ZmdhZUxLeHZUNVdmWUVHVzJWLWNZclJCRE9rTHh5OFQ2WHd4elI1bWxQZThjZzV6SUE?oc=5,Britannica,2 Oct 2026,,no,,,,no,yes,3,5
Tunisia,Governance,Hunger striking Gaza activists’ lives in danger in Tunisia,https://news.google.com/rss/articles/CBMihwFBVV95cUxQeXl6UlR4WlNQTHlSS2ZOSDJkUHo4a0x4STg5ZXE2Q0JDcVZxN2U3NlV4bGZGMGJSSW02cEZvNHRWb1JtOFBPQ1QzQ1VJczY3YmY1Rk16MWJxNUJra3FZNUR2dnc5V2xZbG5FYk9yVGx4X2tzTWdPbnUtR1ZVMl9VX3pLYUl3bnc?oc=5,The New Arab,29 Sep 2026,,no,,,,no,yes,4,4
Tunisia,Agrifood & Climate,Mohamed Hamrouni,https://news.google.com/rss/articles/CBMifkFVX3lxTE11SUk5dl9kS2Q1bDN1dUo5RG03cXdaTGF2Q2hBZWhHM0hoQUxhSU1Bd3BYVTJadzIxLTkwV1NrZGZTMVR0dVgwc2JhVnM0cUF2YllfS3VnQkFVaHhxX0twdHdZdU5vcUxrelgzVVlxYmVweTBIYmtwY09fZUlWdw?oc=5,Food and Agriculture Organization,30 Sep 2026,,no,,,,no,yes,0,8
Tunisia,Agrifood & Climate,Nearly 40% of world population exposed to harmful ozone pollution in 2026: EU climate agency,https://www.aa.com.tr/nearly-40-of-world-population-exposed-to-harmful-ozone-pollution-in-2026-eu-climate-agency/,aa.com.tr,30 Sep 2026,,no,,,,no,no,1,7
Tunisia,Agrifood & Climate,"Burundi - Kirundi, French, Swahili",https://news.google.com/rss/articles/CBMiX0FVX3lxTFB3TVRoU2s4SEVibmdVeVVaUURoTTA3eExRNjRxbHNRazJ0UU1yd2JzX1VNMUh4eHFEb2gtWDZEUldldGxHcVpyS3JDSjJKNndTam9WTlUwb3FVVFA3LUdv?oc=5,Britannica,29 Sep 2026,,no,,,,no,yes,2,6
Tunisia,Agrifood & Climate,"Hurricane Polo makes landfall on Mexico's Pacific coast, heads toward Sonora",https://www.aa.com.tr/hurricane-polo-makes-landfall-on-mexicos-pacific-coast-heads-toward-sonora/,aa.com.tr,30 Sep 2026,,no,,,,no,no,3,5
Tunisia,Agrifood & Climate,Tunisia seeks modern solutions to curb water losses from dams,https://en.africanmanager.com/tunisia-seeks-modern-solutions-to-curb-water-losses-from-dams/,African Manager,3 Oct 2026,,no,,,,no,no,4,4
Tunisia,Workforce & Human Capital,"Rape case shocks Tunisia, revives death penalty debate",https://news.google.com/rss/articles/CBMikAFBVV95cUxNUzl4cVNFWEJnSXA3LXZraHBOejlDaTZUTktvMDQwaUNKQnJvVFpqR2YzV2wxams0Nlh6TThQVEx4bVNRZ3YySXdZVmtUd0dxTEhSa0IyY2dMeXRrdlUyZVdfMExtcmFGcEIxM1NhZXVzZzFINUZqWGFDS3hVaHZUYTdRSk1NNFExQ0pkNHRoT3E?oc=5,middle-east-online.com,29 Sep 2026,,no,,,,no,yes,0,8
Tunisia,Workforce & Human Capital,"Burundi - Labour, Taxation, Economy",https://news.google.com/rss/articles/CBMibEFVX3lxTE9sTUFpNTktRDN2c3QzaDFsTDRjN3VCS2dpbWduUDZvM0M0OURFYzB0T3ZTdkhkMkh4ZFpHQjFiN2tiSFg0TVlzZjBJb2hRSXJpRERSeVdfNkdOeXdzSEJsQzhwRWdZWS00VHg0ag?oc=5,Britannica,29 Sep 2026,,no,,,,no,yes,1,7
Tunisia,Workforce & Human Capital,Fatima Zahra El Mansouri named as Morocco's first female prime minister,https://news.google.com/rss/articles/CBMiW0FVX3lxTFBsMFZrUXpSU2tnV1dZM0haNmtnd1d5cFd2a0NfR1BlU3ZDbHVWTXBROXNaM0lNTmdXREJkbW95MlV3Z0VKcXJVRkJDVkhWenZLMWNpQXBKZS1VU2M?oc=5,BBC,29 Sep 2026,,no,,,,no,yes,2,13
Tunisia,Workforce & Human Capital,Faster genomic surveillance could strengthen infection control in Tunisia,https://news.google.com/rss/articles/CBMiuAFBVV95cUxPTncyVkVRWFd0SF9lUHY2S3RENDBmcml3eXNWX0NxdE5rVVg5a2NDRmR4Zm1VNllLY2JiOEU5XzVvejRfcTdOTGJ6X3hsYkt0WU1LSjA1TzNPWUNIUHlscExfZXJJeXYtdUphZGlnTFFrNjFzT0JlNGQxUEo5dEtuSDlOZ2dhblZvSWw2c0IyNE02MzEtQm90N18zSEpqOWhTdUMwbXhrUXFBV1ByU0NKYU5iVFJxVjNx?oc=5,The London School of Hygiene & Tropical Medicine,28 Sep 2026,,no,,,,no,yes,3,5
Tunisia,Workforce & Human Capital,Full List: Top 10 African countries with the highest tertiary enrolment rates,https://www.pulse.com.gh/story/full-list-top-10-african-countries-with-the-highest-tertiary-enrolment-rates-2026092917050665410,Pulse Ghana,30 Sep 2026,,no,,,,no,no,5,3
Western Sahara,Jobs & Employment,UNSC To Meet On Western Sahara Ahead Of MINURSO Vote,https://www.genocidewatch.com/single-post/unsc-to-meet-on-western-sahara-ahead-of-minurso-vote,Genocide Watch,2 Oct 2026,,no,,,,no,no,0,8
Western Sahara,Jobs & Employment,"Elghalia Djimi calls on Human Rights Council to implement Durban decisions, respect Geneva Conventions in Western Sahara",https://news.google.com/rss/articles/CBMiXkFVX3lxTFBOZTJPMk1xVzVDZEdqUlU0aThfZnFsazNaMnZRTElUQ3JPUmRwU0Y2dzQ3YksxLXdMWUxFSFlDRGdEa1NxU1Z2eXZNRVZoWFJrc0prWFlEb2k4UndLa1E?oc=5,وكالة الأنباء الصحراوية,2 Oct 2026,,no,,,,no,yes,1,7
Western Sahara,Jobs & Employment,Morocco Election Programs Put Social Promises Ahead of Political Reform,https://www.moroccoworldnews.com/2026/10/340598/morocco-election-programs-put-social-promises-ahead-of-political-reform/,Morocco World News,3 Oct 2026,,no,,,,no,no,2,6
Western Sahara,Jobs & Employment,Greta Thunberg in Zurich to discuss Western Sahara,https://account.srgssr.ch/signin/login?requestId=1bbe5894-982d-452d-be87-3815e3d21a1a&ui_locales=en&view_type=login,SWI swissinfo.ch,29 Sep 2026,,no,,,,no,no,3,5
Western Sahara,Jobs & Employment,Greta Thunberg Calls for Action on Western Sahara in Zurich,https://www.bluewin.ch/de/greta-thunberg-calls-for-action-on-western-sahara-in-zurich,bluewin.ch,29 Sep 2026,,no,,,,no,no,4,4
Western Sahara,Macroeconomy,"Overview, October 2026 Monthly Forecast",https://www.securitycouncilreport.org/monthly-forecast/2026-10/overview-94.php,UN Security Council Report,1 Oct 2026,,no,,,,no,no,1,7
Western Sahara,Macroeconomy,Attijariwafa Bank: The Moroccan King’s bank controlling the diaspora and funding Western Sahara exploitation,https://www.escudodigital.com/en/world/africa/attijariwafa-bank-the-moroccan-kings-bank-controlling-the-diaspora-and-funding-western-sahara-exploitation.html,Escudo Digital,3 Oct 2026,,no,,,,no,no,2,6
Western Sahara,Macroeconomy,"Chile, El Salvador Back Morocco’s Sahara Autonomy Plan at UN",https://www.moroccoworldnews.com/2026/10/340565/chile-el-salvador-back-moroccos-sahara-autonomy-plan-at-un/,Morocco World News,3 Oct 2026,,no,,,,no,no,3,5
Western Sahara,Macroeconomy,"Morocco - Agriculture, Tourism, Manufacturing",https://news.google.com/rss/articles/CBMiXEFVX3lxTE9FWC1lMGR6d0dwNThDRDl3QXNqdUJUaDZwMGVJakFaUmlMTmZrc2d2b3lJSHpPUFlORnFwOHFieGJwbW45NDc3bVJDN3pZT3FMamg0UkNkbTFjLXA0?oc=5,Britannica,2 Oct 2026,,no,,,,no,yes,4,4
Western Sahara,Macroeconomy,"Morocco pitches Western Sahara to Trump as a deal, not a favour",https://www.theafricareport.com/431903/morocco-pitches-western-sahara-to-trump-as-a-deal-not-a-favour/,The Africa Report,29 Sep 2026,,no,Join the top leaders who read The Africa Report every day,Morocco spent this year’s UN General Assembly trying to persuade Donald Trump that progress on Western Sahara would be an American win as well as a Moroccan one.,,yes,no,5,10
Western Sahara,Digital Economy,"Morocco - Mediterranean, Arid, Temperate",https://news.google.com/rss/articles/CBMiXEFVX3lxTFBJU1hMa0pDdHgtQ254QWtldlB3cEhLMmJTQ2Zsd1g2RUg3QVRORDlkWFlpYi10UTN3UVR0VTBsVkJNUHV6T1JtWUtxTWJnWFA5Qi1hTWt4alVlZ2Zy?oc=5,Britannica,2 Oct 2026,,no,,,,no,yes,0,8
Western Sahara,Digital Economy,Greta Thunberg says Morocco sabotaged Western Sahara debate in Zurich,https://account.srgssr.ch/signin/login?requestId=638b55a6-d9aa-4845-8881-f48c172ce6cb&ui_locales=en&view_type=login,SWI swissinfo.ch,1 Oct 2026,,no,,,,no,no,1,7
Western Sahara,Digital Economy,"Libya - Arid, Desert, Mediterranean",https://news.google.com/rss/articles/CBMiWkFVX3lxTE5DUHllcW5waExuUW44anJ4Si03ZG1zZ29tUS1XMW9UbG5RblRBdG94cTI4b09obDY1TmNoLW9KUnJIMkticUVMZGtOcVptZWJLMWhhLWtGZ2hEdw?oc=5,Britannica,2 Oct 2026,,no,,,,no,yes,2,6
Western Sahara,Digital Economy,"Tebboune Sets Out Algeria’s Economic, Diplomatic and Regional Priorities, From Growth and Diaspora Expertise to Niger and Western Sahara",https://news.google.com/rss/articles/CBMi9gFBVV95cUxONTJoOTA2ck1LU255RWo2d05MZU1FWnhJSVZwdHN3T2Rud3ZHbGJETWRCTkdWVVo0R3ROei03MmlZcmg0VU85TWkyMmtfS2FYb0NCMGFjUWVmcWJpamdQMDNBTDdmb2ZsRklQbW03SjJval8wb28xUnZMaGZzbkRYUXljUnhPWEtDZ2lkUXFXRXpSeUdUQlV4di1LQ2xwZEhyb3RsdDlXMEJZeUlNWldFV2xmaFphbjJxT3dJWl9BT1VnaUVEOU95ZHZscEJlNkkxVFNtZENuVFZJdXktcXZMeklqV0xsQjZwWm1hRy1qaUg0TVAzMHc?oc=5,dzair-tube.dz,3 Oct 2026,,no,,,,no,yes,4,11
Western Sahara,Digital Economy,"Ahmed Attaf at UNGA: Algeria Presses for a Fairer International Order, Palestinian Statehood, Western Sahara Self-Determination and Security Council Reform",https://www.dzair-tube.dz/ahmed-attaf-at-unga-algeria-presses-for-a-fairer-international-order-palestinian-statehood-western-sahara-self-determina,dzair-tube.dz,28 Sep 2026,,no,,,,no,no,5,3
Western Sahara,Governance,Amnesty International documents continued crackdown on Sahrawi activists in occupied territories,https://news.google.com/rss/articles/CBMiXkFVX3lxTE0weFFfWnp6UXZua24xTlkwTnhYLXZnWk0tbHJUVFhqZ3UzMEFKbEpUbDREbFNLU1RFalJkOUc2NE1tYmhFdUtOSDJJYm02TzRWUUVKX2tOMXgzWmtpTFE?oc=5,وكالة الأنباء الصحراوية,3 Oct 2026,,no,,,,no,yes,0,8
Western Sahara,Governance,Morocco’s pro-Palestine protests challenge Rabat’s deepening Israel ties,https://news.google.com/rss/articles/CBMisAFBVV95cUxOUzdsRGNQQWszdEMwTkVKOXNvajBLakt4d3JmOV9MaDJaQUoyZjUtck1Wb1RDVGpQQ0FUVDVOUXhwQTJmb3c3ZVBIcnctWTdTZTRUMFVWN1cwd3ZNeDdqWnBRVlRsMzFldGhDWTBXblYxbmxqMGlFd1FsWmRqOVYzb1FtZlJUNFJZRkN5WXdpNlZnX1BoWFpYbXhGdEFIZ3RVUWx4QWRxbUo2N3I5ZlZoX9IBtgFBVV95cUxPYWtOQkFoTmVESHZyOFJLSkVBeFpGbzhPbXRfaGhpQ0hReDV2bDNtU25ydHJiZl9RV1phemtfSXk1ZFZsdUd3eThQS0xaNzlYVGZkYXhVWGU5T3hHTWpQcFZwbFBsZzFIdFp0SExWdVZ2ckNETFRibHJDUTVIa1RucmFvUjBYSUFEU0RBYWR4Y21Sd0c3a2pYa1IwS0dHeHVuM1VQdFc3RG9HRlFyREtlX09SLWp5Zw?oc=5,Al Jazeera,30 Sep 2026,,no,,,,no,yes,1,7
Western Sahara,Governance,Morocco’s Historic Gender Equality Moment That Won’t Move the Needle,https://carnegieendowment.org/emissary/2026/10/morocco-female-prime-minister-el-mansouri-power,Carnegie Endowment for International Peace,1 Oct 2026,,no,"Acting Co-Director and Senior Fellow, Middle East Program","Carnegie does not take institutional positions on public policy issues; the views represented herein are those of the author(s) and do not necessarily reflect the views of Carnegie, its staff, or its trustees.",,yes,no,2,8
Western Sahara,Governance,Sahrawi Defender Protests over UN Decisions On Gdeim Izik,https://www.genocidewatch.com/single-post/sahrawi-defender-protests-over-un-decisions-on-gdeim-izik,Genocide Watch,1 Oct 2026,,no,,,,no,no,3,5
Western Sahara,Governance,Amnesty Report Documents Morocco's Sustained Spyware Campaign Against Civil Society,https://www.occrp.org/en/news/amnesty-report-documents-moroccos-sustained-spyware-campaign-against-civil-society,Organized Crime and Corruption Reporting Project,1 Oct 2026,,no,"Amnesty International has released a new report showing how, despite official denials, Moroccan authorities used surveillance spyware against civil society between 2017 and 2021, and possibly continued to use it later.","The rights watchdog’s report, titled “We start with the verdict” : Inside Morocco’s surveillance machine, details how the government deployed Israeli firm NSO Group’s Pegasus spyware to target civil society figures both domestically and abroad in what Amnesty described as “unlawful surveillance attacks.”","“The report presents extensive technical and forensic evidence confirming the DGST acquisition of Pegasus, confirms that civil society members were the primary target of Morocco from the very beginning of their Pegasus use in 2017,” Donncha Ó Cearbhaill, leader of the Security Lab told OCCRP.",yes,no,6,5
Western Sahara,Agrifood & Climate,"Global Weather Hazards Summary, October 01, 2026 – October 07, 2026",https://news.google.com/rss/articles/CBMingFBVV95cUxNaXQ0SUFvSUlmbmNtb0NwSVVkZTlSSW1NTlVpLUtSOW5HU2RmLUdYTmk2b1dDVHhxcHFQTHZnSFV0T1hsamdCLWNsalcwZG16a050eGc5Q1RVc0RncW54N1NjengwUHJYVWN3dmZLeGgyQUxkTS1zektDbWhQRzFHV3BUYkZmQlZGekhqTFhRQzVVX0YybzFhMmlvQ3JuZw?oc=5,ReliefWeb,30 Sep 2026,,no,,,,no,yes,1,7
Western Sahara,Agrifood & Climate,A Climate Change Rebrand,https://news.google.com/rss/articles/CBMikgFBVV95cUxQLVViaXZoZ0pZbjB5STVScVlSX0daWWxlN1BvZUdnUzhBbVE0cHctWC1DRTlyMC0wN19CekwzRnpaRGdnUVR2bFY2WVRqODg0bGRHT3VSLUtOVkEzQUtySkxRUE9zSUdWbThRWk5xVHJUMXluWmd1QnlESWNYNU5kMUZISmc5M1NPZVpEN2dLai1hZw?oc=5,The New York Times,1 Oct 2026,,no,,,,no,yes,2,6
Western Sahara,Agrifood & Climate,"Africa - Population, Diversity, Migration",https://news.google.com/rss/articles/CBMibEFVX3lxTE1WUE1WbHRfOGFpMHl0RXF6R05IRW9SSjVrZjlJMDUtYUl0eTNoakI0VzhHTHFsY3JJRWhVNDdpXzVveVV0dk9ob0RpNTluQ0l3UXBBb3JqcEZwWGE5VFhkVW5xb2hReHRpUXE5SA?oc=5,Britannica,2 Oct 2026,,no,,,,no,yes,5,3
Western Sahara,Agrifood & Climate,MRAP warns of situation of hunger-striking Sahrawi prisoners,https://news.google.com/rss/articles/CBMiXkFVX3lxTE1MenlIYjkxT3NBYnhpTzBBcVl4T2ItOXFaSTZwQ09CRGs1enlJQjlxczh3YzJNZDZTZy0yZ0dPLWVxY3lKVUFOU1AzRTFOc2cwTXJELXJnMHVEWkpVaVE?oc=5,وكالة الأنباء الصحراوية,2 Oct 2026,,no,,,,no,yes,0,15
Western Sahara,Agrifood & Climate,African Youth Congress renews its solidarity with Gdeim Izik hunger-striking detainees,https://news.google.com/rss/articles/CBMiXkFVX3lxTE5HSmwtVjlsMjVPUjJoN3ktbjl3VldLZmY3YVNaV3NjYzNTWnVTS2pyYXR4ZFdNRF9TaXBpVjE1eHlRcGVkT243SWRXa0cxWkZqMTJfV0o1V3JtT1BUVkE?oc=5,وكالة الأنباء الصحراوية,2 Oct 2026,Youth,no,,,,no,yes,2,6
Western Sahara,Workforce & Human Capital,UN Security Council to Meet on Western Sahara October 7-8 Ahead of MINURSO Vote,https://news.google.com/rss/articles/CBMixwFBVV95cUxOMW1MR1gyTThvWFZZbnlmaDM4YjlhYnZzNU5Cb2tYR1JTTEQyOXRWd2o3YmdnTmlOLXlBQ3lYU1Q2NFZNQkpGQ3kxeF9uZ3lXLThqbjdwaHRUbTE2aUl3UGN2SDZoZE9zdTVhVncycnVicEpUYmJudkJsSzE1T2kyUG5iQ2g5eTY2VnU3bTZsZGdtU2tWYk9va2ZNT09aTnpTLTNRYWFvOXoxU3ZHTGNDbGxwcWdSamxGampOWkVBYUhQc1VvNVdJ?oc=5,Morocco World News,2 Oct 2026,,no,,,,no,yes,1,7
Western Sahara,Workforce & Human Capital,Mohammed VI,https://news.google.com/rss/articles/CBMiXEFVX3lxTE55Vk44RE8tTElzcHhONkt4c0Q0akVmQnAtT3Y0OFgwNEJsM1VSTERkcW40TjRNSjdYOUlzQThhTUVHTkI5SzY4UFA2bkNTYkc3Y1VpSm45ODVlWmFs?oc=5,Britannica,29 Sep 2026,,no,,,,no,yes,2,6
Western Sahara,Workforce & Human Capital,"Transpolitical Spanish-Sahrawi Relations: Migration, Solidarity & Intimate Aid",https://news.google.com/rss/articles/CBMilgFBVV95cUxPOWlZdXA2R05OTWYyeDB5RlFwRlpjZVNYNU5McTZaS2N0cV9KTDNqREY1LWxQczc0UFFlLXNzSUc0T0NaT1JhMVctT3VKdXpOOU9fQ0dNQmM3Sm5DSTRja0lNek5ILUx6WUtQMWZ1YmktbWZ0UzIxaW40U21heDU4dGduR0JJTTBSR3ZfbXhkMHYyajR5X1E?oc=5,University of Waterloo,29 Sep 2026,,no,,,,no,yes,4,4
Western Sahara,Workforce & Human Capital,"Britain Rebuffs Sanctions Bid Over Western Sahara, Reaffirms Autonomy Plan",https://www.moroccoworldnews.com/2026/09/340313/britain-rebuffs-sanctions-bid-over-western-sahara-reaffirms-autonomy-plan/,Morocco World News,30 Sep 2026,,no,,,,no,no,5,3
Western Sahara,Workforce & Human Capital,Applications Open for GSMA Mobile for Humanitarian Innovation Fund!,https://news.google.com/rss/articles/CBMihwJBVV95cUxNaWg5RHpRY0Q5T1VhaU0zSWktQTFlRWREXzJkSjMwZUo0U2ZJVTZ2WHdYRVJGOGNJWHlIVGRTa2Q1VklVNnJwOGo4b0l2NjdaSGctQUZtTnlrSVd2TFpiZEhEaC0weERNR0E3WmFiYk83RWhyVWY1bUt6eUJqS0xGWjZza1JLZEk4TUplSVpIOWczM1pKT3ZJbWJJSmtCTFV4Y0U5WWxOM3BDZlUyZnZGakMzd2ozc2Z0RG1TQjZtLWx5d2syYnRzTmdFbkxjMDhQenRuVjR0dVVPSWVZbWpYdVI4SUVQUVVCWGpmZlEyb1ZhU0pmbXFCN0dXU3hlUDRDUi1yQXRNY9IB-wFBVV95cUxQNjB6b1piNjJ2ckRSaVByRWFOaTNNOXhWUnhBLVdvSWNQN3VJa1drMlVVdk81aU1Xb0JTdVZ5RUlnRC1kUEZHOGloNERuV1dKWWtyMEpiUEV4WDNpcFFWN3VtVEE3X01oVXYyb1Y5Vk9nNnFoMkREMU4wNHpCSVVBbmJ5Q1RqVlQ1cGRPS29IYzdqQ3RaYlFPLTM0NENfVjBqTzdOWEJwcXpzRjNnLVRPYmliaXpBOEdPTjNDSS1IOHRoRjA2T3o4ZlE2TmlqM2FtUkRNaGpOd0w3Y0VoVng3V0g1YjJRa1FGRW5ZM21hUEk4Sy1NY2RtNFBvVQ?oc=5,fundsforNGOs,3 Jun 2026,,no,,,,no,yes,6,3
